create table Account_ (
	accountId bigint not null primary key,
	companyId bigint,
	userId bigint,
	userName varchar(75) null,
	createDate timestamp null,
	modifiedDate timestamp null,
	parentAccountId bigint,
	name varchar(75) null,
	legalName varchar(75) null,
	legalId varchar(75) null,
	legalType varchar(75) null,
	sicCode varchar(75) null,
	tickerSymbol varchar(75) null,
	industry varchar(75) null,
	type_ varchar(75) null,
	size_ varchar(75) null
);

create table Address (
	addressId bigint not null primary key,
	companyId bigint,
	userId bigint,
	userName varchar(75) null,
	createDate timestamp null,
	modifiedDate timestamp null,
	classNameId bigint,
	classPK bigint,
	street1 varchar(75) null,
	street2 varchar(75) null,
	street3 varchar(75) null,
	city varchar(75) null,
	zip varchar(75) null,
	regionId bigint,
	countryId bigint,
	typeId integer,
	mailing tinyint,
	primary_ tinyint
);

create table AnnouncementsDelivery (
	deliveryId bigint not null primary key,
	companyId bigint,
	userId bigint,
	type_ varchar(75) null,
	email tinyint,
	sms tinyint,
	website tinyint
);

create table AnnouncementsEntry (
	uuid_ varchar(75) null,
	entryId bigint not null primary key,
	companyId bigint,
	userId bigint,
	userName varchar(75) null,
	createDate timestamp null,
	modifiedDate timestamp null,
	classNameId bigint,
	classPK bigint,
	title varchar(75) null,
	content varchar(1000) null,
	url varchar(1000) null,
	type_ varchar(75) null,
	displayDate timestamp null,
	expirationDate timestamp null,
	priority integer,
	alert tinyint
);

create table AnnouncementsFlag (
	flagId bigint not null primary key,
	userId bigint,
	createDate timestamp null,
	entryId bigint,
	value integer
);

create table BlogsEntry (
	uuid_ varchar(75) null,
	entryId bigint not null primary key,
	groupId bigint,
	companyId bigint,
	userId bigint,
	userName varchar(75) null,
	createDate timestamp null,
	modifiedDate timestamp null,
	title varchar(150) null,
	urlTitle varchar(150) null,
	content long varchar null,
	displayDate timestamp null,
	draft tinyint,
	allowTrackbacks tinyint,
	trackbacks long varchar null
);

create table BlogsStatsUser (
	statsUserId bigint not null primary key,
	groupId bigint,
	companyId bigint,
	userId bigint,
	entryCount integer,
	lastPostDate timestamp null,
	ratingsTotalEntries integer,
	ratingsTotalScore float,
	ratingsAverageScore float
);

create table BookmarksEntry (
	uuid_ varchar(75) null,
	entryId bigint not null primary key,
	groupId bigint,
	companyId bigint,
	userId bigint,
	createDate timestamp null,
	modifiedDate timestamp null,
	folderId bigint,
	name varchar(255) null,
	url varchar(1000) null,
	comments varchar(1000) null,
	visits integer,
	priority integer
);

create table BookmarksFolder (
	uuid_ varchar(75) null,
	folderId bigint not null primary key,
	groupId bigint,
	companyId bigint,
	userId bigint,
	createDate timestamp null,
	modifiedDate timestamp null,
	parentFolderId bigint,
	name varchar(75) null,
	description varchar(1000) null
);

create table BrowserTracker (
	browserTrackerId bigint not null primary key,
	userId bigint,
	browserKey bigint
);

create table CalEvent (
	uuid_ varchar(75) null,
	eventId bigint not null primary key,
	groupId bigint,
	companyId bigint,
	userId bigint,
	userName varchar(75) null,
	createDate timestamp null,
	modifiedDate timestamp null,
	title varchar(75) null,
	description varchar(1000) null,
	startDate timestamp null,
	endDate timestamp null,
	durationHour integer,
	durationMinute integer,
	allDay tinyint,
	timeZoneSensitive tinyint,
	type_ varchar(75) null,
	repeating tinyint,
	recurrence long varchar null,
	remindBy integer,
	firstReminder integer,
	secondReminder integer
);

create table ClassName_ (
	classNameId bigint not null primary key,
	value varchar(200) null
);

create table Company (
	companyId bigint not null primary key,
	accountId bigint,
	webId varchar(75) null,
	key_ long varchar null,
	virtualHost varchar(75) null,
	mx varchar(75) null,
	homeURL varchar(1000) null,
	logoId bigint,
	system tinyint
);

create table Contact_ (
	contactId bigint not null primary key,
	companyId bigint,
	userId bigint,
	userName varchar(75) null,
	createDate timestamp null,
	modifiedDate timestamp null,
	accountId bigint,
	parentContactId bigint,
	firstName varchar(75) null,
	middleName varchar(75) null,
	lastName varchar(75) null,
	prefixId integer,
	suffixId integer,
	male tinyint,
	birthday timestamp null,
	smsSn varchar(75) null,
	aimSn varchar(75) null,
	facebookSn varchar(75) null,
	icqSn varchar(75) null,
	jabberSn varchar(75) null,
	msnSn varchar(75) null,
	mySpaceSn varchar(75) null,
	skypeSn varchar(75) null,
	twitterSn varchar(75) null,
	ymSn varchar(75) null,
	employeeStatusId varchar(75) null,
	employeeNumber varchar(75) null,
	jobTitle varchar(100) null,
	jobClass varchar(75) null,
	hoursOfOperation varchar(75) null
);

create table Counter (
	name varchar(75) not null primary key,
	currentId bigint
);

create table Country (
	countryId bigint not null primary key,
	name varchar(75) null,
	a2 varchar(75) null,
	a3 varchar(75) null,
	number_ varchar(75) null,
	idd_ varchar(75) null,
	active_ tinyint
);

create table Customer (
	customerId integer not null primary key,
	name varchar(75) null
);

create table CyrusUser (
	userId varchar(75) not null primary key,
	password_ varchar(75) not null
);

create table CyrusVirtual (
	emailAddress varchar(75) not null primary key,
	userId varchar(75) not null
);

create table DLFileEntry (
	uuid_ varchar(75) null,
	fileEntryId bigint not null primary key,
	groupId bigint,
	companyId bigint,
	userId bigint,
	userName varchar(75) null,
	versionUserId bigint,
	versionUserName varchar(75) null,
	createDate timestamp null,
	modifiedDate timestamp null,
	folderId bigint,
	name varchar(255) null,
	title varchar(255) null,
	description varchar(1000) null,
	version float,
	size_ integer,
	readCount integer,
	extraSettings long varchar null
);

create table DLFileRank (
	fileRankId bigint not null primary key,
	groupId bigint,
	companyId bigint,
	userId bigint,
	createDate timestamp null,
	folderId bigint,
	name varchar(255) null
);

create table DLFileShortcut (
	uuid_ varchar(75) null,
	fileShortcutId bigint not null primary key,
	groupId bigint,
	companyId bigint,
	userId bigint,
	userName varchar(75) null,
	createDate timestamp null,
	modifiedDate timestamp null,
	folderId bigint,
	toFolderId bigint,
	toName varchar(255) null
);

create table DLFileVersion (
	fileVersionId bigint not null primary key,
	groupId bigint,
	companyId bigint,
	userId bigint,
	userName varchar(75) null,
	createDate timestamp null,
	folderId bigint,
	name varchar(255) null,
	version float,
	size_ integer
);

create table DLFolder (
	uuid_ varchar(75) null,
	folderId bigint not null primary key,
	groupId bigint,
	companyId bigint,
	userId bigint,
	userName varchar(75) null,
	createDate timestamp null,
	modifiedDate timestamp null,
	parentFolderId bigint,
	name varchar(100) null,
	description varchar(1000) null,
	lastPostDate timestamp null
);

create table EmailAddress (
	emailAddressId bigint not null primary key,
	companyId bigint,
	userId bigint,
	userName varchar(75) null,
	createDate timestamp null,
	modifiedDate timestamp null,
	classNameId bigint,
	classPK bigint,
	address varchar(75) null,
	typeId integer,
	primary_ tinyint
);

create table ExpandoColumn (
	columnId bigint not null primary key,
	companyId bigint,
	tableId bigint,
	name varchar(75) null,
	type_ integer,
	defaultData varchar(1000) null,
	typeSettings long varchar null
);

create table ExpandoRow (
	rowId_ bigint not null primary key,
	companyId bigint,
	tableId bigint,
	classPK bigint
);

create table ExpandoTable (
	tableId bigint not null primary key,
	companyId bigint,
	classNameId bigint,
	name varchar(75) null
);

create table ExpandoValue (
	valueId bigint not null primary key,
	companyId bigint,
	tableId bigint,
	columnId bigint,
	rowId_ bigint,
	classNameId bigint,
	classPK bigint,
	data_ varchar(1000) null
);

create table Group_ (
	groupId bigint not null primary key,
	companyId bigint,
	creatorUserId bigint,
	classNameId bigint,
	classPK bigint,
	parentGroupId bigint,
	liveGroupId bigint,
	name varchar(75) null,
	description varchar(1000) null,
	type_ integer,
	typeSettings varchar(1000) null,
	friendlyURL varchar(100) null,
	active_ tinyint
);

create table Groups_Orgs (
	groupId bigint not null,
	organizationId bigint not null,
	primary key (groupId, organizationId)
);

create table Groups_Permissions (
	groupId bigint not null,
	permissionId bigint not null,
	primary key (groupId, permissionId)
);

create table Groups_Roles (
	groupId bigint not null,
	roleId bigint not null,
	primary key (groupId, roleId)
);

create table Groups_UserGroups (
	groupId bigint not null,
	userGroupId bigint not null,
	primary key (groupId, userGroupId)
);

create table IGFolder (
	uuid_ varchar(75) null,
	folderId bigint not null primary key,
	groupId bigint,
	companyId bigint,
	userId bigint,
	createDate timestamp null,
	modifiedDate timestamp null,
	parentFolderId bigint,
	name varchar(75) null,
	description varchar(1000) null
);

create table IGImage (
	uuid_ varchar(75) null,
	imageId bigint not null primary key,
	groupId bigint,
	companyId bigint,
	userId bigint,
	createDate timestamp null,
	modifiedDate timestamp null,
	folderId bigint,
	name varchar(75) null,
	description varchar(1000) null,
	smallImageId bigint,
	largeImageId bigint,
	custom1ImageId bigint,
	custom2ImageId bigint
);

create table Image (
	imageId bigint not null primary key,
	modifiedDate timestamp null,
	text_ long varchar null,
	type_ varchar(75) null,
	height integer,
	width integer,
	size_ integer
);

create table Item (
	number_ integer not null primary key,
	code_ varchar(75) null,
	checksum varchar(75) null,
	lockoutDate timestamp null
);

create table JournalArticle (
	uuid_ varchar(75) null,
	id_ bigint not null primary key,
	resourcePrimKey bigint,
	groupId bigint,
	companyId bigint,
	userId bigint,
	userName varchar(75) null,
	createDate timestamp null,
	modifiedDate timestamp null,
	articleId varchar(75) null,
	version float,
	title varchar(100) null,
	urlTitle varchar(150) null,
	description varchar(1000) null,
	content long varchar null,
	type_ varchar(75) null,
	structureId varchar(75) null,
	templateId varchar(75) null,
	displayDate timestamp null,
	approved tinyint,
	approvedByUserId bigint,
	approvedByUserName varchar(75) null,
	approvedDate timestamp null,
	expired tinyint,
	expirationDate timestamp null,
	reviewDate timestamp null,
	indexable tinyint,
	smallImage tinyint,
	smallImageId bigint,
	smallImageURL varchar(75) null
);

create table JournalArticleImage (
	articleImageId bigint not null primary key,
	groupId bigint,
	articleId varchar(75) null,
	version float,
	elInstanceId varchar(75) null,
	elName varchar(75) null,
	languageId varchar(75) null,
	tempImage tinyint
);

create table JournalArticleResource (
	resourcePrimKey bigint not null primary key,
	groupId bigint,
	articleId varchar(75) null
);

create table JournalContentSearch (
	contentSearchId bigint not null primary key,
	groupId bigint,
	companyId bigint,
	privateLayout tinyint,
	layoutId bigint,
	portletId varchar(200) null,
	articleId varchar(75) null
);

create table JournalFeed (
	uuid_ varchar(75) null,
	id_ bigint not null primary key,
	groupId bigint,
	companyId bigint,
	userId bigint,
	userName varchar(75) null,
	createDate timestamp null,
	modifiedDate timestamp null,
	feedId varchar(75) null,
	name varchar(75) null,
	description varchar(1000) null,
	type_ varchar(75) null,
	structureId varchar(75) null,
	templateId varchar(75) null,
	rendererTemplateId varchar(75) null,
	delta integer,
	orderByCol varchar(75) null,
	orderByType varchar(75) null,
	targetLayoutFriendlyUrl varchar(75) null,
	targetPortletId varchar(75) null,
	contentField varchar(75) null,
	feedType varchar(75) null,
	feedVersion float
);

create table JournalStructure (
	uuid_ varchar(75) null,
	id_ bigint not null primary key,
	groupId bigint,
	companyId bigint,
	userId bigint,
	userName varchar(75) null,
	createDate timestamp null,
	modifiedDate timestamp null,
	structureId varchar(75) null,
	parentStructureId varchar(75) null,
	name varchar(75) null,
	description varchar(1000) null,
	xsd long varchar null
);

create table JournalTemplate (
	uuid_ varchar(75) null,
	id_ bigint not null primary key,
	groupId bigint,
	companyId bigint,
	userId bigint,
	userName varchar(75) null,
	createDate timestamp null,
	modifiedDate timestamp null,
	templateId varchar(75) null,
	structureId varchar(75) null,
	name varchar(75) null,
	description varchar(1000) null,
	xsl long varchar null,
	langType varchar(75) null,
	cacheable tinyint,
	smallImage tinyint,
	smallImageId bigint,
	smallImageURL varchar(75) null
);

create table Layout (
	plid bigint not null primary key,
	groupId bigint,
	companyId bigint,
	privateLayout tinyint,
	layoutId bigint,
	parentLayoutId bigint,
	name varchar(1000) null,
	title varchar(1000) null,
	description varchar(1000) null,
	type_ varchar(75) null,
	typeSettings long varchar null,
	hidden_ tinyint,
	friendlyURL varchar(100) null,
	iconImage tinyint,
	iconImageId bigint,
	themeId varchar(75) null,
	colorSchemeId varchar(75) null,
	wapThemeId varchar(75) null,
	wapColorSchemeId varchar(75) null,
	css varchar(1000) null,
	priority integer,
	dlFolderId bigint
);

create table LayoutSet (
	layoutSetId bigint not null primary key,
	groupId bigint,
	companyId bigint,
	privateLayout tinyint,
	logo tinyint,
	logoId bigint,
	themeId varchar(75) null,
	colorSchemeId varchar(75) null,
	wapThemeId varchar(75) null,
	wapColorSchemeId varchar(75) null,
	css varchar(1000) null,
	pageCount integer,
	virtualHost varchar(75) null
);

create table ListType (
	listTypeId integer not null primary key,
	name varchar(75) null,
	type_ varchar(75) null
);

create table Lot (
	code_ varchar(75) not null primary key,
	checksum varchar(75) null,
	lotNumber integer,
	number_ integer,
	pressed tinyint,
	nbTries integer,
	lockoutDate timestamp null,
	participantId bigint,
	reservationId bigint,
	partnerId bigint
);

create table LotReservation (
	reservationId bigint not null primary key,
	participantId bigint,
	numberLots integer,
	approved tinyint,
	reservationDate timestamp null
);

create table MBBan (
	banId bigint not null primary key,
	groupId bigint,
	companyId bigint,
	userId bigint,
	userName varchar(75) null,
	createDate timestamp null,
	modifiedDate timestamp null,
	banUserId bigint
);

create table MBCategory (
	uuid_ varchar(75) null,
	categoryId bigint not null primary key,
	groupId bigint,
	companyId bigint,
	userId bigint,
	userName varchar(75) null,
	createDate timestamp null,
	modifiedDate timestamp null,
	parentCategoryId bigint,
	name varchar(75) null,
	description varchar(1000) null,
	threadCount integer,
	messageCount integer,
	lastPostDate timestamp null
);

create table MBDiscussion (
	discussionId bigint not null primary key,
	classNameId bigint,
	classPK bigint,
	threadId bigint
);

create table MBMailingList (
	uuid_ varchar(75) null,
	mailingListId bigint not null primary key,
	groupId bigint,
	companyId bigint,
	userId bigint,
	userName varchar(75) null,
	createDate timestamp null,
	modifiedDate timestamp null,
	categoryId bigint,
	emailAddress varchar(75) null,
	inProtocol varchar(75) null,
	inServerName varchar(75) null,
	inServerPort integer,
	inUseSSL tinyint,
	inUserName varchar(75) null,
	inPassword varchar(75) null,
	inReadInterval integer,
	outEmailAddress varchar(75) null,
	outCustom tinyint,
	outServerName varchar(75) null,
	outServerPort integer,
	outUseSSL tinyint,
	outUserName varchar(75) null,
	outPassword varchar(75) null,
	active_ tinyint
);

create table MBMessage (
	uuid_ varchar(75) null,
	messageId bigint not null primary key,
	groupId bigint,
	companyId bigint,
	userId bigint,
	userName varchar(75) null,
	createDate timestamp null,
	modifiedDate timestamp null,
	classNameId bigint,
	classPK bigint,
	categoryId bigint,
	threadId bigint,
	parentMessageId bigint,
	subject varchar(75) null,
	body long varchar null,
	attachments tinyint,
	anonymous tinyint,
	priority float
);

create table MBMessageFlag (
	messageFlagId bigint not null primary key,
	userId bigint,
	modifiedDate timestamp null,
	threadId bigint,
	messageId bigint,
	flag integer
);

create table MBStatsUser (
	statsUserId bigint not null primary key,
	groupId bigint,
	userId bigint,
	messageCount integer,
	lastPostDate timestamp null
);

create table MBThread (
	threadId bigint not null primary key,
	groupId bigint,
	categoryId bigint,
	rootMessageId bigint,
	messageCount integer,
	viewCount integer,
	lastPostByUserId bigint,
	lastPostDate timestamp null,
	priority float
);

create table MembershipRequest (
	membershipRequestId bigint not null primary key,
	companyId bigint,
	userId bigint,
	createDate timestamp null,
	groupId bigint,
	comments varchar(1000) null,
	replyComments varchar(1000) null,
	replyDate timestamp null,
	replierUserId bigint,
	statusId integer
);

create table Organization_ (
	organizationId bigint not null primary key,
	companyId bigint,
	parentOrganizationId bigint,
	leftOrganizationId bigint,
	rightOrganizationId bigint,
	name varchar(100) null,
	type_ varchar(75) null,
	recursable tinyint,
	regionId bigint,
	countryId bigint,
	statusId integer,
	comments varchar(1000) null
);

create table OrgGroupPermission (
	organizationId bigint not null,
	groupId bigint not null,
	permissionId bigint not null,
	primary key (organizationId, groupId, permissionId)
);

create table OrgGroupRole (
	organizationId bigint not null,
	groupId bigint not null,
	roleId bigint not null,
	primary key (organizationId, groupId, roleId)
);

create table OrgLabor (
	orgLaborId bigint not null primary key,
	organizationId bigint,
	typeId integer,
	sunOpen integer,
	sunClose integer,
	monOpen integer,
	monClose integer,
	tueOpen integer,
	tueClose integer,
	wedOpen integer,
	wedClose integer,
	thuOpen integer,
	thuClose integer,
	friOpen integer,
	friClose integer,
	satOpen integer,
	satClose integer
);

create table Participant (
	participantId bigint not null primary key,
	emailAddress varchar(75) null,
	mobileNumber varchar(75) null,
	firstName varchar(75) null,
	lastName varchar(75) null,
	contestParticipant tinyint,
	mercedesDriver tinyint,
	carBrand varchar(75) null,
	mercedesOld tinyint
);

create table Participant_Lots (
	participantId bigint not null,
	number_ bigint not null,
	primary key (participantId, number)
);

create table Partner (
	partnerId bigint not null primary key,
	category varchar(75) null,
	name varchar(75) null,
	returnedLotsCount integer
);

create table PasswordPolicy (
	passwordPolicyId bigint not null primary key,
	companyId bigint,
	userId bigint,
	userName varchar(75) null,
	createDate timestamp null,
	modifiedDate timestamp null,
	defaultPolicy tinyint,
	name varchar(75) null,
	description varchar(1000) null,
	changeable tinyint,
	changeRequired tinyint,
	minAge bigint,
	checkSyntax tinyint,
	allowDictionaryWords tinyint,
	minLength integer,
	history tinyint,
	historyCount integer,
	expireable tinyint,
	maxAge bigint,
	warningTime bigint,
	graceLimit integer,
	lockout tinyint,
	maxFailure integer,
	lockoutDuration bigint,
	requireUnlock tinyint,
	resetFailureCount bigint
);

create table PasswordPolicyRel (
	passwordPolicyRelId bigint not null primary key,
	passwordPolicyId bigint,
	classNameId bigint,
	classPK bigint
);

create table PasswordTracker (
	passwordTrackerId bigint not null primary key,
	userId bigint,
	createDate timestamp null,
	password_ varchar(75) null
);

create table Permission_ (
	permissionId bigint not null primary key,
	companyId bigint,
	actionId varchar(75) null,
	resourceId bigint
);

create table Phone (
	phoneId bigint not null primary key,
	companyId bigint,
	userId bigint,
	userName varchar(75) null,
	createDate timestamp null,
	modifiedDate timestamp null,
	classNameId bigint,
	classPK bigint,
	number_ varchar(75) null,
	extension varchar(75) null,
	typeId integer,
	primary_ tinyint
);

create table PluginSetting (
	pluginSettingId bigint not null primary key,
	companyId bigint,
	pluginId varchar(75) null,
	pluginType varchar(75) null,
	roles varchar(1000) null,
	active_ tinyint
);

create table PollsChoice (
	uuid_ varchar(75) null,
	choiceId bigint not null primary key,
	questionId bigint,
	name varchar(75) null,
	description varchar(1000) null
);

create table PollsQuestion (
	uuid_ varchar(75) null,
	questionId bigint not null primary key,
	groupId bigint,
	companyId bigint,
	userId bigint,
	userName varchar(75) null,
	createDate timestamp null,
	modifiedDate timestamp null,
	title varchar(500) null,
	description varchar(1000) null,
	expirationDate timestamp null,
	lastVoteDate timestamp null
);

create table PollsVote (
	voteId bigint not null primary key,
	userId bigint,
	questionId bigint,
	choiceId bigint,
	voteDate timestamp null
);

create table Portlet (
	id_ bigint not null primary key,
	companyId bigint,
	portletId varchar(200) null,
	roles varchar(1000) null,
	active_ tinyint
);

create table PortletItem (
	portletItemId bigint not null primary key,
	groupId bigint,
	companyId bigint,
	userId bigint,
	userName varchar(75) null,
	createDate timestamp null,
	modifiedDate timestamp null,
	name varchar(75) null,
	portletId varchar(75) null,
	classNameId bigint
);

create table PortletPreferences (
	portletPreferencesId bigint not null primary key,
	ownerId bigint,
	ownerType integer,
	plid bigint,
	portletId varchar(200) null,
	preferences long varchar null
);

create table RatingsEntry (
	entryId bigint not null primary key,
	companyId bigint,
	userId bigint,
	userName varchar(75) null,
	createDate timestamp null,
	modifiedDate timestamp null,
	classNameId bigint,
	classPK bigint,
	score float
);

create table RatingsStats (
	statsId bigint not null primary key,
	classNameId bigint,
	classPK bigint,
	totalEntries integer,
	totalScore float,
	averageScore float
);

create table Region (
	regionId bigint not null primary key,
	countryId bigint,
	regionCode varchar(75) null,
	name varchar(75) null,
	active_ tinyint
);

create table Release_ (
	releaseId bigint not null primary key,
	createDate timestamp null,
	modifiedDate timestamp null,
	buildNumber integer,
	buildDate timestamp null,
	verified tinyint,
	testString varchar(1024) null
);

create table Resource_ (
	resourceId bigint not null primary key,
	codeId bigint,
	primKey varchar(255) null
);

create table ResourceAction (
	resourceActionId bigint not null primary key,
	name varchar(75) null,
	actionId varchar(75) null,
	bitwiseValue bigint
);

create table ResourceCode (
	codeId bigint not null primary key,
	companyId bigint,
	name varchar(255) null,
	scope integer
);

create table ResourcePermission (
	resourcePermissionId bigint not null primary key,
	companyId bigint,
	name varchar(255) null,
	scope integer,
	primKey varchar(255) null,
	roleId bigint,
	actionIds bigint
);

create table Role_ (
	roleId bigint not null primary key,
	companyId bigint,
	classNameId bigint,
	classPK bigint,
	name varchar(75) null,
	title varchar(1000) null,
	description varchar(1000) null,
	type_ integer,
	subtype varchar(75) null
);

create table Roles_Permissions (
	roleId bigint not null,
	permissionId bigint not null,
	primary key (roleId, permissionId)
);

create table SCFrameworkVersi_SCProductVers (
	frameworkVersionId bigint not null,
	productVersionId bigint not null,
	primary key (frameworkVersionId, productVersionId)
);

create table SCFrameworkVersion (
	frameworkVersionId bigint not null primary key,
	groupId bigint,
	companyId bigint,
	userId bigint,
	userName varchar(75) null,
	createDate timestamp null,
	modifiedDate timestamp null,
	name varchar(75) null,
	url varchar(1000) null,
	active_ tinyint,
	priority integer
);

create table SCLicense (
	licenseId bigint not null primary key,
	name varchar(75) null,
	url varchar(1000) null,
	openSource tinyint,
	active_ tinyint,
	recommended tinyint
);

create table SCLicenses_SCProductEntries (
	licenseId bigint not null,
	productEntryId bigint not null,
	primary key (licenseId, productEntryId)
);

create table SCProductEntry (
	productEntryId bigint not null primary key,
	groupId bigint,
	companyId bigint,
	userId bigint,
	userName varchar(75) null,
	createDate timestamp null,
	modifiedDate timestamp null,
	name varchar(75) null,
	type_ varchar(75) null,
	tags varchar(255) null,
	shortDescription varchar(1000) null,
	longDescription varchar(1000) null,
	pageURL varchar(1000) null,
	author varchar(75) null,
	repoGroupId varchar(75) null,
	repoArtifactId varchar(75) null
);

create table SCProductScreenshot (
	productScreenshotId bigint not null primary key,
	companyId bigint,
	groupId bigint,
	productEntryId bigint,
	thumbnailId bigint,
	fullImageId bigint,
	priority integer
);

create table SCProductVersion (
	productVersionId bigint not null primary key,
	companyId bigint,
	userId bigint,
	userName varchar(75) null,
	createDate timestamp null,
	modifiedDate timestamp null,
	productEntryId bigint,
	version varchar(75) null,
	changeLog varchar(1000) null,
	downloadPageURL varchar(1000) null,
	directDownloadURL varchar(2000) null,
	repoStoreArtifact tinyint
);

create table ServiceComponent (
	serviceComponentId bigint not null primary key,
	buildNamespace varchar(75) null,
	buildNumber bigint,
	buildDate bigint,
	data_ long varchar null
);

create table Shard (
	shardId bigint not null primary key,
	classNameId bigint,
	classPK bigint,
	name varchar(75) null
);

create table ShoppingCart (
	cartId bigint not null primary key,
	groupId bigint,
	companyId bigint,
	userId bigint,
	userName varchar(75) null,
	createDate timestamp null,
	modifiedDate timestamp null,
	itemIds varchar(1000) null,
	couponCodes varchar(75) null,
	altShipping integer,
	insure tinyint
);

create table ShoppingCategory (
	categoryId bigint not null primary key,
	groupId bigint,
	companyId bigint,
	userId bigint,
	userName varchar(75) null,
	createDate timestamp null,
	modifiedDate timestamp null,
	parentCategoryId bigint,
	name varchar(75) null,
	description varchar(1000) null
);

create table ShoppingCoupon (
	couponId bigint not null primary key,
	groupId bigint,
	companyId bigint,
	userId bigint,
	userName varchar(75) null,
	createDate timestamp null,
	modifiedDate timestamp null,
	code_ varchar(75) null,
	name varchar(75) null,
	description varchar(1000) null,
	startDate timestamp null,
	endDate timestamp null,
	active_ tinyint,
	limitCategories varchar(1000) null,
	limitSkus varchar(1000) null,
	minOrder float,
	discount float,
	discountType varchar(75) null
);

create table ShoppingItem (
	itemId bigint not null primary key,
	companyId bigint,
	userId bigint,
	userName varchar(75) null,
	createDate timestamp null,
	modifiedDate timestamp null,
	categoryId bigint,
	sku varchar(75) null,
	name varchar(200) null,
	description varchar(1000) null,
	properties varchar(1000) null,
	fields_ tinyint,
	fieldsQuantities varchar(1000) null,
	minQuantity integer,
	maxQuantity integer,
	price float,
	discount float,
	taxable tinyint,
	shipping float,
	useShippingFormula tinyint,
	requiresShipping tinyint,
	stockQuantity integer,
	featured_ tinyint,
	sale_ tinyint,
	smallImage tinyint,
	smallImageId bigint,
	smallImageURL varchar(75) null,
	mediumImage tinyint,
	mediumImageId bigint,
	mediumImageURL varchar(75) null,
	largeImage tinyint,
	largeImageId bigint,
	largeImageURL varchar(75) null
);

create table ShoppingItemField (
	itemFieldId bigint not null primary key,
	itemId bigint,
	name varchar(75) null,
	values_ varchar(1000) null,
	description varchar(1000) null
);

create table ShoppingItemPrice (
	itemPriceId bigint not null primary key,
	itemId bigint,
	minQuantity integer,
	maxQuantity integer,
	price float,
	discount float,
	taxable tinyint,
	shipping float,
	useShippingFormula tinyint,
	status integer
);

create table ShoppingOrder (
	orderId bigint not null primary key,
	groupId bigint,
	companyId bigint,
	userId bigint,
	userName varchar(75) null,
	createDate timestamp null,
	modifiedDate timestamp null,
	number_ varchar(75) null,
	tax float,
	shipping float,
	altShipping varchar(75) null,
	requiresShipping tinyint,
	insure tinyint,
	insurance float,
	couponCodes varchar(75) null,
	couponDiscount float,
	billingFirstName varchar(75) null,
	billingLastName varchar(75) null,
	billingEmailAddress varchar(75) null,
	billingCompany varchar(75) null,
	billingStreet varchar(75) null,
	billingCity varchar(75) null,
	billingState varchar(75) null,
	billingZip varchar(75) null,
	billingCountry varchar(75) null,
	billingPhone varchar(75) null,
	shipToBilling tinyint,
	shippingFirstName varchar(75) null,
	shippingLastName varchar(75) null,
	shippingEmailAddress varchar(75) null,
	shippingCompany varchar(75) null,
	shippingStreet varchar(75) null,
	shippingCity varchar(75) null,
	shippingState varchar(75) null,
	shippingZip varchar(75) null,
	shippingCountry varchar(75) null,
	shippingPhone varchar(75) null,
	ccName varchar(75) null,
	ccType varchar(75) null,
	ccNumber varchar(75) null,
	ccExpMonth integer,
	ccExpYear integer,
	ccVerNumber varchar(75) null,
	comments varchar(1000) null,
	ppTxnId varchar(75) null,
	ppPaymentStatus varchar(75) null,
	ppPaymentGross float,
	ppReceiverEmail varchar(75) null,
	ppPayerEmail varchar(75) null,
	sendOrderEmail tinyint,
	sendShippingEmail tinyint
);

create table ShoppingOrderItem (
	orderItemId bigint not null primary key,
	orderId bigint,
	itemId varchar(75) null,
	sku varchar(75) null,
	name varchar(200) null,
	description varchar(1000) null,
	properties varchar(1000) null,
	price float,
	quantity integer,
	shippedDate timestamp null
);

create table SocialActivity (
	activityId bigint not null primary key,
	groupId bigint,
	companyId bigint,
	userId bigint,
	createDate bigint,
	mirrorActivityId bigint,
	classNameId bigint,
	classPK bigint,
	type_ integer,
	extraData varchar(1000) null,
	receiverUserId bigint
);

create table SocialRelation (
	uuid_ varchar(75) null,
	relationId bigint not null primary key,
	companyId bigint,
	createDate bigint,
	userId1 bigint,
	userId2 bigint,
	type_ integer
);

create table SocialRequest (
	uuid_ varchar(75) null,
	requestId bigint not null primary key,
	groupId bigint,
	companyId bigint,
	userId bigint,
	createDate bigint,
	modifiedDate bigint,
	classNameId bigint,
	classPK bigint,
	type_ integer,
	extraData varchar(1000) null,
	receiverUserId bigint,
	status integer
);

create table Subscription (
	subscriptionId bigint not null primary key,
	companyId bigint,
	userId bigint,
	userName varchar(75) null,
	createDate timestamp null,
	modifiedDate timestamp null,
	classNameId bigint,
	classPK bigint,
	frequency varchar(75) null
);

create table TagsAsset (
	assetId bigint not null primary key,
	groupId bigint,
	companyId bigint,
	userId bigint,
	userName varchar(75) null,
	createDate timestamp null,
	modifiedDate timestamp null,
	classNameId bigint,
	classPK bigint,
	visible tinyint,
	startDate timestamp null,
	endDate timestamp null,
	publishDate timestamp null,
	expirationDate timestamp null,
	mimeType varchar(75) null,
	title varchar(255) null,
	description varchar(1000) null,
	summary varchar(1000) null,
	url varchar(1000) null,
	height integer,
	width integer,
	priority float,
	viewCount integer
);

create table TagsAssets_TagsEntries (
	assetId bigint not null,
	entryId bigint not null,
	primary key (assetId, entryId)
);

create table TagsEntry (
	entryId bigint not null primary key,
	groupId bigint,
	companyId bigint,
	userId bigint,
	userName varchar(75) null,
	createDate timestamp null,
	modifiedDate timestamp null,
	parentEntryId bigint,
	name varchar(75) null,
	vocabularyId bigint
);

create table TagsProperty (
	propertyId bigint not null primary key,
	companyId bigint,
	userId bigint,
	userName varchar(75) null,
	createDate timestamp null,
	modifiedDate timestamp null,
	entryId bigint,
	key_ varchar(75) null,
	value varchar(255) null
);

create table TagsSource (
	sourceId bigint not null primary key,
	parentSourceId bigint,
	name varchar(75) null,
	acronym varchar(75) null
);

create table TagsVocabulary (
	vocabularyId bigint not null primary key,
	groupId bigint,
	companyId bigint,
	userId bigint,
	userName varchar(75) null,
	createDate timestamp null,
	modifiedDate timestamp null,
	name varchar(75) null,
	description varchar(75) null,
	folksonomy tinyint
);

create table TasksProposal (
	proposalId bigint not null primary key,
	groupId bigint,
	companyId bigint,
	userId bigint,
	userName varchar(75) null,
	createDate timestamp null,
	modifiedDate timestamp null,
	classNameId bigint,
	classPK varchar(75) null,
	name varchar(75) null,
	description varchar(1000) null,
	publishDate timestamp null,
	dueDate timestamp null
);

create table TasksReview (
	reviewId bigint not null primary key,
	groupId bigint,
	companyId bigint,
	userId bigint,
	userName varchar(75) null,
	createDate timestamp null,
	modifiedDate timestamp null,
	proposalId bigint,
	assignedByUserId bigint,
	assignedByUserName varchar(75) null,
	stage integer,
	completed tinyint,
	rejected tinyint
);

create table User_ (
	uuid_ varchar(75) null,
	userId bigint not null primary key,
	companyId bigint,
	createDate timestamp null,
	modifiedDate timestamp null,
	defaultUser tinyint,
	contactId bigint,
	password_ varchar(75) null,
	passwordEncrypted tinyint,
	passwordReset tinyint,
	passwordModifiedDate timestamp null,
	reminderQueryQuestion varchar(75) null,
	reminderQueryAnswer varchar(75) null,
	graceLoginCount integer,
	screenName varchar(75) null,
	emailAddress varchar(75) null,
	openId varchar(1024) null,
	portraitId bigint,
	languageId varchar(75) null,
	timeZoneId varchar(75) null,
	greeting varchar(255) null,
	comments varchar(1000) null,
	firstName varchar(75) null,
	middleName varchar(75) null,
	lastName varchar(75) null,
	jobTitle varchar(100) null,
	loginDate timestamp null,
	loginIP varchar(75) null,
	lastLoginDate timestamp null,
	lastLoginIP varchar(75) null,
	lastFailedLoginDate timestamp null,
	failedLoginAttempts integer,
	lockout tinyint,
	lockoutDate timestamp null,
	agreedToTermsOfUse tinyint,
	active_ tinyint
);

create table UserGroup (
	userGroupId bigint not null primary key,
	companyId bigint,
	parentUserGroupId bigint,
	name varchar(75) null,
	description varchar(1000) null
);

create table UserGroupGroupRole (
	userGroupId bigint not null,
	groupId bigint not null,
	roleId bigint not null,
	primary key (userGroupId, groupId, roleId)
);

create table UserGroupRole (
	userId bigint not null,
	groupId bigint not null,
	roleId bigint not null,
	primary key (userId, groupId, roleId)
);

create table UserIdMapper (
	userIdMapperId bigint not null primary key,
	userId bigint,
	type_ varchar(75) null,
	description varchar(75) null,
	externalUserId varchar(75) null
);

create table Users_Groups (
	userId bigint not null,
	groupId bigint not null,
	primary key (userId, groupId)
);

create table Users_Orgs (
	userId bigint not null,
	organizationId bigint not null,
	primary key (userId, organizationId)
);

create table Users_Permissions (
	userId bigint not null,
	permissionId bigint not null,
	primary key (userId, permissionId)
);

create table Users_Roles (
	userId bigint not null,
	roleId bigint not null,
	primary key (userId, roleId)
);

create table Users_UserGroups (
	userGroupId bigint not null,
	userId bigint not null,
	primary key (userGroupId, userId)
);

create table UserTracker (
	userTrackerId bigint not null primary key,
	companyId bigint,
	userId bigint,
	modifiedDate timestamp null,
	sessionId varchar(200) null,
	remoteAddr varchar(75) null,
	remoteHost varchar(75) null,
	userAgent varchar(200) null
);

create table UserTrackerPath (
	userTrackerPathId bigint not null primary key,
	userTrackerId bigint,
	path_ varchar(1000) null,
	pathDate timestamp null
);

create table Vocabulary (
	vocabularyId bigint not null primary key,
	groupId bigint,
	companyId bigint,
	userId bigint,
	userName varchar(75) null,
	createDate timestamp null,
	modifiedDate timestamp null,
	name varchar(75) null,
	description varchar(75) null,
	folksonomy tinyint
);

create table WebDAVProps (
	webDavPropsId bigint not null primary key,
	companyId bigint,
	createDate timestamp null,
	modifiedDate timestamp null,
	classNameId bigint,
	classPK bigint,
	props long varchar null
);

create table Website (
	websiteId bigint not null primary key,
	companyId bigint,
	userId bigint,
	userName varchar(75) null,
	createDate timestamp null,
	modifiedDate timestamp null,
	classNameId bigint,
	classPK bigint,
	url varchar(1000) null,
	typeId integer,
	primary_ tinyint
);

create table WikiNode (
	uuid_ varchar(75) null,
	nodeId bigint not null primary key,
	groupId bigint,
	companyId bigint,
	userId bigint,
	userName varchar(75) null,
	createDate timestamp null,
	modifiedDate timestamp null,
	name varchar(75) null,
	description varchar(1000) null,
	lastPostDate timestamp null
);

create table WikiPage (
	uuid_ varchar(75) null,
	pageId bigint not null primary key,
	resourcePrimKey bigint,
	groupId bigint,
	companyId bigint,
	userId bigint,
	userName varchar(75) null,
	createDate timestamp null,
	modifiedDate timestamp null,
	nodeId bigint,
	title varchar(255) null,
	version float,
	minorEdit tinyint,
	content long varchar null,
	summary varchar(1000) null,
	format varchar(75) null,
	head tinyint,
	parentTitle varchar(75) null,
	redirectTitle varchar(75) null
);

create table WikiPageResource (
	resourcePrimKey bigint not null primary key,
	nodeId bigint,
	title varchar(75) null
);



insert into Country (countryId, name, a2, a3, number_, idd_, active_) values (1, 'Canada', 'CA', 'CAN', '124', '001', 1);
insert into Country (countryId, name, a2, a3, number_, idd_, active_) values (2, 'China', 'CN', 'CHN', '156', '086', 1);
insert into Country (countryId, name, a2, a3, number_, idd_, active_) values (3, 'France', 'FR', 'FRA', '250', '033', 1);
insert into Country (countryId, name, a2, a3, number_, idd_, active_) values (4, 'Germany', 'DE', 'DEU', '276', '049', 1);
insert into Country (countryId, name, a2, a3, number_, idd_, active_) values (5, 'Hong Kong', 'HK', 'HKG', '344', '852', 1);
insert into Country (countryId, name, a2, a3, number_, idd_, active_) values (6, 'Hungary', 'HU', 'HUN', '348', '036', 1);
insert into Country (countryId, name, a2, a3, number_, idd_, active_) values (7, 'Israel', 'IL', 'ISR', '376', '972', 1);
insert into Country (countryId, name, a2, a3, number_, idd_, active_) values (8, 'Italy', 'IT', 'ITA', '380', '039', 1);
insert into Country (countryId, name, a2, a3, number_, idd_, active_) values (9, 'Japan', 'JP', 'JPN', '392', '081', 1);
insert into Country (countryId, name, a2, a3, number_, idd_, active_) values (10, 'South Korea', 'KR', 'KOR', '410', '082', 1);
insert into Country (countryId, name, a2, a3, number_, idd_, active_) values (11, 'Netherlands', 'NL', 'NLD', '528', '031', 1);
insert into Country (countryId, name, a2, a3, number_, idd_, active_) values (12, 'Portugal', 'PT', 'PRT', '620', '351', 1);
insert into Country (countryId, name, a2, a3, number_, idd_, active_) values (13, 'Russia', 'RU', 'RUS', '643', '007', 1);
insert into Country (countryId, name, a2, a3, number_, idd_, active_) values (14, 'Singapore', 'SG', 'SGP', '702', '065', 1);
insert into Country (countryId, name, a2, a3, number_, idd_, active_) values (15, 'Spain', 'ES', 'ESP', '724', '034', 1);
insert into Country (countryId, name, a2, a3, number_, idd_, active_) values (16, 'Turkey', 'TR', 'TUR', '792', '090', 1);
insert into Country (countryId, name, a2, a3, number_, idd_, active_) values (17, 'Vietnam', 'VM', 'VNM', '704', '084', 1);
insert into Country (countryId, name, a2, a3, number_, idd_, active_) values (18, 'United Kingdom', 'GB', 'GBR', '826', '044', 1);
insert into Country (countryId, name, a2, a3, number_, idd_, active_) values (19, 'United States', 'US', 'USA', '840', '001', 1);
insert into Country (countryId, name, a2, a3, number_, idd_, active_) values (20, 'Afghanistan', 'AF', 'AFG', '4', '093', 1);
insert into Country (countryId, name, a2, a3, number_, idd_, active_) values (21, 'Albania', 'AL', 'ALB', '8', '355', 1);
insert into Country (countryId, name, a2, a3, number_, idd_, active_) values (22, 'Algeria', 'DZ', 'DZA', '12', '213', 1);
insert into Country (countryId, name, a2, a3, number_, idd_, active_) values (23, 'American Samoa', 'AS', 'ASM', '16', '684', 1);
insert into Country (countryId, name, a2, a3, number_, idd_, active_) values (24, 'Andorra', 'AD', 'AND', '20', '376', 1);
insert into Country (countryId, name, a2, a3, number_, idd_, active_) values (25, 'Angola', 'AO', 'AGO', '24', '244', 1);
insert into Country (countryId, name, a2, a3, number_, idd_, active_) values (26, 'Anguilla', 'AI', 'AIA', '660', '264', 1);
insert into Country (countryId, name, a2, a3, number_, idd_, active_) values (27, 'Antarctica', 'AQ', 'ATA', '10', '672', 1);
insert into Country (countryId, name, a2, a3, number_, idd_, active_) values (28, 'Antigua', 'AG', 'ATG', '28', '268', 1);
insert into Country (countryId, name, a2, a3, number_, idd_, active_) values (29, 'Argentina', 'AR', 'ARG', '32', '054', 1);
insert into Country (countryId, name, a2, a3, number_, idd_, active_) values (30, 'Armenia', 'AM', 'ARM', '51', '374', 1);
insert into Country (countryId, name, a2, a3, number_, idd_, active_) values (31, 'Aruba', 'AW', 'ABW', '533', '297', 1);
insert into Country (countryId, name, a2, a3, number_, idd_, active_) values (32, 'Australia', 'AU', 'AUS', '36', '061', 1);
insert into Country (countryId, name, a2, a3, number_, idd_, active_) values (33, 'Austria', 'AT', 'AUT', '40', '043', 1);
insert into Country (countryId, name, a2, a3, number_, idd_, active_) values (34, 'Azerbaijan', 'AZ', 'AZE', '31', '994', 1);
insert into Country (countryId, name, a2, a3, number_, idd_, active_) values (35, 'Bahamas', 'BS', 'BHS', '44', '242', 1);
insert into Country (countryId, name, a2, a3, number_, idd_, active_) values (36, 'Bahrain', 'BH', 'BHR', '48', '973', 1);
insert into Country (countryId, name, a2, a3, number_, idd_, active_) values (37, 'Bangladesh', 'BD', 'BGD', '50', '880', 1);
insert into Country (countryId, name, a2, a3, number_, idd_, active_) values (38, 'Barbados', 'BB', 'BRB', '52', '246', 1);
insert into Country (countryId, name, a2, a3, number_, idd_, active_) values (39, 'Belarus', 'BY', 'BLR', '112', '375', 1);
insert into Country (countryId, name, a2, a3, number_, idd_, active_) values (40, 'Belgium', 'BE', 'BEL', '56', '032', 1);
insert into Country (countryId, name, a2, a3, number_, idd_, active_) values (41, 'Belize', 'BZ', 'BLZ', '84', '501', 1);
insert into Country (countryId, name, a2, a3, number_, idd_, active_) values (42, 'Benin', 'BJ', 'BEN', '204', '229', 1);
insert into Country (countryId, name, a2, a3, number_, idd_, active_) values (43, 'Bermuda', 'BM', 'BMU', '60', '441', 1);
insert into Country (countryId, name, a2, a3, number_, idd_, active_) values (44, 'Bhutan', 'BT', 'BTN', '64', '975', 1);
insert into Country (countryId, name, a2, a3, number_, idd_, active_) values (45, 'Bolivia', 'BO', 'BOL', '68', '591', 1);
insert into Country (countryId, name, a2, a3, number_, idd_, active_) values (46, 'Bosnia-Herzegovina', 'BA', 'BIH', '70', '387', 1);
insert into Country (countryId, name, a2, a3, number_, idd_, active_) values (47, 'Botswana', 'BW', 'BWA', '72', '267', 1);
insert into Country (countryId, name, a2, a3, number_, idd_, active_) values (48, 'Brazil', 'BR', 'BRA', '76', '055', 1);
insert into Country (countryId, name, a2, a3, number_, idd_, active_) values (49, 'British Virgin Islands', 'VG', 'VGB', '92', '284', 1);
insert into Country (countryId, name, a2, a3, number_, idd_, active_) values (50, 'Brunei', 'BN', 'BRN', '96', '673', 1);
insert into Country (countryId, name, a2, a3, number_, idd_, active_) values (51, 'Bulgaria', 'BG', 'BGR', '100', '359', 1);
insert into Country (countryId, name, a2, a3, number_, idd_, active_) values (52, 'Burkina Faso', 'BF', 'BFA', '854', '226', 1);
insert into Country (countryId, name, a2, a3, number_, idd_, active_) values (53, 'Burma (Myanmar)', 'MM', 'MMR', '104', '095', 1);
insert into Country (countryId, name, a2, a3, number_, idd_, active_) values (54, 'Burundi', 'BI', 'BDI', '108', '257', 1);
insert into Country (countryId, name, a2, a3, number_, idd_, active_) values (55, 'Cambodia', 'KH', 'KHM', '116', '855', 1);
insert into Country (countryId, name, a2, a3, number_, idd_, active_) values (56, 'Cameroon', 'CM', 'CMR', '120', '237', 1);
insert into Country (countryId, name, a2, a3, number_, idd_, active_) values (57, 'Cape Verde Island', 'CV', 'CPV', '132', '238', 1);
insert into Country (countryId, name, a2, a3, number_, idd_, active_) values (58, 'Cayman Islands', 'KY', 'CYM', '136', '345', 1);
insert into Country (countryId, name, a2, a3, number_, idd_, active_) values (59, 'Central African Republic', 'CF', 'CAF', '140', '236', 1);
insert into Country (countryId, name, a2, a3, number_, idd_, active_) values (60, 'Chad', 'TD', 'TCD', '148', '235', 1);
insert into Country (countryId, name, a2, a3, number_, idd_, active_) values (61, 'Chile', 'CL', 'CHL', '152', '056', 1);
insert into Country (countryId, name, a2, a3, number_, idd_, active_) values (62, 'Christmas Island', 'CX', 'CXR', '162', '061', 1);
insert into Country (countryId, name, a2, a3, number_, idd_, active_) values (63, 'Cocos Islands', 'CC', 'CCK', '166', '061', 1);
insert into Country (countryId, name, a2, a3, number_, idd_, active_) values (64, 'Colombia', 'CO', 'COL', '170', '057', 1);
insert into Country (countryId, name, a2, a3, number_, idd_, active_) values (65, 'Comoros', 'KM', 'COM', '174', '269', 1);
insert into Country (countryId, name, a2, a3, number_, idd_, active_) values (66, 'Republic of Congo', 'CD', 'COD', '180', '242', 1);
insert into Country (countryId, name, a2, a3, number_, idd_, active_) values (67, 'Democratic Republic of Congo', 'CG', 'COG', '178', '243', 1);
insert into Country (countryId, name, a2, a3, number_, idd_, active_) values (68, 'Cook Islands', 'CK', 'COK', '184', '682', 1);
insert into Country (countryId, name, a2, a3, number_, idd_, active_) values (69, 'Costa Rica', 'CR', 'CRI', '188', '506', 1);
insert into Country (countryId, name, a2, a3, number_, idd_, active_) values (70, 'Croatia', 'HR', 'HRV', '191', '385', 1);
insert into Country (countryId, name, a2, a3, number_, idd_, active_) values (71, 'Cuba', 'CU', 'CUB', '192', '053', 1);
insert into Country (countryId, name, a2, a3, number_, idd_, active_) values (72, 'Cyprus', 'CY', 'CYP', '196', '357', 1);
insert into Country (countryId, name, a2, a3, number_, idd_, active_) values (73, 'Czech Republic', 'CZ', 'CZE', '203', '420', 1);
insert into Country (countryId, name, a2, a3, number_, idd_, active_) values (74, 'Denmark', 'DK', 'DNK', '208', '045', 1);
insert into Country (countryId, name, a2, a3, number_, idd_, active_) values (75, 'Djibouti', 'DJ', 'DJI', '262', '253', 1);
insert into Country (countryId, name, a2, a3, number_, idd_, active_) values (76, 'Dominica', 'DM', 'DMA', '212', '767', 1);
insert into Country (countryId, name, a2, a3, number_, idd_, active_) values (77, 'Dominican Republic', 'DO', 'DOM', '214', '809', 1);
insert into Country (countryId, name, a2, a3, number_, idd_, active_) values (78, 'Ecuador', 'EC', 'ECU', '218', '593', 1);
insert into Country (countryId, name, a2, a3, number_, idd_, active_) values (79, 'Egypt', 'EG', 'EGY', '818', '020', 1);
insert into Country (countryId, name, a2, a3, number_, idd_, active_) values (80, 'El Salvador', 'SV', 'SLV', '222', '503', 1);
insert into Country (countryId, name, a2, a3, number_, idd_, active_) values (81, 'Equatorial Guinea', 'GQ', 'GNQ', '226', '240', 1);
insert into Country (countryId, name, a2, a3, number_, idd_, active_) values (82, 'Eritrea', 'ER', 'ERI', '232', '291', 1);
insert into Country (countryId, name, a2, a3, number_, idd_, active_) values (83, 'Estonia', 'EE', 'EST', '233', '372', 1);
insert into Country (countryId, name, a2, a3, number_, idd_, active_) values (84, 'Ethiopia', 'ET', 'ETH', '231', '251', 1);
insert into Country (countryId, name, a2, a3, number_, idd_, active_) values (85, 'Faeroe Islands', 'FO', 'FRO', '234', '298', 1);
insert into Country (countryId, name, a2, a3, number_, idd_, active_) values (86, 'Falkland Islands', 'FK', 'FLK', '238', '500', 1);
insert into Country (countryId, name, a2, a3, number_, idd_, active_) values (87, 'Fiji Islands', 'FJ', 'FJI', '242', '679', 1);
insert into Country (countryId, name, a2, a3, number_, idd_, active_) values (88, 'Finland', 'FI', 'FIN', '246', '358', 1);
insert into Country (countryId, name, a2, a3, number_, idd_, active_) values (89, 'French Guiana', 'GF', 'GUF', '254', '594', 1);
insert into Country (countryId, name, a2, a3, number_, idd_, active_) values (90, 'French Polynesia', 'PF', 'PYF', '258', '689', 1);
insert into Country (countryId, name, a2, a3, number_, idd_, active_) values (91, 'Gabon', 'GA', 'GAB', '266', '241', 1);
insert into Country (countryId, name, a2, a3, number_, idd_, active_) values (92, 'Gambia', 'GM', 'GMB', '270', '220', 1);
insert into Country (countryId, name, a2, a3, number_, idd_, active_) values (93, 'Georgia', 'GE', 'GEO', '268', '995', 1);
insert into Country (countryId, name, a2, a3, number_, idd_, active_) values (94, 'Ghana', 'GH', 'GHA', '288', '233', 1);
insert into Country (countryId, name, a2, a3, number_, idd_, active_) values (95, 'Gibraltar', 'GI', 'GIB', '292', '350', 1);
insert into Country (countryId, name, a2, a3, number_, idd_, active_) values (96, 'Greece', 'GR', 'GRC', '300', '030', 1);
insert into Country (countryId, name, a2, a3, number_, idd_, active_) values (97, 'Greenland', 'GL', 'GRL', '304', '299', 1);
insert into Country (countryId, name, a2, a3, number_, idd_, active_) values (98, 'Grenada', 'GD', 'GRD', '308', '473', 1);
insert into Country (countryId, name, a2, a3, number_, idd_, active_) values (99, 'Guadeloupe', 'GP', 'GLP', '312', '590', 1);
insert into Country (countryId, name, a2, a3, number_, idd_, active_) values (100, 'Guam', 'GU', 'GUM', '316', '671', 1);
insert into Country (countryId, name, a2, a3, number_, idd_, active_) values (101, 'Guatemala', 'GT', 'GTM', '320', '502', 1);
insert into Country (countryId, name, a2, a3, number_, idd_, active_) values (102, 'Guinea', 'GN', 'GIN', '324', '224', 1);
insert into Country (countryId, name, a2, a3, number_, idd_, active_) values (103, 'Guinea-Bissau', 'GW', 'GNB', '624', '245', 1);
insert into Country (countryId, name, a2, a3, number_, idd_, active_) values (104, 'Guyana', 'GY', 'GUY', '328', '592', 1);
insert into Country (countryId, name, a2, a3, number_, idd_, active_) values (105, 'Haiti', 'HT', 'HTI', '332', '509', 1);
insert into Country (countryId, name, a2, a3, number_, idd_, active_) values (106, 'Honduras', 'HN', 'HND', '340', '504', 1);
insert into Country (countryId, name, a2, a3, number_, idd_, active_) values (107, 'Iceland', 'IS', 'ISL', '352', '354', 1);
insert into Country (countryId, name, a2, a3, number_, idd_, active_) values (108, 'India', 'IN', 'IND', '356', '091', 1);
insert into Country (countryId, name, a2, a3, number_, idd_, active_) values (109, 'Indonesia', 'ID', 'IDN', '360', '062', 1);
insert into Country (countryId, name, a2, a3, number_, idd_, active_) values (110, 'Iran', 'IR', 'IRN', '364', '098', 1);
insert into Country (countryId, name, a2, a3, number_, idd_, active_) values (111, 'Iraq', 'IQ', 'IRQ', '368', '964', 1);
insert into Country (countryId, name, a2, a3, number_, idd_, active_) values (112, 'Ireland', 'IE', 'IRL', '372', '353', 1);
insert into Country (countryId, name, a2, a3, number_, idd_, active_) values (113, 'Ivory Coast', 'CI', 'CIV', '384', '225', 1);
insert into Country (countryId, name, a2, a3, number_, idd_, active_) values (114, 'Jamaica', 'JM', 'JAM', '388', '876', 1);
insert into Country (countryId, name, a2, a3, number_, idd_, active_) values (115, 'Jordan', 'JO', 'JOR', '400', '962', 1);
insert into Country (countryId, name, a2, a3, number_, idd_, active_) values (116, 'Kazakhstan', 'KZ', 'KAZ', '398', '007', 1);
insert into Country (countryId, name, a2, a3, number_, idd_, active_) values (117, 'Kenya', 'KE', 'KEN', '404', '254', 1);
insert into Country (countryId, name, a2, a3, number_, idd_, active_) values (118, 'Kiribati', 'KI', 'KIR', '408', '686', 1);
insert into Country (countryId, name, a2, a3, number_, idd_, active_) values (119, 'Kuwait', 'KW', 'KWT', '414', '965', 1);
insert into Country (countryId, name, a2, a3, number_, idd_, active_) values (120, 'North Korea', 'KP', 'PRK', '408', '850', 1);
insert into Country (countryId, name, a2, a3, number_, idd_, active_) values (121, 'Kyrgyzstan', 'KG', 'KGZ', '471', '996', 1);
insert into Country (countryId, name, a2, a3, number_, idd_, active_) values (122, 'Laos', 'LA', 'LAO', '418', '856', 1);
insert into Country (countryId, name, a2, a3, number_, idd_, active_) values (123, 'Latvia', 'LV', 'LVA', '428', '371', 1);
insert into Country (countryId, name, a2, a3, number_, idd_, active_) values (124, 'Lebanon', 'LB', 'LBN', '422', '961', 1);
insert into Country (countryId, name, a2, a3, number_, idd_, active_) values (125, 'Lesotho', 'LS', 'LSO', '426', '266', 1);
insert into Country (countryId, name, a2, a3, number_, idd_, active_) values (126, 'Liberia', 'LR', 'LBR', '430', '231', 1);
insert into Country (countryId, name, a2, a3, number_, idd_, active_) values (127, 'Libya', 'LY', 'LBY', '434', '218', 1);
insert into Country (countryId, name, a2, a3, number_, idd_, active_) values (128, 'Liechtenstein', 'LI', 'LIE', '438', '423', 1);
insert into Country (countryId, name, a2, a3, number_, idd_, active_) values (129, 'Lithuania', 'LT', 'LTU', '440', '370', 1);
insert into Country (countryId, name, a2, a3, number_, idd_, active_) values (130, 'Luxembourg', 'LU', 'LUX', '442', '352', 1);
insert into Country (countryId, name, a2, a3, number_, idd_, active_) values (131, 'Macau', 'MO', 'MAC', '446', '853', 1);
insert into Country (countryId, name, a2, a3, number_, idd_, active_) values (132, 'Macedonia', 'MK', 'MKD', '807', '389', 1);
insert into Country (countryId, name, a2, a3, number_, idd_, active_) values (133, 'Madagascar', 'MG', 'MDG', '450', '261', 1);
insert into Country (countryId, name, a2, a3, number_, idd_, active_) values (134, 'Malawi', 'MW', 'MWI', '454', '265', 1);
insert into Country (countryId, name, a2, a3, number_, idd_, active_) values (135, 'Malaysia', 'MY', 'MYS', '458', '060', 1);
insert into Country (countryId, name, a2, a3, number_, idd_, active_) values (136, 'Maldives', 'MV', 'MDV', '462', '960', 1);
insert into Country (countryId, name, a2, a3, number_, idd_, active_) values (137, 'Mali', 'ML', 'MLI', '466', '223', 1);
insert into Country (countryId, name, a2, a3, number_, idd_, active_) values (138, 'Malta', 'MT', 'MLT', '470', '356', 1);
insert into Country (countryId, name, a2, a3, number_, idd_, active_) values (139, 'Marshall Islands', 'MH', 'MHL', '584', '692', 1);
insert into Country (countryId, name, a2, a3, number_, idd_, active_) values (140, 'Martinique', 'MQ', 'MTQ', '474', '596', 1);
insert into Country (countryId, name, a2, a3, number_, idd_, active_) values (141, 'Mauritania', 'MR', 'MRT', '478', '222', 1);
insert into Country (countryId, name, a2, a3, number_, idd_, active_) values (142, 'Mauritius', 'MU', 'MUS', '480', '230', 1);
insert into Country (countryId, name, a2, a3, number_, idd_, active_) values (143, 'Mayotte Island', 'YT', 'MYT', '175', '269', 1);
insert into Country (countryId, name, a2, a3, number_, idd_, active_) values (144, 'Mexico', 'MX', 'MEX', '484', '052', 1);
insert into Country (countryId, name, a2, a3, number_, idd_, active_) values (145, 'Micronesia', 'FM', 'FSM', '583', '691', 1);
insert into Country (countryId, name, a2, a3, number_, idd_, active_) values (146, 'Moldova', 'MD', 'MDA', '498', '373', 1);
insert into Country (countryId, name, a2, a3, number_, idd_, active_) values (147, 'Monaco', 'MC', 'MCO', '492', '377', 1);
insert into Country (countryId, name, a2, a3, number_, idd_, active_) values (148, 'Mongolia', 'MN', 'MNG', '496', '976', 1);
insert into Country (countryId, name, a2, a3, number_, idd_, active_) values (149, 'Montenegro', 'ME', 'MNE', '499', '382', 1);
insert into Country (countryId, name, a2, a3, number_, idd_, active_) values (150, 'Montserrat', 'MS', 'MSR', '500', '664', 1);
insert into Country (countryId, name, a2, a3, number_, idd_, active_) values (151, 'Morocco', 'MA', 'MAR', '504', '212', 1);
insert into Country (countryId, name, a2, a3, number_, idd_, active_) values (152, 'Mozambique', 'MZ', 'MOZ', '508', '258', 1);
insert into Country (countryId, name, a2, a3, number_, idd_, active_) values (153, 'Namibia', 'NA', 'NAM', '516', '264', 1);
insert into Country (countryId, name, a2, a3, number_, idd_, active_) values (154, 'Nauru', 'NR', 'NRU', '520', '674', 1);
insert into Country (countryId, name, a2, a3, number_, idd_, active_) values (155, 'Nepal', 'NP', 'NPL', '524', '977', 1);
insert into Country (countryId, name, a2, a3, number_, idd_, active_) values (156, 'Netherlands Antilles', 'AN', 'ANT', '530', '599', 1);
insert into Country (countryId, name, a2, a3, number_, idd_, active_) values (157, 'New Caledonia', 'NC', 'NCL', '540', '687', 1);
insert into Country (countryId, name, a2, a3, number_, idd_, active_) values (158, 'New Zealand', 'NZ', 'NZL', '554', '064', 1);
insert into Country (countryId, name, a2, a3, number_, idd_, active_) values (159, 'Nicaragua', 'NI', 'NIC', '558', '505', 1);
insert into Country (countryId, name, a2, a3, number_, idd_, active_) values (160, 'Niger', 'NE', 'NER', '562', '227', 1);
insert into Country (countryId, name, a2, a3, number_, idd_, active_) values (161, 'Nigeria', 'NG', 'NGA', '566', '234', 1);
insert into Country (countryId, name, a2, a3, number_, idd_, active_) values (162, 'Niue', 'NU', 'NIU', '570', '683', 1);
insert into Country (countryId, name, a2, a3, number_, idd_, active_) values (163, 'Norfolk Island', 'NF', 'NFK', '574', '672', 1);
insert into Country (countryId, name, a2, a3, number_, idd_, active_) values (164, 'Norway', 'NO', 'NOR', '578', '047', 1);
insert into Country (countryId, name, a2, a3, number_, idd_, active_) values (165, 'Oman', 'OM', 'OMN', '512', '968', 1);
insert into Country (countryId, name, a2, a3, number_, idd_, active_) values (166, 'Pakistan', 'PK', 'PAK', '586', '092', 1);
insert into Country (countryId, name, a2, a3, number_, idd_, active_) values (167, 'Palau', 'PW', 'PLW', '585', '680', 1);
insert into Country (countryId, name, a2, a3, number_, idd_, active_) values (168, 'Palestine', 'PS', 'PSE', '275', '970', 1);
insert into Country (countryId, name, a2, a3, number_, idd_, active_) values (169, 'Panama', 'PA', 'PAN', '591', '507', 1);
insert into Country (countryId, name, a2, a3, number_, idd_, active_) values (170, 'Papua New Guinea', 'PG', 'PNG', '598', '675', 1);
insert into Country (countryId, name, a2, a3, number_, idd_, active_) values (171, 'Paraguay', 'PY', 'PRY', '600', '595', 1);
insert into Country (countryId, name, a2, a3, number_, idd_, active_) values (172, 'Peru', 'PE', 'PER', '604', '051', 1);
insert into Country (countryId, name, a2, a3, number_, idd_, active_) values (173, 'Philippines', 'PH', 'PHL', '608', '063', 1);
insert into Country (countryId, name, a2, a3, number_, idd_, active_) values (174, 'Poland', 'PL', 'POL', '616', '048', 1);
insert into Country (countryId, name, a2, a3, number_, idd_, active_) values (175, 'Puerto Rico', 'PR', 'PRI', '630', '787', 1);
insert into Country (countryId, name, a2, a3, number_, idd_, active_) values (176, 'Qatar', 'QA', 'QAT', '634', '974', 1);
insert into Country (countryId, name, a2, a3, number_, idd_, active_) values (177, 'Reunion Island', 'RE', 'REU', '638', '262', 1);
insert into Country (countryId, name, a2, a3, number_, idd_, active_) values (178, 'Romania', 'RO', 'ROU', '642', '040', 1);
insert into Country (countryId, name, a2, a3, number_, idd_, active_) values (179, 'Rwanda', 'RW', 'RWA', '646', '250', 1);
insert into Country (countryId, name, a2, a3, number_, idd_, active_) values (180, 'St. Helena', 'SH', 'SHN', '654', '290', 1);
insert into Country (countryId, name, a2, a3, number_, idd_, active_) values (181, 'St. Kitts', 'KN', 'KNA', '659', '869', 1);
insert into Country (countryId, name, a2, a3, number_, idd_, active_) values (182, 'St. Lucia', 'LC', 'LCA', '662', '758', 1);
insert into Country (countryId, name, a2, a3, number_, idd_, active_) values (183, 'St. Pierre & Miquelon', 'PM', 'SPM', '666', '508', 1);
insert into Country (countryId, name, a2, a3, number_, idd_, active_) values (184, 'St. Vincent', 'VC', 'VCT', '670', '784', 1);
insert into Country (countryId, name, a2, a3, number_, idd_, active_) values (185, 'San Marino', 'SM', 'SMR', '674', '378', 1);
insert into Country (countryId, name, a2, a3, number_, idd_, active_) values (186, 'Sao Tome & Principe', 'ST', 'STP', '678', '239', 1);
insert into Country (countryId, name, a2, a3, number_, idd_, active_) values (187, 'Saudi Arabia', 'SA', 'SAU', '682', '966', 1);
insert into Country (countryId, name, a2, a3, number_, idd_, active_) values (188, 'Senegal', 'SN', 'SEN', '686', '221', 1);
insert into Country (countryId, name, a2, a3, number_, idd_, active_) values (189, 'Serbia', 'RS', 'SRB', '688', '381', 1);
insert into Country (countryId, name, a2, a3, number_, idd_, active_) values (190, 'Seychelles', 'SC', 'SYC', '690', '248', 1);
insert into Country (countryId, name, a2, a3, number_, idd_, active_) values (191, 'Sierra Leone', 'SL', 'SLE', '694', '249', 1);
insert into Country (countryId, name, a2, a3, number_, idd_, active_) values (192, 'Slovakia', 'SK', 'SVK', '703', '421', 1);
insert into Country (countryId, name, a2, a3, number_, idd_, active_) values (193, 'Slovenia', 'SI', 'SVN', '705', '386', 1);
insert into Country (countryId, name, a2, a3, number_, idd_, active_) values (194, 'Solomon Islands', 'SB', 'SLB', '90', '677', 1);
insert into Country (countryId, name, a2, a3, number_, idd_, active_) values (195, 'Somalia', 'SO', 'SOM', '706', '252', 1);
insert into Country (countryId, name, a2, a3, number_, idd_, active_) values (196, 'South Africa', 'ZA', 'ZAF', '710', '027', 1);
insert into Country (countryId, name, a2, a3, number_, idd_, active_) values (197, 'Sri Lanka', 'LK', 'LKA', '144', '094', 1);
insert into Country (countryId, name, a2, a3, number_, idd_, active_) values (198, 'Sudan', 'SD', 'SDN', '736', '095', 1);
insert into Country (countryId, name, a2, a3, number_, idd_, active_) values (199, 'Suriname', 'SR', 'SUR', '740', '597', 1);
insert into Country (countryId, name, a2, a3, number_, idd_, active_) values (200, 'Swaziland', 'SZ', 'SWZ', '748', '268', 1);
insert into Country (countryId, name, a2, a3, number_, idd_, active_) values (201, 'Sweden', 'SE', 'SWE', '752', '046', 1);
insert into Country (countryId, name, a2, a3, number_, idd_, active_) values (202, 'Switzerland', 'CH', 'CHE', '756', '041', 1);
insert into Country (countryId, name, a2, a3, number_, idd_, active_) values (203, 'Syria', 'SY', 'SYR', '760', '963', 1);
insert into Country (countryId, name, a2, a3, number_, idd_, active_) values (204, 'Taiwan', 'TW', 'TWN', '158', '886', 1);
insert into Country (countryId, name, a2, a3, number_, idd_, active_) values (205, 'Tajikistan', 'TJ', 'TJK', '762', '992', 1);
insert into Country (countryId, name, a2, a3, number_, idd_, active_) values (206, 'Tanzania', 'TZ', 'TZA', '834', '255', 1);
insert into Country (countryId, name, a2, a3, number_, idd_, active_) values (207, 'Thailand', 'TH', 'THA', '764', '066', 1);
insert into Country (countryId, name, a2, a3, number_, idd_, active_) values (208, 'Togo', 'TG', 'TGO', '768', '228', 1);
insert into Country (countryId, name, a2, a3, number_, idd_, active_) values (209, 'Tonga', 'TO', 'TON', '776', '676', 1);
insert into Country (countryId, name, a2, a3, number_, idd_, active_) values (210, 'Trinidad & Tobago', 'TT', 'TTO', '780', '868', 1);
insert into Country (countryId, name, a2, a3, number_, idd_, active_) values (211, 'Tunisia', 'TN', 'TUN', '788', '216', 1);
insert into Country (countryId, name, a2, a3, number_, idd_, active_) values (212, 'Turkmenistan', 'TM', 'TKM', '795', '993', 1);
insert into Country (countryId, name, a2, a3, number_, idd_, active_) values (213, 'Turks & Caicos', 'TC', 'TCA', '796', '649', 1);
insert into Country (countryId, name, a2, a3, number_, idd_, active_) values (214, 'Tuvalu', 'TV', 'TUV', '798', '688', 1);
insert into Country (countryId, name, a2, a3, number_, idd_, active_) values (215, 'Uganda', 'UG', 'UGA', '800', '256', 1);
insert into Country (countryId, name, a2, a3, number_, idd_, active_) values (216, 'Ukraine', 'UA', 'UKR', '804', '380', 1);
insert into Country (countryId, name, a2, a3, number_, idd_, active_) values (217, 'United Arab Emirates', 'AE', 'ARE', '784', '971', 1);
insert into Country (countryId, name, a2, a3, number_, idd_, active_) values (218, 'Uruguay', 'UY', 'URY', '858', '598', 1);
insert into Country (countryId, name, a2, a3, number_, idd_, active_) values (219, 'Uzbekistan', 'UZ', 'UZB', '860', '998', 1);
insert into Country (countryId, name, a2, a3, number_, idd_, active_) values (220, 'Vanuatu', 'VU', 'VUT', '548', '678', 1);
insert into Country (countryId, name, a2, a3, number_, idd_, active_) values (221, 'Vatican City', 'VA', 'VAT', '336', '039', 1);
insert into Country (countryId, name, a2, a3, number_, idd_, active_) values (222, 'Venezuela', 'VE', 'VEN', '862', '058', 1);
insert into Country (countryId, name, a2, a3, number_, idd_, active_) values (223, 'Wallis & Futuna', 'WF', 'WLF', '876', '681', 1);
insert into Country (countryId, name, a2, a3, number_, idd_, active_) values (224, 'Western Samoa', 'EH', 'ESH', '732', '685', 1);
insert into Country (countryId, name, a2, a3, number_, idd_, active_) values (225, 'Yemen', 'YE', 'YEM', '887', '967', 1);
insert into Country (countryId, name, a2, a3, number_, idd_, active_) values (226, 'Zambia', 'ZM', 'ZMB', '894', '260', 1);
insert into Country (countryId, name, a2, a3, number_, idd_, active_) values (227, 'Zimbabwe', 'ZW', 'ZWE', '716', '263', 1);

insert into Region (regionId, countryId, regionCode, name, active_) values (1001, 1, 'AB', 'Alberta', 1);
insert into Region (regionId, countryId, regionCode, name, active_) values (1002, 1, 'BC', 'British Columbia', 1);
insert into Region (regionId, countryId, regionCode, name, active_) values (1003, 1, 'MB', 'Manitoba', 1);
insert into Region (regionId, countryId, regionCode, name, active_) values (1004, 1, 'NB', 'New Brunswick', 1);
insert into Region (regionId, countryId, regionCode, name, active_) values (1005, 1, 'NL', 'Newfoundland and Labrador', 1);
insert into Region (regionId, countryId, regionCode, name, active_) values (1006, 1, 'NT', 'Northwest Territories', 1);
insert into Region (regionId, countryId, regionCode, name, active_) values (1007, 1, 'NS', 'Nova Scotia', 1);
insert into Region (regionId, countryId, regionCode, name, active_) values (1008, 1, 'NU', 'Nunavut', 1);
insert into Region (regionId, countryId, regionCode, name, active_) values (1009, 1, 'ON', 'Ontario', 1);
insert into Region (regionId, countryId, regionCode, name, active_) values (1010, 1, 'PE', 'Prince Edward Island', 1);
insert into Region (regionId, countryId, regionCode, name, active_) values (1011, 1, 'QC', 'Quebec', 1);
insert into Region (regionId, countryId, regionCode, name, active_) values (1012, 1, 'SK', 'Saskatchewan', 1);
insert into Region (regionId, countryId, regionCode, name, active_) values (1013, 1, 'YT', 'Yukon', 1);
insert into Region (regionId, countryId, regionCode, name, active_) values (3001, 3, 'A', 'Alsace', 1);
insert into Region (regionId, countryId, regionCode, name, active_) values (3002, 3, 'B', 'Aquitaine', 1);
insert into Region (regionId, countryId, regionCode, name, active_) values (3003, 3, 'C', 'Auvergne', 1);
insert into Region (regionId, countryId, regionCode, name, active_) values (3004, 3, 'P', 'Basse-Normandie', 1);
insert into Region (regionId, countryId, regionCode, name, active_) values (3005, 3, 'D', 'Bourgogne', 1);
insert into Region (regionId, countryId, regionCode, name, active_) values (3006, 3, 'E', 'Bretagne', 1);
insert into Region (regionId, countryId, regionCode, name, active_) values (3007, 3, 'F', 'Centre', 1);
insert into Region (regionId, countryId, regionCode, name, active_) values (3008, 3, 'G', 'Champagne-Ardenne', 1);
insert into Region (regionId, countryId, regionCode, name, active_) values (3009, 3, 'H', 'Corse', 1);
insert into Region (regionId, countryId, regionCode, name, active_) values (3010, 3, 'GF', 'Guyane', 1);
insert into Region (regionId, countryId, regionCode, name, active_) values (3011, 3, 'I', 'Franche Comté', 1);
insert into Region (regionId, countryId, regionCode, name, active_) values (3012, 3, 'GP', 'Guadeloupe', 1);
insert into Region (regionId, countryId, regionCode, name, active_) values (3013, 3, 'Q', 'Haute-Normandie', 1);
insert into Region (regionId, countryId, regionCode, name, active_) values (3014, 3, 'J', 'Île-de-France', 1);
insert into Region (regionId, countryId, regionCode, name, active_) values (3015, 3, 'K', 'Languedoc-Roussillon', 1);
insert into Region (regionId, countryId, regionCode, name, active_) values (3016, 3, 'L', 'Limousin', 1);
insert into Region (regionId, countryId, regionCode, name, active_) values (3017, 3, 'M', 'Lorraine', 1);
insert into Region (regionId, countryId, regionCode, name, active_) values (3018, 3, 'MQ', 'Martinique', 1);
insert into Region (regionId, countryId, regionCode, name, active_) values (3019, 3, 'N', 'Midi-Pyrénées', 1);
insert into Region (regionId, countryId, regionCode, name, active_) values (3020, 3, 'O', 'Nord Pas de Calais', 1);
insert into Region (regionId, countryId, regionCode, name, active_) values (3021, 3, 'R', 'Pays de la Loire', 1);
insert into Region (regionId, countryId, regionCode, name, active_) values (3022, 3, 'S', 'Picardie', 1);
insert into Region (regionId, countryId, regionCode, name, active_) values (3023, 3, 'T', 'Poitou-Charentes', 1);
insert into Region (regionId, countryId, regionCode, name, active_) values (3024, 3, 'U', 'Provence-Alpes-Côte-d\'Azur', 1);
insert into Region (regionId, countryId, regionCode, name, active_) values (3025, 3, 'RE', 'Réunion', 1);
insert into Region (regionId, countryId, regionCode, name, active_) values (3026, 3, 'V', 'Rhône-Alpes', 1);
insert into Region (regionId, countryId, regionCode, name, active_) values (4001, 4, 'BW', 'Baden-Württemberg', 1);
insert into Region (regionId, countryId, regionCode, name, active_) values (4002, 4, 'BY', 'Bayern', 1);
insert into Region (regionId, countryId, regionCode, name, active_) values (4003, 4, 'BE', 'Berlin', 1);
insert into Region (regionId, countryId, regionCode, name, active_) values (4004, 4, 'BR', 'Brandenburg', 1);
insert into Region (regionId, countryId, regionCode, name, active_) values (4005, 4, 'HB', 'Bremen', 1);
insert into Region (regionId, countryId, regionCode, name, active_) values (4006, 4, 'HH', 'Hamburg', 1);
insert into Region (regionId, countryId, regionCode, name, active_) values (4007, 4, 'HE', 'Hessen', 1);
insert into Region (regionId, countryId, regionCode, name, active_) values (4008, 4, 'MV', 'Mecklenburg-Vorpommern', 1);
insert into Region (regionId, countryId, regionCode, name, active_) values (4009, 4, 'NI', 'Niedersachsen', 1);
insert into Region (regionId, countryId, regionCode, name, active_) values (4010, 4, 'NW', 'Nordrhein-Westfalen', 1);
insert into Region (regionId, countryId, regionCode, name, active_) values (4011, 4, 'RP', 'Rheinland-Pfalz', 1);
insert into Region (regionId, countryId, regionCode, name, active_) values (4012, 4, 'SL', 'Saarland', 1);
insert into Region (regionId, countryId, regionCode, name, active_) values (4013, 4, 'SN', 'Sachsen', 1);
insert into Region (regionId, countryId, regionCode, name, active_) values (4014, 4, 'ST', 'Sachsen-Anhalt', 1);
insert into Region (regionId, countryId, regionCode, name, active_) values (4015, 4, 'SH', 'Schleswig-Holstein', 1);
insert into Region (regionId, countryId, regionCode, name, active_) values (4016, 4, 'TH', 'Thüringen', 1);
insert into Region (regionId, countryId, regionCode, name, active_) values (8001, 8, 'AG', 'Agrigento', 1);
insert into Region (regionId, countryId, regionCode, name, active_) values (8002, 8, 'AL', 'Alessandria', 1);
insert into Region (regionId, countryId, regionCode, name, active_) values (8003, 8, 'AN', 'Ancona', 1);
insert into Region (regionId, countryId, regionCode, name, active_) values (8004, 8, 'AO', 'Aosta', 1);
insert into Region (regionId, countryId, regionCode, name, active_) values (8005, 8, 'AR', 'Arezzo', 1);
insert into Region (regionId, countryId, regionCode, name, active_) values (8006, 8, 'AP', 'Ascoli Piceno', 1);
insert into Region (regionId, countryId, regionCode, name, active_) values (8007, 8, 'AT', 'Asti', 1);
insert into Region (regionId, countryId, regionCode, name, active_) values (8008, 8, 'AV', 'Avellino', 1);
insert into Region (regionId, countryId, regionCode, name, active_) values (8009, 8, 'BA', 'Bari', 1);
insert into Region (regionId, countryId, regionCode, name, active_) values (8010, 8, 'BT', 'Barletta-Andria-Trani', 1);
insert into Region (regionId, countryId, regionCode, name, active_) values (8011, 8, 'BL', 'Belluno', 1);
insert into Region (regionId, countryId, regionCode, name, active_) values (8012, 8, 'BN', 'Benevento', 1);
insert into Region (regionId, countryId, regionCode, name, active_) values (8013, 8, 'BG', 'Bergamo', 1);
insert into Region (regionId, countryId, regionCode, name, active_) values (8014, 8, 'BI', 'Biella', 1);
insert into Region (regionId, countryId, regionCode, name, active_) values (8015, 8, 'BO', 'Bologna', 1);
insert into Region (regionId, countryId, regionCode, name, active_) values (8016, 8, 'BZ', 'Bolzano', 1);
insert into Region (regionId, countryId, regionCode, name, active_) values (8017, 8, 'BS', 'Brescia', 1);
insert into Region (regionId, countryId, regionCode, name, active_) values (8018, 8, 'BR', 'Brindisi', 1);
insert into Region (regionId, countryId, regionCode, name, active_) values (8019, 8, 'CA', 'Cagliari', 1);
insert into Region (regionId, countryId, regionCode, name, active_) values (8020, 8, 'CL', 'Caltanissetta', 1);
insert into Region (regionId, countryId, regionCode, name, active_) values (8021, 8, 'CB', 'Campobasso', 1);
insert into Region (regionId, countryId, regionCode, name, active_) values (8022, 8, 'CI', 'Carbonia-Iglesias', 1);
insert into Region (regionId, countryId, regionCode, name, active_) values (8023, 8, 'CE', 'Caserta', 1);
insert into Region (regionId, countryId, regionCode, name, active_) values (8024, 8, 'CT', 'Catania', 1);
insert into Region (regionId, countryId, regionCode, name, active_) values (8025, 8, 'CZ', 'Catanzaro', 1);
insert into Region (regionId, countryId, regionCode, name, active_) values (8026, 8, 'CH', 'Chieti', 1);
insert into Region (regionId, countryId, regionCode, name, active_) values (8027, 8, 'CO', 'Como', 1);
insert into Region (regionId, countryId, regionCode, name, active_) values (8028, 8, 'CS', 'Cosenza', 1);
insert into Region (regionId, countryId, regionCode, name, active_) values (8029, 8, 'CR', 'Cremona', 1);
insert into Region (regionId, countryId, regionCode, name, active_) values (8030, 8, 'KR', 'Crotone', 1);
insert into Region (regionId, countryId, regionCode, name, active_) values (8031, 8, 'CN', 'Cuneo', 1);
insert into Region (regionId, countryId, regionCode, name, active_) values (8032, 8, 'EN', 'Enna', 1);
insert into Region (regionId, countryId, regionCode, name, active_) values (8033, 8, 'FM', 'Fermo', 1);
insert into Region (regionId, countryId, regionCode, name, active_) values (8034, 8, 'FE', 'Ferrara', 1);
insert into Region (regionId, countryId, regionCode, name, active_) values (8035, 8, 'FI', 'Firenze', 1);
insert into Region (regionId, countryId, regionCode, name, active_) values (8036, 8, 'FG', 'Foggia', 1);
insert into Region (regionId, countryId, regionCode, name, active_) values (8037, 8, 'FC', 'Forli-Cesena', 1);
insert into Region (regionId, countryId, regionCode, name, active_) values (8038, 8, 'FR', 'Frosinone', 1);
insert into Region (regionId, countryId, regionCode, name, active_) values (8039, 8, 'GE', 'Genova', 1);
insert into Region (regionId, countryId, regionCode, name, active_) values (8040, 8, 'GO', 'Gorizia', 1);
insert into Region (regionId, countryId, regionCode, name, active_) values (8041, 8, 'GR', 'Grosseto', 1);
insert into Region (regionId, countryId, regionCode, name, active_) values (8042, 8, 'IM', 'Imperia', 1);
insert into Region (regionId, countryId, regionCode, name, active_) values (8043, 8, 'IS', 'Isernia', 1);
insert into Region (regionId, countryId, regionCode, name, active_) values (8044, 8, 'AQ', 'L''Aquila', 1);
insert into Region (regionId, countryId, regionCode, name, active_) values (8045, 8, 'SP', 'La Spezia', 1);
insert into Region (regionId, countryId, regionCode, name, active_) values (8046, 8, 'LT', 'Latina', 1);
insert into Region (regionId, countryId, regionCode, name, active_) values (8047, 8, 'LE', 'Lecce', 1);
insert into Region (regionId, countryId, regionCode, name, active_) values (8048, 8, 'LC', 'Lecco', 1);
insert into Region (regionId, countryId, regionCode, name, active_) values (8049, 8, 'LI', 'Livorno', 1);
insert into Region (regionId, countryId, regionCode, name, active_) values (8050, 8, 'LO', 'Lodi', 1);
insert into Region (regionId, countryId, regionCode, name, active_) values (8051, 8, 'LU', 'Lucca', 1);
insert into Region (regionId, countryId, regionCode, name, active_) values (8052, 8, 'MC', 'Macerata', 1);
insert into Region (regionId, countryId, regionCode, name, active_) values (8053, 8, 'MN', 'Mantova', 1);
insert into Region (regionId, countryId, regionCode, name, active_) values (8054, 8, 'MS', 'Massa-Carrara', 1);
insert into Region (regionId, countryId, regionCode, name, active_) values (8055, 8, 'MT', 'Matera', 1);
insert into Region (regionId, countryId, regionCode, name, active_) values (8056, 8, 'MA', 'Medio Campidano', 1);
insert into Region (regionId, countryId, regionCode, name, active_) values (8057, 8, 'ME', 'Messina', 1);
insert into Region (regionId, countryId, regionCode, name, active_) values (8058, 8, 'MI', 'Milano', 1);
insert into Region (regionId, countryId, regionCode, name, active_) values (8059, 8, 'MO', 'Modena', 1);
insert into Region (regionId, countryId, regionCode, name, active_) values (8060, 8, 'MZ', 'Monza', 1);
insert into Region (regionId, countryId, regionCode, name, active_) values (8061, 8, 'NA', 'Napoli', 1);
insert into Region (regionId, countryId, regionCode, name, active_) values (8062, 8, 'NO', 'Novara', 1);
insert into Region (regionId, countryId, regionCode, name, active_) values (8063, 8, 'NU', 'Nuoro', 1);
insert into Region (regionId, countryId, regionCode, name, active_) values (8064, 8, 'OG', 'Ogliastra', 1);
insert into Region (regionId, countryId, regionCode, name, active_) values (8065, 8, 'OT', 'Olbia-Tempio', 1);
insert into Region (regionId, countryId, regionCode, name, active_) values (8066, 8, 'OR', 'Oristano', 1);
insert into Region (regionId, countryId, regionCode, name, active_) values (8067, 8, 'PD', 'Padova', 1);
insert into Region (regionId, countryId, regionCode, name, active_) values (8068, 8, 'PA', 'Palermo', 1);
insert into Region (regionId, countryId, regionCode, name, active_) values (8069, 8, 'PR', 'Parma', 1);
insert into Region (regionId, countryId, regionCode, name, active_) values (8070, 8, 'PV', 'Pavia', 1);
insert into Region (regionId, countryId, regionCode, name, active_) values (8071, 8, 'PG', 'Perugia', 1);
insert into Region (regionId, countryId, regionCode, name, active_) values (8072, 8, 'PU', 'Pesaro e Urbino', 1);
insert into Region (regionId, countryId, regionCode, name, active_) values (8073, 8, 'PE', 'Pescara', 1);
insert into Region (regionId, countryId, regionCode, name, active_) values (8074, 8, 'PC', 'Piacenza', 1);
insert into Region (regionId, countryId, regionCode, name, active_) values (8075, 8, 'PI', 'Pisa', 1);
insert into Region (regionId, countryId, regionCode, name, active_) values (8076, 8, 'PT', 'Pistoia', 1);
insert into Region (regionId, countryId, regionCode, name, active_) values (8077, 8, 'PN', 'Pordenone', 1);
insert into Region (regionId, countryId, regionCode, name, active_) values (8078, 8, 'PZ', 'Potenza', 1);
insert into Region (regionId, countryId, regionCode, name, active_) values (8079, 8, 'PO', 'Prato', 1);
insert into Region (regionId, countryId, regionCode, name, active_) values (8080, 8, 'RG', 'Ragusa', 1);
insert into Region (regionId, countryId, regionCode, name, active_) values (8081, 8, 'RA', 'Ravenna', 1);
insert into Region (regionId, countryId, regionCode, name, active_) values (8082, 8, 'RC', 'Reggio Calabria', 1);
insert into Region (regionId, countryId, regionCode, name, active_) values (8083, 8, 'RE', 'Reggio Emilia', 1);
insert into Region (regionId, countryId, regionCode, name, active_) values (8084, 8, 'RI', 'Rieti', 1);
insert into Region (regionId, countryId, regionCode, name, active_) values (8085, 8, 'RN', 'Rimini', 1);
insert into Region (regionId, countryId, regionCode, name, active_) values (8086, 8, 'RM', 'Roma', 1);
insert into Region (regionId, countryId, regionCode, name, active_) values (8087, 8, 'RO', 'Rovigo', 1);
insert into Region (regionId, countryId, regionCode, name, active_) values (8088, 8, 'SA', 'Salerno', 1);
insert into Region (regionId, countryId, regionCode, name, active_) values (8089, 8, 'SS', 'Sassari', 1);
insert into Region (regionId, countryId, regionCode, name, active_) values (8090, 8, 'SV', 'Savona', 1);
insert into Region (regionId, countryId, regionCode, name, active_) values (8091, 8, 'SI', 'Siena', 1);
insert into Region (regionId, countryId, regionCode, name, active_) values (8092, 8, 'SR', 'Siracusa', 1);
insert into Region (regionId, countryId, regionCode, name, active_) values (8093, 8, 'SO', 'Sondrio', 1);
insert into Region (regionId, countryId, regionCode, name, active_) values (8094, 8, 'TA', 'Taranto', 1);
insert into Region (regionId, countryId, regionCode, name, active_) values (8095, 8, 'TE', 'Teramo', 1);
insert into Region (regionId, countryId, regionCode, name, active_) values (8096, 8, 'TR', 'Terni', 1);
insert into Region (regionId, countryId, regionCode, name, active_) values (8097, 8, 'TO', 'Torino', 1);
insert into Region (regionId, countryId, regionCode, name, active_) values (8098, 8, 'TP', 'Trapani', 1);
insert into Region (regionId, countryId, regionCode, name, active_) values (8099, 8, 'TN', 'Trento', 1);
insert into Region (regionId, countryId, regionCode, name, active_) values (8100, 8, 'TV', 'Treviso', 1);
insert into Region (regionId, countryId, regionCode, name, active_) values (8101, 8, 'TS', 'Trieste', 1);
insert into Region (regionId, countryId, regionCode, name, active_) values (8102, 8, 'UD', 'Udine', 1);
insert into Region (regionId, countryId, regionCode, name, active_) values (8103, 8, 'VA', 'Varese', 1);
insert into Region (regionId, countryId, regionCode, name, active_) values (8104, 8, 'VE', 'Venezia', 1);
insert into Region (regionId, countryId, regionCode, name, active_) values (8105, 8, 'VB', 'Verbano-Cusio-Ossola', 1);
insert into Region (regionId, countryId, regionCode, name, active_) values (8106, 8, 'VC', 'Vercelli', 1);
insert into Region (regionId, countryId, regionCode, name, active_) values (8107, 8, 'VR', 'Verona', 1);
insert into Region (regionId, countryId, regionCode, name, active_) values (8108, 8, 'VV', 'Vibo Valentia', 1);
insert into Region (regionId, countryId, regionCode, name, active_) values (8109, 8, 'VI', 'Vicenza', 1);
insert into Region (regionId, countryId, regionCode, name, active_) values (8110, 8, 'VT', 'Viterbo', 1);
insert into Region (regionId, countryId, regionCode, name, active_) values (15001, 15, 'AN', 'Andalusia', 1);
insert into Region (regionId, countryId, regionCode, name, active_) values (15002, 15, 'AR', 'Aragon', 1);
insert into Region (regionId, countryId, regionCode, name, active_) values (15003, 15, 'AS', 'Asturias', 1);
insert into Region (regionId, countryId, regionCode, name, active_) values (15004, 15, 'IB', 'Balearic Islands', 1);
insert into Region (regionId, countryId, regionCode, name, active_) values (15005, 15, 'PV', 'Basque Country', 1);
insert into Region (regionId, countryId, regionCode, name, active_) values (15006, 15, 'CN', 'Canary Islands', 1);
insert into Region (regionId, countryId, regionCode, name, active_) values (15007, 15, 'CB', 'Cantabria', 1);
insert into Region (regionId, countryId, regionCode, name, active_) values (15008, 15, 'CL', 'Castile and Leon', 1);
insert into Region (regionId, countryId, regionCode, name, active_) values (15009, 15, 'CM', 'Castile-La Mancha', 1);
insert into Region (regionId, countryId, regionCode, name, active_) values (15010, 15, 'CT', 'Catalonia', 1);
insert into Region (regionId, countryId, regionCode, name, active_) values (15011, 15, 'CE', 'Ceuta', 1);
insert into Region (regionId, countryId, regionCode, name, active_) values (15012, 15, 'EX', 'Extremadura', 1);
insert into Region (regionId, countryId, regionCode, name, active_) values (15013, 15, 'GA', 'Galicia', 1);
insert into Region (regionId, countryId, regionCode, name, active_) values (15014, 15, 'LO', 'La Rioja', 1);
insert into Region (regionId, countryId, regionCode, name, active_) values (15015, 15, 'M', 'Madrid', 1);
insert into Region (regionId, countryId, regionCode, name, active_) values (15016, 15, 'ML', 'Melilla', 1);
insert into Region (regionId, countryId, regionCode, name, active_) values (15017, 15, 'MU', 'Murcia', 1);
insert into Region (regionId, countryId, regionCode, name, active_) values (15018, 15, 'NA', 'Navarra', 1);
insert into Region (regionId, countryId, regionCode, name, active_) values (15019, 15, 'VC', 'Valencia', 1);
insert into Region (regionId, countryId, regionCode, name, active_) values (19001, 19, 'AL', 'Alabama', 1);
insert into Region (regionId, countryId, regionCode, name, active_) values (19002, 19, 'AK', 'Alaska', 1);
insert into Region (regionId, countryId, regionCode, name, active_) values (19003, 19, 'AZ', 'Arizona', 1);
insert into Region (regionId, countryId, regionCode, name, active_) values (19004, 19, 'AR', 'Arkansas', 1);
insert into Region (regionId, countryId, regionCode, name, active_) values (19005, 19, 'CA', 'California', 1);
insert into Region (regionId, countryId, regionCode, name, active_) values (19006, 19, 'CO', 'Colorado', 1);
insert into Region (regionId, countryId, regionCode, name, active_) values (19007, 19, 'CT', 'Connecticut', 1);
insert into Region (regionId, countryId, regionCode, name, active_) values (19008, 19, 'DC', 'District of Columbia', 1);
insert into Region (regionId, countryId, regionCode, name, active_) values (19009, 19, 'DE', 'Delaware', 1);
insert into Region (regionId, countryId, regionCode, name, active_) values (19010, 19, 'FL', 'Florida', 1);
insert into Region (regionId, countryId, regionCode, name, active_) values (19011, 19, 'GA', 'Georgia', 1);
insert into Region (regionId, countryId, regionCode, name, active_) values (19012, 19, 'HI', 'Hawaii', 1);
insert into Region (regionId, countryId, regionCode, name, active_) values (19013, 19, 'ID', 'Idaho', 1);
insert into Region (regionId, countryId, regionCode, name, active_) values (19014, 19, 'IL', 'Illinois', 1);
insert into Region (regionId, countryId, regionCode, name, active_) values (19015, 19, 'IN', 'Indiana', 1);
insert into Region (regionId, countryId, regionCode, name, active_) values (19016, 19, 'IA', 'Iowa', 1);
insert into Region (regionId, countryId, regionCode, name, active_) values (19017, 19, 'KS', 'Kansas', 1);
insert into Region (regionId, countryId, regionCode, name, active_) values (19018, 19, 'KY', 'Kentucky ', 1);
insert into Region (regionId, countryId, regionCode, name, active_) values (19019, 19, 'LA', 'Louisiana ', 1);
insert into Region (regionId, countryId, regionCode, name, active_) values (19020, 19, 'ME', 'Maine', 1);
insert into Region (regionId, countryId, regionCode, name, active_) values (19021, 19, 'MD', 'Maryland', 1);
insert into Region (regionId, countryId, regionCode, name, active_) values (19022, 19, 'MA', 'Massachusetts', 1);
insert into Region (regionId, countryId, regionCode, name, active_) values (19023, 19, 'MI', 'Michigan', 1);
insert into Region (regionId, countryId, regionCode, name, active_) values (19024, 19, 'MN', 'Minnesota', 1);
insert into Region (regionId, countryId, regionCode, name, active_) values (19025, 19, 'MS', 'Mississippi', 1);
insert into Region (regionId, countryId, regionCode, name, active_) values (19026, 19, 'MO', 'Missouri', 1);
insert into Region (regionId, countryId, regionCode, name, active_) values (19027, 19, 'MT', 'Montana', 1);
insert into Region (regionId, countryId, regionCode, name, active_) values (19028, 19, 'NE', 'Nebraska', 1);
insert into Region (regionId, countryId, regionCode, name, active_) values (19029, 19, 'NV', 'Nevada', 1);
insert into Region (regionId, countryId, regionCode, name, active_) values (19030, 19, 'NH', 'New Hampshire', 1);
insert into Region (regionId, countryId, regionCode, name, active_) values (19031, 19, 'NJ', 'New Jersey', 1);
insert into Region (regionId, countryId, regionCode, name, active_) values (19032, 19, 'NM', 'New Mexico', 1);
insert into Region (regionId, countryId, regionCode, name, active_) values (19033, 19, 'NY', 'New York', 1);
insert into Region (regionId, countryId, regionCode, name, active_) values (19034, 19, 'NC', 'North Carolina', 1);
insert into Region (regionId, countryId, regionCode, name, active_) values (19035, 19, 'ND', 'North Dakota', 1);
insert into Region (regionId, countryId, regionCode, name, active_) values (19036, 19, 'OH', 'Ohio', 1);
insert into Region (regionId, countryId, regionCode, name, active_) values (19037, 19, 'OK', 'Oklahoma ', 1);
insert into Region (regionId, countryId, regionCode, name, active_) values (19038, 19, 'OR', 'Oregon', 1);
insert into Region (regionId, countryId, regionCode, name, active_) values (19039, 19, 'PA', 'Pennsylvania', 1);
insert into Region (regionId, countryId, regionCode, name, active_) values (19040, 19, 'PR', 'Puerto Rico', 1);
insert into Region (regionId, countryId, regionCode, name, active_) values (19041, 19, 'RI', 'Rhode Island', 1);
insert into Region (regionId, countryId, regionCode, name, active_) values (19042, 19, 'SC', 'South Carolina', 1);
insert into Region (regionId, countryId, regionCode, name, active_) values (19043, 19, 'SD', 'South Dakota', 1);
insert into Region (regionId, countryId, regionCode, name, active_) values (19044, 19, 'TN', 'Tennessee', 1);
insert into Region (regionId, countryId, regionCode, name, active_) values (19045, 19, 'TX', 'Texas', 1);
insert into Region (regionId, countryId, regionCode, name, active_) values (19046, 19, 'UT', 'Utah', 1);
insert into Region (regionId, countryId, regionCode, name, active_) values (19047, 19, 'VT', 'Vermont', 1);
insert into Region (regionId, countryId, regionCode, name, active_) values (19048, 19, 'VA', 'Virginia', 1);
insert into Region (regionId, countryId, regionCode, name, active_) values (19049, 19, 'WA', 'Washington', 1);
insert into Region (regionId, countryId, regionCode, name, active_) values (19050, 19, 'WV', 'West Virginia', 1);
insert into Region (regionId, countryId, regionCode, name, active_) values (19051, 19, 'WI', 'Wisconsin', 1);
insert into Region (regionId, countryId, regionCode, name, active_) values (19052, 19, 'WY', 'Wyoming', 1);
insert into Region (regionId, countryId, regionCode, name, active_) values (32001, 32, 'ACT', 'Australian Capital Territory', 1);
insert into Region (regionId, countryId, regionCode, name, active_) values (32002, 32, 'NSW', 'New South Wales', 1);
insert into Region (regionId, countryId, regionCode, name, active_) values (32003, 32, 'NT', 'Northern Territory', 1);
insert into Region (regionId, countryId, regionCode, name, active_) values (32004, 32, 'QLD', 'Queensland', 1);
insert into Region (regionId, countryId, regionCode, name, active_) values (32005, 32, 'SA', 'South Australia', 1);
insert into Region (regionId, countryId, regionCode, name, active_) values (32006, 32, 'TAS', 'Tasmania', 1);
insert into Region (regionId, countryId, regionCode, name, active_) values (32007, 32, 'VIC', 'Victoria', 1);
insert into Region (regionId, countryId, regionCode, name, active_) values (32008, 32, 'WA', 'Western Australia', 1);
insert into Region (regionId, countryId, regionCode, name, active_) values (202001, 202, 'AG', 'Aargau', 1);
insert into Region (regionId, countryId, regionCode, name, active_) values (202002, 202, 'AR', 'Appenzell Ausserrhoden', 1);
insert into Region (regionId, countryId, regionCode, name, active_) values (202003, 202, 'AI', 'Appenzell Innerrhoden', 1);
insert into Region (regionId, countryId, regionCode, name, active_) values (202004, 202, 'BL', 'Basel-Landschaft', 1);
insert into Region (regionId, countryId, regionCode, name, active_) values (202005, 202, 'BS', 'Basel-Stadt', 1);
insert into Region (regionId, countryId, regionCode, name, active_) values (202006, 202, 'BE', 'Bern', 1);
insert into Region (regionId, countryId, regionCode, name, active_) values (202007, 202, 'FR', 'Fribourg', 1);
insert into Region (regionId, countryId, regionCode, name, active_) values (202008, 202, 'GE', 'Geneva', 1);
insert into Region (regionId, countryId, regionCode, name, active_) values (202009, 202, 'GL', 'Glarus', 1);
insert into Region (regionId, countryId, regionCode, name, active_) values (202010, 202, 'GR', 'Graubünden', 1);
insert into Region (regionId, countryId, regionCode, name, active_) values (202011, 202, 'JU', 'Jura', 1);
insert into Region (regionId, countryId, regionCode, name, active_) values (202012, 202, 'LU', 'Lucerne', 1);
insert into Region (regionId, countryId, regionCode, name, active_) values (202013, 202, 'NE', 'Neuchâtel', 1);
insert into Region (regionId, countryId, regionCode, name, active_) values (202014, 202, 'NW', 'Nidwalden', 1);
insert into Region (regionId, countryId, regionCode, name, active_) values (202015, 202, 'OW', 'Obwalden', 1);
insert into Region (regionId, countryId, regionCode, name, active_) values (202016, 202, 'SH', 'Schaffhausen', 1);
insert into Region (regionId, countryId, regionCode, name, active_) values (202017, 202, 'SZ', 'Schwyz', 1);
insert into Region (regionId, countryId, regionCode, name, active_) values (202018, 202, 'SO', 'Solothurn', 1);
insert into Region (regionId, countryId, regionCode, name, active_) values (202019, 202, 'SG', 'St. Gallen', 1);
insert into Region (regionId, countryId, regionCode, name, active_) values (202020, 202, 'TG', 'Thurgau', 1);
insert into Region (regionId, countryId, regionCode, name, active_) values (202021, 202, 'TI', 'Ticino', 1);
insert into Region (regionId, countryId, regionCode, name, active_) values (202022, 202, 'UR', 'Uri', 1);
insert into Region (regionId, countryId, regionCode, name, active_) values (202023, 202, 'VS', 'Valais', 1);
insert into Region (regionId, countryId, regionCode, name, active_) values (202024, 202, 'VD', 'Vaud', 1);
insert into Region (regionId, countryId, regionCode, name, active_) values (202025, 202, 'ZG', 'Zug', 1);
insert into Region (regionId, countryId, regionCode, name, active_) values (202026, 202, 'ZH', 'Zürich', 1);

--
-- List types for accounts
--

insert into ListType (listTypeId, name, type_) values (10000, 'Billing', 'com.liferay.portal.model.Account.address');
insert into ListType (listTypeId, name, type_) values (10001, 'Other', 'com.liferay.portal.model.Account.address');
insert into ListType (listTypeId, name, type_) values (10002, 'P.O. Box', 'com.liferay.portal.model.Account.address');
insert into ListType (listTypeId, name, type_) values (10003, 'Shipping', 'com.liferay.portal.model.Account.address');

insert into ListType (listTypeId, name, type_) values (10004, 'E-mail', 'com.liferay.portal.model.Account.emailAddress');
insert into ListType (listTypeId, name, type_) values (10005, 'E-mail 2', 'com.liferay.portal.model.Account.emailAddress');
insert into ListType (listTypeId, name, type_) values (10006, 'E-mail 3', 'com.liferay.portal.model.Account.emailAddress');

insert into ListType (listTypeId, name, type_) values (10007, 'Fax', 'com.liferay.portal.model.Account.phone');
insert into ListType (listTypeId, name, type_) values (10008, 'Local', 'com.liferay.portal.model.Account.phone');
insert into ListType (listTypeId, name, type_) values (10009, 'Other', 'com.liferay.portal.model.Account.phone');
insert into ListType (listTypeId, name, type_) values (10010, 'Toll-Free', 'com.liferay.portal.model.Account.phone');
insert into ListType (listTypeId, name, type_) values (10011, 'TTY', 'com.liferay.portal.model.Account.phone');

insert into ListType (listTypeId, name, type_) values (10012, 'Intranet', 'com.liferay.portal.model.Account.website');
insert into ListType (listTypeId, name, type_) values (10013, 'Public', 'com.liferay.portal.model.Account.website');

--
-- List types for contacts
--

insert into ListType (listTypeId, name, type_) values (11000, 'Business', 'com.liferay.portal.model.Contact.address');
insert into ListType (listTypeId, name, type_) values (11001, 'Other', 'com.liferay.portal.model.Contact.address');
insert into ListType (listTypeId, name, type_) values (11002, 'Personal', 'com.liferay.portal.model.Contact.address');

insert into ListType (listTypeId, name, type_) values (11003, 'E-mail', 'com.liferay.portal.model.Contact.emailAddress');
insert into ListType (listTypeId, name, type_) values (11004, 'E-mail 2', 'com.liferay.portal.model.Contact.emailAddress');
insert into ListType (listTypeId, name, type_) values (11005, 'E-mail 3', 'com.liferay.portal.model.Contact.emailAddress');

insert into ListType (listTypeId, name, type_) values (11006, 'Business', 'com.liferay.portal.model.Contact.phone');
insert into ListType (listTypeId, name, type_) values (11007, 'Business Fax', 'com.liferay.portal.model.Contact.phone');
insert into ListType (listTypeId, name, type_) values (11008, 'Mobile', 'com.liferay.portal.model.Contact.phone');
insert into ListType (listTypeId, name, type_) values (11009, 'Other', 'com.liferay.portal.model.Contact.phone');
insert into ListType (listTypeId, name, type_) values (11010, 'Pager', 'com.liferay.portal.model.Contact.phone');
insert into ListType (listTypeId, name, type_) values (11011, 'Personal', 'com.liferay.portal.model.Contact.phone');
insert into ListType (listTypeId, name, type_) values (11012, 'Personal Fax', 'com.liferay.portal.model.Contact.phone');
insert into ListType (listTypeId, name, type_) values (11013, 'TTY', 'com.liferay.portal.model.Contact.phone');

insert into ListType (listTypeId, name, type_) values (11014, 'Dr.', 'com.liferay.portal.model.Contact.prefix');
insert into ListType (listTypeId, name, type_) values (11015, 'Mr.', 'com.liferay.portal.model.Contact.prefix');
insert into ListType (listTypeId, name, type_) values (11016, 'Mrs.', 'com.liferay.portal.model.Contact.prefix');
insert into ListType (listTypeId, name, type_) values (11017, 'Ms.', 'com.liferay.portal.model.Contact.prefix');

insert into ListType (listTypeId, name, type_) values (11020, 'II', 'com.liferay.portal.model.Contact.suffix');
insert into ListType (listTypeId, name, type_) values (11021, 'III', 'com.liferay.portal.model.Contact.suffix');
insert into ListType (listTypeId, name, type_) values (11022, 'IV', 'com.liferay.portal.model.Contact.suffix');
insert into ListType (listTypeId, name, type_) values (11023, 'Jr.', 'com.liferay.portal.model.Contact.suffix');
insert into ListType (listTypeId, name, type_) values (11024, 'PhD.', 'com.liferay.portal.model.Contact.suffix');
insert into ListType (listTypeId, name, type_) values (11025, 'Sr.', 'com.liferay.portal.model.Contact.suffix');

insert into ListType (listTypeId, name, type_) values (11026, 'Blog', 'com.liferay.portal.model.Contact.website');
insert into ListType (listTypeId, name, type_) values (11027, 'Business', 'com.liferay.portal.model.Contact.website');
insert into ListType (listTypeId, name, type_) values (11028, 'Other', 'com.liferay.portal.model.Contact.website');
insert into ListType (listTypeId, name, type_) values (11029, 'Personal', 'com.liferay.portal.model.Contact.website');

--
-- List types for organizations
--

insert into ListType (listTypeId, name, type_) values (12000, 'Billing', 'com.liferay.portal.model.Organization.address');
insert into ListType (listTypeId, name, type_) values (12001, 'Other', 'com.liferay.portal.model.Organization.address');
insert into ListType (listTypeId, name, type_) values (12002, 'P.O. Box', 'com.liferay.portal.model.Organization.address');
insert into ListType (listTypeId, name, type_) values (12003, 'Shipping', 'com.liferay.portal.model.Organization.address');

insert into ListType (listTypeId, name, type_) values (12004, 'E-mail', 'com.liferay.portal.model.Organization.emailAddress');
insert into ListType (listTypeId, name, type_) values (12005, 'E-mail 2', 'com.liferay.portal.model.Organization.emailAddress');
insert into ListType (listTypeId, name, type_) values (12006, 'E-mail 3', 'com.liferay.portal.model.Organization.emailAddress');

insert into ListType (listTypeId, name, type_) values (12007, 'Fax', 'com.liferay.portal.model.Organization.phone');
insert into ListType (listTypeId, name, type_) values (12008, 'Local', 'com.liferay.portal.model.Organization.phone');
insert into ListType (listTypeId, name, type_) values (12009, 'Other', 'com.liferay.portal.model.Organization.phone');
insert into ListType (listTypeId, name, type_) values (12010, 'Toll-Free', 'com.liferay.portal.model.Organization.phone');
insert into ListType (listTypeId, name, type_) values (12011, 'TTY', 'com.liferay.portal.model.Organization.phone');

insert into ListType (listTypeId, name, type_) values (12012, 'Administrative', 'com.liferay.portal.model.Organization.service');
insert into ListType (listTypeId, name, type_) values (12013, 'Contracts', 'com.liferay.portal.model.Organization.service');
insert into ListType (listTypeId, name, type_) values (12014, 'Donation', 'com.liferay.portal.model.Organization.service');
insert into ListType (listTypeId, name, type_) values (12015, 'Retail', 'com.liferay.portal.model.Organization.service');
insert into ListType (listTypeId, name, type_) values (12016, 'Training', 'com.liferay.portal.model.Organization.service');

insert into ListType (listTypeId, name, type_) values (12017, 'Full Member', 'com.liferay.portal.model.Organization.status');
insert into ListType (listTypeId, name, type_) values (12018, 'Provisional Member', 'com.liferay.portal.model.Organization.status');

insert into ListType (listTypeId, name, type_) values (12019, 'Intranet', 'com.liferay.portal.model.Organization.website');
insert into ListType (listTypeId, name, type_) values (12020, 'Public', 'com.liferay.portal.model.Organization.website');



insert into Counter values ('com.liferay.counter.model.Counter', 10000);


insert into Release_ (releaseId, createDate, modifiedDate, buildNumber, verified) values (1, date('now'), date('now'), 5205, 0);


create table QUARTZ_JOB_DETAILS (
	JOB_NAME varchar(80) not null,
	JOB_GROUP varchar(80) not null,
	DESCRIPTION varchar(120) null,
	JOB_CLASS_NAME varchar(128) not null,
	IS_DURABLE tinyint not null,
	IS_VOLATILE tinyint not null,
	IS_STATEFUL tinyint not null,
	REQUESTS_RECOVERY tinyint not null,
	JOB_DATA byte varying null,
	primary key (JOB_NAME, JOB_GROUP)
);

create table QUARTZ_JOB_LISTENERS (
	JOB_NAME varchar(80) not null,
	JOB_GROUP varchar(80) not null,
	JOB_LISTENER varchar(80) not null,
	primary key (JOB_NAME, JOB_GROUP, JOB_LISTENER)
);

create table QUARTZ_TRIGGERS (
	TRIGGER_NAME varchar(80) not null,
	TRIGGER_GROUP varchar(80) not null,
	JOB_NAME varchar(80) not null,
	JOB_GROUP varchar(80) not null,
	IS_VOLATILE tinyint not null,
	DESCRIPTION varchar(120) null,
	NEXT_FIRE_TIME bigint null,
	PREV_FIRE_TIME bigint null,
	PRIORITY integer null,
	TRIGGER_STATE varchar(16) not null,
	TRIGGER_TYPE varchar(8) not null,
	START_TIME bigint not null,
	END_TIME bigint null,
	CALENDAR_NAME varchar(80) null,
	MISFIRE_INSTR integer null,
	JOB_DATA byte varying null,
	primary key (TRIGGER_NAME, TRIGGER_GROUP)
);

create table QUARTZ_SIMPLE_TRIGGERS (
	TRIGGER_NAME varchar(80) not null,
	TRIGGER_GROUP varchar(80) not null,
	REPEAT_COUNT bigint not null,
	REPEAT_INTERVAL bigint not null,
	TIMES_TRIGGERED bigint not null,
	primary key (TRIGGER_NAME, TRIGGER_GROUP)
);

create table QUARTZ_CRON_TRIGGERS (
	TRIGGER_NAME varchar(80) not null,
	TRIGGER_GROUP varchar(80) not null,
	CRON_EXPRESSION varchar(80) not null,
	TIME_ZONE_ID varchar(80),
	primary key (TRIGGER_NAME, TRIGGER_GROUP)
);

create table QUARTZ_BLOB_TRIGGERS (
	TRIGGER_NAME varchar(80) not null,
	TRIGGER_GROUP varchar(80) not null,
	BLOB_DATA byte varying null,
	primary key (TRIGGER_NAME, TRIGGER_GROUP)
);

create table QUARTZ_TRIGGER_LISTENERS (
	TRIGGER_NAME varchar(80) not null,
	TRIGGER_GROUP varchar(80) not null,
	TRIGGER_LISTENER varchar(80) not null,
	primary key (TRIGGER_NAME, TRIGGER_GROUP, TRIGGER_LISTENER)
);

create table QUARTZ_CALENDARS (
	CALENDAR_NAME varchar(80) not null primary key,
	CALENDAR byte varying not null
);

create table QUARTZ_PAUSED_TRIGGER_GRPS (
	TRIGGER_GROUP varchar(80) not null primary key
);

create table QUARTZ_FIRED_TRIGGERS (
	ENTRY_ID varchar(95) not null primary key,
	TRIGGER_NAME varchar(80) not null,
	TRIGGER_GROUP varchar(80) not null,
	IS_VOLATILE tinyint not null,
	INSTANCE_NAME varchar(80) not null,
	FIRED_TIME bigint not null,
	PRIORITY integer not null,
	STATE varchar(16) not null,
	JOB_NAME varchar(80) null,
	JOB_GROUP varchar(80) null,
	IS_STATEFUL tinyint null,
	REQUESTS_RECOVERY tinyint null
);

create table QUARTZ_SCHEDULER_STATE (
	INSTANCE_NAME varchar(80) not null primary key,
	LAST_CHECKIN_TIME bigint not null,
	CHECKIN_INTERVAL bigint not null
);

create table QUARTZ_LOCKS (
	LOCK_NAME varchar(40) not null primary key
);

commit;\g

insert into QUARTZ_LOCKS values('TRIGGER_ACCESS');
insert into QUARTZ_LOCKS values('JOB_ACCESS');
insert into QUARTZ_LOCKS values('CALENDAR_ACCESS');
insert into QUARTZ_LOCKS values('STATE_ACCESS');
insert into QUARTZ_LOCKS values('MISFIRE_ACCESS');

create index IX_F7655CC3 on QUARTZ_TRIGGERS (NEXT_FIRE_TIME);
create index IX_9955EFB5 on QUARTZ_TRIGGERS (TRIGGER_STATE);
create index IX_8040C593 on QUARTZ_TRIGGERS (TRIGGER_STATE, NEXT_FIRE_TIME);
create index IX_804154AF on QUARTZ_FIRED_TRIGGERS (INSTANCE_NAME);
create index IX_BAB9A1F7 on QUARTZ_FIRED_TRIGGERS (JOB_GROUP);
create index IX_ADEE6A17 on QUARTZ_FIRED_TRIGGERS (JOB_NAME);
create index IX_64B194F2 on QUARTZ_FIRED_TRIGGERS (TRIGGER_GROUP);
create index IX_5FEABBC on QUARTZ_FIRED_TRIGGERS (TRIGGER_NAME);
create index IX_20D8706C on QUARTZ_FIRED_TRIGGERS (TRIGGER_NAME, TRIGGER_GROUP);



commit;\g
