create table Account_ (
	accountId decimal(20,0) not null primary key,
	companyId decimal(20,0),
	userId decimal(20,0),
	userName varchar(75) null,
	createDate datetime null,
	modifiedDate datetime null,
	parentAccountId decimal(20,0),
	name varchar(75) null,
	legalName varchar(75) null,
	legalId varchar(75) null,
	legalType varchar(75) null,
	sicCode varchar(75) null,
	tickerSymbol varchar(75) null,
	industry varchar(75) null,
	type_ varchar(75) null,
	size_ varchar(75) null
)
go

create table Address (
	addressId decimal(20,0) not null primary key,
	companyId decimal(20,0),
	userId decimal(20,0),
	userName varchar(75) null,
	createDate datetime null,
	modifiedDate datetime null,
	classNameId decimal(20,0),
	classPK decimal(20,0),
	street1 varchar(75) null,
	street2 varchar(75) null,
	street3 varchar(75) null,
	city varchar(75) null,
	zip varchar(75) null,
	regionId decimal(20,0),
	countryId decimal(20,0),
	typeId int,
	mailing int,
	primary_ int
)
go

create table AnnouncementsDelivery (
	deliveryId decimal(20,0) not null primary key,
	companyId decimal(20,0),
	userId decimal(20,0),
	type_ varchar(75) null,
	email int,
	sms int,
	website int
)
go

create table AnnouncementsEntry (
	uuid_ varchar(75) null,
	entryId decimal(20,0) not null primary key,
	companyId decimal(20,0),
	userId decimal(20,0),
	userName varchar(75) null,
	createDate datetime null,
	modifiedDate datetime null,
	classNameId decimal(20,0),
	classPK decimal(20,0),
	title varchar(75) null,
	content varchar(1000) null,
	url varchar(1000) null,
	type_ varchar(75) null,
	displayDate datetime null,
	expirationDate datetime null,
	priority int,
	alert int
)
go

create table AnnouncementsFlag (
	flagId decimal(20,0) not null primary key,
	userId decimal(20,0),
	createDate datetime null,
	entryId decimal(20,0),
	value int
)
go

create table BlogsEntry (
	uuid_ varchar(75) null,
	entryId decimal(20,0) not null primary key,
	groupId decimal(20,0),
	companyId decimal(20,0),
	userId decimal(20,0),
	userName varchar(75) null,
	createDate datetime null,
	modifiedDate datetime null,
	title varchar(150) null,
	urlTitle varchar(150) null,
	content text null,
	displayDate datetime null,
	draft int,
	allowTrackbacks int,
	trackbacks text null
)
go

create table BlogsStatsUser (
	statsUserId decimal(20,0) not null primary key,
	groupId decimal(20,0),
	companyId decimal(20,0),
	userId decimal(20,0),
	entryCount int,
	lastPostDate datetime null,
	ratingsTotalEntries int,
	ratingsTotalScore float,
	ratingsAverageScore float
)
go

create table BookmarksEntry (
	uuid_ varchar(75) null,
	entryId decimal(20,0) not null primary key,
	groupId decimal(20,0),
	companyId decimal(20,0),
	userId decimal(20,0),
	createDate datetime null,
	modifiedDate datetime null,
	folderId decimal(20,0),
	name varchar(255) null,
	url varchar(1000) null,
	comments varchar(1000) null,
	visits int,
	priority int
)
go

create table BookmarksFolder (
	uuid_ varchar(75) null,
	folderId decimal(20,0) not null primary key,
	groupId decimal(20,0),
	companyId decimal(20,0),
	userId decimal(20,0),
	createDate datetime null,
	modifiedDate datetime null,
	parentFolderId decimal(20,0),
	name varchar(75) null,
	description varchar(1000) null
)
go

create table BrowserTracker (
	browserTrackerId decimal(20,0) not null primary key,
	userId decimal(20,0),
	browserKey decimal(20,0)
)
go

create table CalEvent (
	uuid_ varchar(75) null,
	eventId decimal(20,0) not null primary key,
	groupId decimal(20,0),
	companyId decimal(20,0),
	userId decimal(20,0),
	userName varchar(75) null,
	createDate datetime null,
	modifiedDate datetime null,
	title varchar(75) null,
	description varchar(1000) null,
	startDate datetime null,
	endDate datetime null,
	durationHour int,
	durationMinute int,
	allDay int,
	timeZoneSensitive int,
	type_ varchar(75) null,
	repeating int,
	recurrence text null,
	remindBy int,
	firstReminder int,
	secondReminder int
)
go

create table ClassName_ (
	classNameId decimal(20,0) not null primary key,
	value varchar(200) null
)
go

create table Company (
	companyId decimal(20,0) not null primary key,
	accountId decimal(20,0),
	webId varchar(75) null,
	key_ text null,
	virtualHost varchar(75) null,
	mx varchar(75) null,
	homeURL varchar(1000) null,
	logoId decimal(20,0),
	system int
)
go

create table Contact_ (
	contactId decimal(20,0) not null primary key,
	companyId decimal(20,0),
	userId decimal(20,0),
	userName varchar(75) null,
	createDate datetime null,
	modifiedDate datetime null,
	accountId decimal(20,0),
	parentContactId decimal(20,0),
	firstName varchar(75) null,
	middleName varchar(75) null,
	lastName varchar(75) null,
	prefixId int,
	suffixId int,
	male int,
	birthday datetime null,
	smsSn varchar(75) null,
	aimSn varchar(75) null,
	facebookSn varchar(75) null,
	icqSn varchar(75) null,
	jabberSn varchar(75) null,
	msnSn varchar(75) null,
	mySpaceSn varchar(75) null,
	skypeSn varchar(75) null,
	twitterSn varchar(75) null,
	ymSn varchar(75) null,
	employeeStatusId varchar(75) null,
	employeeNumber varchar(75) null,
	jobTitle varchar(100) null,
	jobClass varchar(75) null,
	hoursOfOperation varchar(75) null
)
go

create table Counter (
	name varchar(75) not null primary key,
	currentId decimal(20,0)
)
go

create table Country (
	countryId decimal(20,0) not null primary key,
	name varchar(75) null,
	a2 varchar(75) null,
	a3 varchar(75) null,
	number_ varchar(75) null,
	idd_ varchar(75) null,
	active_ int
)
go

create table Customer (
	customerId int not null primary key,
	name varchar(75) null
)
go

create table CyrusUser (
	userId varchar(75) not null primary key,
	password_ varchar(75) not null
)
go

create table CyrusVirtual (
	emailAddress varchar(75) not null primary key,
	userId varchar(75) not null
)
go

create table DLFileEntry (
	uuid_ varchar(75) null,
	fileEntryId decimal(20,0) not null primary key,
	groupId decimal(20,0),
	companyId decimal(20,0),
	userId decimal(20,0),
	userName varchar(75) null,
	versionUserId decimal(20,0),
	versionUserName varchar(75) null,
	createDate datetime null,
	modifiedDate datetime null,
	folderId decimal(20,0),
	name varchar(255) null,
	title varchar(255) null,
	description varchar(1000) null,
	version float,
	size_ int,
	readCount int,
	extraSettings text null
)
go

create table DLFileRank (
	fileRankId decimal(20,0) not null primary key,
	groupId decimal(20,0),
	companyId decimal(20,0),
	userId decimal(20,0),
	createDate datetime null,
	folderId decimal(20,0),
	name varchar(255) null
)
go

create table DLFileShortcut (
	uuid_ varchar(75) null,
	fileShortcutId decimal(20,0) not null primary key,
	groupId decimal(20,0),
	companyId decimal(20,0),
	userId decimal(20,0),
	userName varchar(75) null,
	createDate datetime null,
	modifiedDate datetime null,
	folderId decimal(20,0),
	toFolderId decimal(20,0),
	toName varchar(255) null
)
go

create table DLFileVersion (
	fileVersionId decimal(20,0) not null primary key,
	groupId decimal(20,0),
	companyId decimal(20,0),
	userId decimal(20,0),
	userName varchar(75) null,
	createDate datetime null,
	folderId decimal(20,0),
	name varchar(255) null,
	version float,
	size_ int
)
go

create table DLFolder (
	uuid_ varchar(75) null,
	folderId decimal(20,0) not null primary key,
	groupId decimal(20,0),
	companyId decimal(20,0),
	userId decimal(20,0),
	userName varchar(75) null,
	createDate datetime null,
	modifiedDate datetime null,
	parentFolderId decimal(20,0),
	name varchar(100) null,
	description varchar(1000) null,
	lastPostDate datetime null
)
go

create table EmailAddress (
	emailAddressId decimal(20,0) not null primary key,
	companyId decimal(20,0),
	userId decimal(20,0),
	userName varchar(75) null,
	createDate datetime null,
	modifiedDate datetime null,
	classNameId decimal(20,0),
	classPK decimal(20,0),
	address varchar(75) null,
	typeId int,
	primary_ int
)
go

create table ExpandoColumn (
	columnId decimal(20,0) not null primary key,
	companyId decimal(20,0),
	tableId decimal(20,0),
	name varchar(75) null,
	type_ int,
	defaultData varchar(1000) null,
	typeSettings text null
)
go

create table ExpandoRow (
	rowId_ decimal(20,0) not null primary key,
	companyId decimal(20,0),
	tableId decimal(20,0),
	classPK decimal(20,0)
)
go

create table ExpandoTable (
	tableId decimal(20,0) not null primary key,
	companyId decimal(20,0),
	classNameId decimal(20,0),
	name varchar(75) null
)
go

create table ExpandoValue (
	valueId decimal(20,0) not null primary key,
	companyId decimal(20,0),
	tableId decimal(20,0),
	columnId decimal(20,0),
	rowId_ decimal(20,0),
	classNameId decimal(20,0),
	classPK decimal(20,0),
	data_ varchar(1000) null
)
go

create table Group_ (
	groupId decimal(20,0) not null primary key,
	companyId decimal(20,0),
	creatorUserId decimal(20,0),
	classNameId decimal(20,0),
	classPK decimal(20,0),
	parentGroupId decimal(20,0),
	liveGroupId decimal(20,0),
	name varchar(75) null,
	description varchar(1000) null,
	type_ int,
	typeSettings varchar(1000) null,
	friendlyURL varchar(100) null,
	active_ int
)
go

create table Groups_Orgs (
	groupId decimal(20,0) not null,
	organizationId decimal(20,0) not null,
	primary key (groupId, organizationId)
)
go

create table Groups_Permissions (
	groupId decimal(20,0) not null,
	permissionId decimal(20,0) not null,
	primary key (groupId, permissionId)
)
go

create table Groups_Roles (
	groupId decimal(20,0) not null,
	roleId decimal(20,0) not null,
	primary key (groupId, roleId)
)
go

create table Groups_UserGroups (
	groupId decimal(20,0) not null,
	userGroupId decimal(20,0) not null,
	primary key (groupId, userGroupId)
)
go

create table IGFolder (
	uuid_ varchar(75) null,
	folderId decimal(20,0) not null primary key,
	groupId decimal(20,0),
	companyId decimal(20,0),
	userId decimal(20,0),
	createDate datetime null,
	modifiedDate datetime null,
	parentFolderId decimal(20,0),
	name varchar(75) null,
	description varchar(1000) null
)
go

create table IGImage (
	uuid_ varchar(75) null,
	imageId decimal(20,0) not null primary key,
	groupId decimal(20,0),
	companyId decimal(20,0),
	userId decimal(20,0),
	createDate datetime null,
	modifiedDate datetime null,
	folderId decimal(20,0),
	name varchar(75) null,
	description varchar(1000) null,
	smallImageId decimal(20,0),
	largeImageId decimal(20,0),
	custom1ImageId decimal(20,0),
	custom2ImageId decimal(20,0)
)
go

create table Image (
	imageId decimal(20,0) not null primary key,
	modifiedDate datetime null,
	text_ text null,
	type_ varchar(75) null,
	height int,
	width int,
	size_ int
)
go

create table Item (
	number_ int not null primary key,
	code_ varchar(75) null,
	checksum varchar(75) null,
	lockoutDate datetime null
)
go

create table JournalArticle (
	uuid_ varchar(75) null,
	id_ decimal(20,0) not null primary key,
	resourcePrimKey decimal(20,0),
	groupId decimal(20,0),
	companyId decimal(20,0),
	userId decimal(20,0),
	userName varchar(75) null,
	createDate datetime null,
	modifiedDate datetime null,
	articleId varchar(75) null,
	version float,
	title varchar(100) null,
	urlTitle varchar(150) null,
	description varchar(1000) null,
	content text null,
	type_ varchar(75) null,
	structureId varchar(75) null,
	templateId varchar(75) null,
	displayDate datetime null,
	approved int,
	approvedByUserId decimal(20,0),
	approvedByUserName varchar(75) null,
	approvedDate datetime null,
	expired int,
	expirationDate datetime null,
	reviewDate datetime null,
	indexable int,
	smallImage int,
	smallImageId decimal(20,0),
	smallImageURL varchar(75) null
)
go

create table JournalArticleImage (
	articleImageId decimal(20,0) not null primary key,
	groupId decimal(20,0),
	articleId varchar(75) null,
	version float,
	elInstanceId varchar(75) null,
	elName varchar(75) null,
	languageId varchar(75) null,
	tempImage int
)
go

create table JournalArticleResource (
	resourcePrimKey decimal(20,0) not null primary key,
	groupId decimal(20,0),
	articleId varchar(75) null
)
go

create table JournalContentSearch (
	contentSearchId decimal(20,0) not null primary key,
	groupId decimal(20,0),
	companyId decimal(20,0),
	privateLayout int,
	layoutId decimal(20,0),
	portletId varchar(200) null,
	articleId varchar(75) null
)
go

create table JournalFeed (
	uuid_ varchar(75) null,
	id_ decimal(20,0) not null primary key,
	groupId decimal(20,0),
	companyId decimal(20,0),
	userId decimal(20,0),
	userName varchar(75) null,
	createDate datetime null,
	modifiedDate datetime null,
	feedId varchar(75) null,
	name varchar(75) null,
	description varchar(1000) null,
	type_ varchar(75) null,
	structureId varchar(75) null,
	templateId varchar(75) null,
	rendererTemplateId varchar(75) null,
	delta int,
	orderByCol varchar(75) null,
	orderByType varchar(75) null,
	targetLayoutFriendlyUrl varchar(75) null,
	targetPortletId varchar(75) null,
	contentField varchar(75) null,
	feedType varchar(75) null,
	feedVersion float
)
go

create table JournalStructure (
	uuid_ varchar(75) null,
	id_ decimal(20,0) not null primary key,
	groupId decimal(20,0),
	companyId decimal(20,0),
	userId decimal(20,0),
	userName varchar(75) null,
	createDate datetime null,
	modifiedDate datetime null,
	structureId varchar(75) null,
	parentStructureId varchar(75) null,
	name varchar(75) null,
	description varchar(1000) null,
	xsd text null
)
go

create table JournalTemplate (
	uuid_ varchar(75) null,
	id_ decimal(20,0) not null primary key,
	groupId decimal(20,0),
	companyId decimal(20,0),
	userId decimal(20,0),
	userName varchar(75) null,
	createDate datetime null,
	modifiedDate datetime null,
	templateId varchar(75) null,
	structureId varchar(75) null,
	name varchar(75) null,
	description varchar(1000) null,
	xsl text null,
	langType varchar(75) null,
	cacheable int,
	smallImage int,
	smallImageId decimal(20,0),
	smallImageURL varchar(75) null
)
go

create table Layout (
	plid decimal(20,0) not null primary key,
	groupId decimal(20,0),
	companyId decimal(20,0),
	privateLayout int,
	layoutId decimal(20,0),
	parentLayoutId decimal(20,0),
	name varchar(1000) null,
	title varchar(1000) null,
	description varchar(1000) null,
	type_ varchar(75) null,
	typeSettings text null,
	hidden_ int,
	friendlyURL varchar(100) null,
	iconImage int,
	iconImageId decimal(20,0),
	themeId varchar(75) null,
	colorSchemeId varchar(75) null,
	wapThemeId varchar(75) null,
	wapColorSchemeId varchar(75) null,
	css varchar(1000) null,
	priority int,
	dlFolderId decimal(20,0)
)
go

create table LayoutSet (
	layoutSetId decimal(20,0) not null primary key,
	groupId decimal(20,0),
	companyId decimal(20,0),
	privateLayout int,
	logo int,
	logoId decimal(20,0),
	themeId varchar(75) null,
	colorSchemeId varchar(75) null,
	wapThemeId varchar(75) null,
	wapColorSchemeId varchar(75) null,
	css varchar(1000) null,
	pageCount int,
	virtualHost varchar(75) null
)
go

create table ListType (
	listTypeId int not null primary key,
	name varchar(75) null,
	type_ varchar(75) null
)
go

create table Lot (
	code_ varchar(75) not null primary key,
	checksum varchar(75) null,
	lotNumber int,
	number_ int,
	pressed int,
	nbTries int,
	lockoutDate datetime null,
	participantId decimal(20,0),
	reservationId decimal(20,0),
	partnerId decimal(20,0)
)
go

create table LotReservation (
	reservationId decimal(20,0) not null primary key,
	participantId decimal(20,0),
	numberLots int,
	approved int,
	reservationDate datetime null
)
go

create table MBBan (
	banId decimal(20,0) not null primary key,
	groupId decimal(20,0),
	companyId decimal(20,0),
	userId decimal(20,0),
	userName varchar(75) null,
	createDate datetime null,
	modifiedDate datetime null,
	banUserId decimal(20,0)
)
go

create table MBCategory (
	uuid_ varchar(75) null,
	categoryId decimal(20,0) not null primary key,
	groupId decimal(20,0),
	companyId decimal(20,0),
	userId decimal(20,0),
	userName varchar(75) null,
	createDate datetime null,
	modifiedDate datetime null,
	parentCategoryId decimal(20,0),
	name varchar(75) null,
	description varchar(1000) null,
	threadCount int,
	messageCount int,
	lastPostDate datetime null
)
go

create table MBDiscussion (
	discussionId decimal(20,0) not null primary key,
	classNameId decimal(20,0),
	classPK decimal(20,0),
	threadId decimal(20,0)
)
go

create table MBMailingList (
	uuid_ varchar(75) null,
	mailingListId decimal(20,0) not null primary key,
	groupId decimal(20,0),
	companyId decimal(20,0),
	userId decimal(20,0),
	userName varchar(75) null,
	createDate datetime null,
	modifiedDate datetime null,
	categoryId decimal(20,0),
	emailAddress varchar(75) null,
	inProtocol varchar(75) null,
	inServerName varchar(75) null,
	inServerPort int,
	inUseSSL int,
	inUserName varchar(75) null,
	inPassword varchar(75) null,
	inReadInterval int,
	outEmailAddress varchar(75) null,
	outCustom int,
	outServerName varchar(75) null,
	outServerPort int,
	outUseSSL int,
	outUserName varchar(75) null,
	outPassword varchar(75) null,
	active_ int
)
go

create table MBMessage (
	uuid_ varchar(75) null,
	messageId decimal(20,0) not null primary key,
	groupId decimal(20,0),
	companyId decimal(20,0),
	userId decimal(20,0),
	userName varchar(75) null,
	createDate datetime null,
	modifiedDate datetime null,
	classNameId decimal(20,0),
	classPK decimal(20,0),
	categoryId decimal(20,0),
	threadId decimal(20,0),
	parentMessageId decimal(20,0),
	subject varchar(75) null,
	body text null,
	attachments int,
	anonymous int,
	priority float
)
go

create table MBMessageFlag (
	messageFlagId decimal(20,0) not null primary key,
	userId decimal(20,0),
	modifiedDate datetime null,
	threadId decimal(20,0),
	messageId decimal(20,0),
	flag int
)
go

create table MBStatsUser (
	statsUserId decimal(20,0) not null primary key,
	groupId decimal(20,0),
	userId decimal(20,0),
	messageCount int,
	lastPostDate datetime null
)
go

create table MBThread (
	threadId decimal(20,0) not null primary key,
	groupId decimal(20,0),
	categoryId decimal(20,0),
	rootMessageId decimal(20,0),
	messageCount int,
	viewCount int,
	lastPostByUserId decimal(20,0),
	lastPostDate datetime null,
	priority float
)
go

create table MembershipRequest (
	membershipRequestId decimal(20,0) not null primary key,
	companyId decimal(20,0),
	userId decimal(20,0),
	createDate datetime null,
	groupId decimal(20,0),
	comments varchar(1000) null,
	replyComments varchar(1000) null,
	replyDate datetime null,
	replierUserId decimal(20,0),
	statusId int
)
go

create table Organization_ (
	organizationId decimal(20,0) not null primary key,
	companyId decimal(20,0),
	parentOrganizationId decimal(20,0),
	leftOrganizationId decimal(20,0),
	rightOrganizationId decimal(20,0),
	name varchar(100) null,
	type_ varchar(75) null,
	recursable int,
	regionId decimal(20,0),
	countryId decimal(20,0),
	statusId int,
	comments varchar(1000) null
)
go

create table OrgGroupPermission (
	organizationId decimal(20,0) not null,
	groupId decimal(20,0) not null,
	permissionId decimal(20,0) not null,
	primary key (organizationId, groupId, permissionId)
)
go

create table OrgGroupRole (
	organizationId decimal(20,0) not null,
	groupId decimal(20,0) not null,
	roleId decimal(20,0) not null,
	primary key (organizationId, groupId, roleId)
)
go

create table OrgLabor (
	orgLaborId decimal(20,0) not null primary key,
	organizationId decimal(20,0),
	typeId int,
	sunOpen int,
	sunClose int,
	monOpen int,
	monClose int,
	tueOpen int,
	tueClose int,
	wedOpen int,
	wedClose int,
	thuOpen int,
	thuClose int,
	friOpen int,
	friClose int,
	satOpen int,
	satClose int
)
go

create table Participant (
	participantId decimal(20,0) not null primary key,
	emailAddress varchar(75) null,
	mobileNumber varchar(75) null,
	firstName varchar(75) null,
	lastName varchar(75) null,
	contestParticipant int,
	mercedesDriver int,
	carBrand varchar(75) null,
	mercedesOld int
)
go

create table Participant_Lots (
	participantId decimal(20,0) not null,
	number_ decimal(20,0) not null,
	primary key (participantId, number)
)
go

create table Partner (
	partnerId decimal(20,0) not null primary key,
	category varchar(75) null,
	name varchar(75) null,
	returnedLotsCount int
)
go

create table PasswordPolicy (
	passwordPolicyId decimal(20,0) not null primary key,
	companyId decimal(20,0),
	userId decimal(20,0),
	userName varchar(75) null,
	createDate datetime null,
	modifiedDate datetime null,
	defaultPolicy int,
	name varchar(75) null,
	description varchar(1000) null,
	changeable int,
	changeRequired int,
	minAge decimal(20,0),
	checkSyntax int,
	allowDictionaryWords int,
	minLength int,
	history int,
	historyCount int,
	expireable int,
	maxAge decimal(20,0),
	warningTime decimal(20,0),
	graceLimit int,
	lockout int,
	maxFailure int,
	lockoutDuration decimal(20,0),
	requireUnlock int,
	resetFailureCount decimal(20,0)
)
go

create table PasswordPolicyRel (
	passwordPolicyRelId decimal(20,0) not null primary key,
	passwordPolicyId decimal(20,0),
	classNameId decimal(20,0),
	classPK decimal(20,0)
)
go

create table PasswordTracker (
	passwordTrackerId decimal(20,0) not null primary key,
	userId decimal(20,0),
	createDate datetime null,
	password_ varchar(75) null
)
go

create table Permission_ (
	permissionId decimal(20,0) not null primary key,
	companyId decimal(20,0),
	actionId varchar(75) null,
	resourceId decimal(20,0)
)
go

create table Phone (
	phoneId decimal(20,0) not null primary key,
	companyId decimal(20,0),
	userId decimal(20,0),
	userName varchar(75) null,
	createDate datetime null,
	modifiedDate datetime null,
	classNameId decimal(20,0),
	classPK decimal(20,0),
	number_ varchar(75) null,
	extension varchar(75) null,
	typeId int,
	primary_ int
)
go

create table PluginSetting (
	pluginSettingId decimal(20,0) not null primary key,
	companyId decimal(20,0),
	pluginId varchar(75) null,
	pluginType varchar(75) null,
	roles varchar(1000) null,
	active_ int
)
go

create table PollsChoice (
	uuid_ varchar(75) null,
	choiceId decimal(20,0) not null primary key,
	questionId decimal(20,0),
	name varchar(75) null,
	description varchar(1000) null
)
go

create table PollsQuestion (
	uuid_ varchar(75) null,
	questionId decimal(20,0) not null primary key,
	groupId decimal(20,0),
	companyId decimal(20,0),
	userId decimal(20,0),
	userName varchar(75) null,
	createDate datetime null,
	modifiedDate datetime null,
	title varchar(500) null,
	description varchar(1000) null,
	expirationDate datetime null,
	lastVoteDate datetime null
)
go

create table PollsVote (
	voteId decimal(20,0) not null primary key,
	userId decimal(20,0),
	questionId decimal(20,0),
	choiceId decimal(20,0),
	voteDate datetime null
)
go

create table Portlet (
	id_ decimal(20,0) not null primary key,
	companyId decimal(20,0),
	portletId varchar(200) null,
	roles varchar(1000) null,
	active_ int
)
go

create table PortletItem (
	portletItemId decimal(20,0) not null primary key,
	groupId decimal(20,0),
	companyId decimal(20,0),
	userId decimal(20,0),
	userName varchar(75) null,
	createDate datetime null,
	modifiedDate datetime null,
	name varchar(75) null,
	portletId varchar(75) null,
	classNameId decimal(20,0)
)
go

create table PortletPreferences (
	portletPreferencesId decimal(20,0) not null primary key,
	ownerId decimal(20,0),
	ownerType int,
	plid decimal(20,0),
	portletId varchar(200) null,
	preferences text null
)
go

create table RatingsEntry (
	entryId decimal(20,0) not null primary key,
	companyId decimal(20,0),
	userId decimal(20,0),
	userName varchar(75) null,
	createDate datetime null,
	modifiedDate datetime null,
	classNameId decimal(20,0),
	classPK decimal(20,0),
	score float
)
go

create table RatingsStats (
	statsId decimal(20,0) not null primary key,
	classNameId decimal(20,0),
	classPK decimal(20,0),
	totalEntries int,
	totalScore float,
	averageScore float
)
go

create table Region (
	regionId decimal(20,0) not null primary key,
	countryId decimal(20,0),
	regionCode varchar(75) null,
	name varchar(75) null,
	active_ int
)
go

create table Release_ (
	releaseId decimal(20,0) not null primary key,
	createDate datetime null,
	modifiedDate datetime null,
	buildNumber int,
	buildDate datetime null,
	verified int,
	testString varchar(1024) null
)
go

create table Resource_ (
	resourceId decimal(20,0) not null primary key,
	codeId decimal(20,0),
	primKey varchar(255) null
)
go

create table ResourceAction (
	resourceActionId decimal(20,0) not null primary key,
	name varchar(75) null,
	actionId varchar(75) null,
	bitwiseValue decimal(20,0)
)
go

create table ResourceCode (
	codeId decimal(20,0) not null primary key,
	companyId decimal(20,0),
	name varchar(255) null,
	scope int
)
go

create table ResourcePermission (
	resourcePermissionId decimal(20,0) not null primary key,
	companyId decimal(20,0),
	name varchar(255) null,
	scope int,
	primKey varchar(255) null,
	roleId decimal(20,0),
	actionIds decimal(20,0)
)
go

create table Role_ (
	roleId decimal(20,0) not null primary key,
	companyId decimal(20,0),
	classNameId decimal(20,0),
	classPK decimal(20,0),
	name varchar(75) null,
	title varchar(1000) null,
	description varchar(1000) null,
	type_ int,
	subtype varchar(75) null
)
go

create table Roles_Permissions (
	roleId decimal(20,0) not null,
	permissionId decimal(20,0) not null,
	primary key (roleId, permissionId)
)
go

create table SCFrameworkVersi_SCProductVers (
	frameworkVersionId decimal(20,0) not null,
	productVersionId decimal(20,0) not null,
	primary key (frameworkVersionId, productVersionId)
)
go

create table SCFrameworkVersion (
	frameworkVersionId decimal(20,0) not null primary key,
	groupId decimal(20,0),
	companyId decimal(20,0),
	userId decimal(20,0),
	userName varchar(75) null,
	createDate datetime null,
	modifiedDate datetime null,
	name varchar(75) null,
	url varchar(1000) null,
	active_ int,
	priority int
)
go

create table SCLicense (
	licenseId decimal(20,0) not null primary key,
	name varchar(75) null,
	url varchar(1000) null,
	openSource int,
	active_ int,
	recommended int
)
go

create table SCLicenses_SCProductEntries (
	licenseId decimal(20,0) not null,
	productEntryId decimal(20,0) not null,
	primary key (licenseId, productEntryId)
)
go

create table SCProductEntry (
	productEntryId decimal(20,0) not null primary key,
	groupId decimal(20,0),
	companyId decimal(20,0),
	userId decimal(20,0),
	userName varchar(75) null,
	createDate datetime null,
	modifiedDate datetime null,
	name varchar(75) null,
	type_ varchar(75) null,
	tags varchar(255) null,
	shortDescription varchar(1000) null,
	longDescription varchar(1000) null,
	pageURL varchar(1000) null,
	author varchar(75) null,
	repoGroupId varchar(75) null,
	repoArtifactId varchar(75) null
)
go

create table SCProductScreenshot (
	productScreenshotId decimal(20,0) not null primary key,
	companyId decimal(20,0),
	groupId decimal(20,0),
	productEntryId decimal(20,0),
	thumbnailId decimal(20,0),
	fullImageId decimal(20,0),
	priority int
)
go

create table SCProductVersion (
	productVersionId decimal(20,0) not null primary key,
	companyId decimal(20,0),
	userId decimal(20,0),
	userName varchar(75) null,
	createDate datetime null,
	modifiedDate datetime null,
	productEntryId decimal(20,0),
	version varchar(75) null,
	changeLog varchar(1000) null,
	downloadPageURL varchar(1000) null,
	directDownloadURL varchar(2000) null,
	repoStoreArtifact int
)
go

create table ServiceComponent (
	serviceComponentId decimal(20,0) not null primary key,
	buildNamespace varchar(75) null,
	buildNumber decimal(20,0),
	buildDate decimal(20,0),
	data_ text null
)
go

create table Shard (
	shardId decimal(20,0) not null primary key,
	classNameId decimal(20,0),
	classPK decimal(20,0),
	name varchar(75) null
)
go

create table ShoppingCart (
	cartId decimal(20,0) not null primary key,
	groupId decimal(20,0),
	companyId decimal(20,0),
	userId decimal(20,0),
	userName varchar(75) null,
	createDate datetime null,
	modifiedDate datetime null,
	itemIds varchar(1000) null,
	couponCodes varchar(75) null,
	altShipping int,
	insure int
)
go

create table ShoppingCategory (
	categoryId decimal(20,0) not null primary key,
	groupId decimal(20,0),
	companyId decimal(20,0),
	userId decimal(20,0),
	userName varchar(75) null,
	createDate datetime null,
	modifiedDate datetime null,
	parentCategoryId decimal(20,0),
	name varchar(75) null,
	description varchar(1000) null
)
go

create table ShoppingCoupon (
	couponId decimal(20,0) not null primary key,
	groupId decimal(20,0),
	companyId decimal(20,0),
	userId decimal(20,0),
	userName varchar(75) null,
	createDate datetime null,
	modifiedDate datetime null,
	code_ varchar(75) null,
	name varchar(75) null,
	description varchar(1000) null,
	startDate datetime null,
	endDate datetime null,
	active_ int,
	limitCategories varchar(1000) null,
	limitSkus varchar(1000) null,
	minOrder float,
	discount float,
	discountType varchar(75) null
)
go

create table ShoppingItem (
	itemId decimal(20,0) not null primary key,
	companyId decimal(20,0),
	userId decimal(20,0),
	userName varchar(75) null,
	createDate datetime null,
	modifiedDate datetime null,
	categoryId decimal(20,0),
	sku varchar(75) null,
	name varchar(200) null,
	description varchar(1000) null,
	properties varchar(1000) null,
	fields_ int,
	fieldsQuantities varchar(1000) null,
	minQuantity int,
	maxQuantity int,
	price float,
	discount float,
	taxable int,
	shipping float,
	useShippingFormula int,
	requiresShipping int,
	stockQuantity int,
	featured_ int,
	sale_ int,
	smallImage int,
	smallImageId decimal(20,0),
	smallImageURL varchar(75) null,
	mediumImage int,
	mediumImageId decimal(20,0),
	mediumImageURL varchar(75) null,
	largeImage int,
	largeImageId decimal(20,0),
	largeImageURL varchar(75) null
)
go

create table ShoppingItemField (
	itemFieldId decimal(20,0) not null primary key,
	itemId decimal(20,0),
	name varchar(75) null,
	values_ varchar(1000) null,
	description varchar(1000) null
)
go

create table ShoppingItemPrice (
	itemPriceId decimal(20,0) not null primary key,
	itemId decimal(20,0),
	minQuantity int,
	maxQuantity int,
	price float,
	discount float,
	taxable int,
	shipping float,
	useShippingFormula int,
	status int
)
go

create table ShoppingOrder (
	orderId decimal(20,0) not null primary key,
	groupId decimal(20,0),
	companyId decimal(20,0),
	userId decimal(20,0),
	userName varchar(75) null,
	createDate datetime null,
	modifiedDate datetime null,
	number_ varchar(75) null,
	tax float,
	shipping float,
	altShipping varchar(75) null,
	requiresShipping int,
	insure int,
	insurance float,
	couponCodes varchar(75) null,
	couponDiscount float,
	billingFirstName varchar(75) null,
	billingLastName varchar(75) null,
	billingEmailAddress varchar(75) null,
	billingCompany varchar(75) null,
	billingStreet varchar(75) null,
	billingCity varchar(75) null,
	billingState varchar(75) null,
	billingZip varchar(75) null,
	billingCountry varchar(75) null,
	billingPhone varchar(75) null,
	shipToBilling int,
	shippingFirstName varchar(75) null,
	shippingLastName varchar(75) null,
	shippingEmailAddress varchar(75) null,
	shippingCompany varchar(75) null,
	shippingStreet varchar(75) null,
	shippingCity varchar(75) null,
	shippingState varchar(75) null,
	shippingZip varchar(75) null,
	shippingCountry varchar(75) null,
	shippingPhone varchar(75) null,
	ccName varchar(75) null,
	ccType varchar(75) null,
	ccNumber varchar(75) null,
	ccExpMonth int,
	ccExpYear int,
	ccVerNumber varchar(75) null,
	comments varchar(1000) null,
	ppTxnId varchar(75) null,
	ppPaymentStatus varchar(75) null,
	ppPaymentGross float,
	ppReceiverEmail varchar(75) null,
	ppPayerEmail varchar(75) null,
	sendOrderEmail int,
	sendShippingEmail int
)
go

create table ShoppingOrderItem (
	orderItemId decimal(20,0) not null primary key,
	orderId decimal(20,0),
	itemId varchar(75) null,
	sku varchar(75) null,
	name varchar(200) null,
	description varchar(1000) null,
	properties varchar(1000) null,
	price float,
	quantity int,
	shippedDate datetime null
)
go

create table SocialActivity (
	activityId decimal(20,0) not null primary key,
	groupId decimal(20,0),
	companyId decimal(20,0),
	userId decimal(20,0),
	createDate decimal(20,0),
	mirrorActivityId decimal(20,0),
	classNameId decimal(20,0),
	classPK decimal(20,0),
	type_ int,
	extraData varchar(1000) null,
	receiverUserId decimal(20,0)
)
go

create table SocialRelation (
	uuid_ varchar(75) null,
	relationId decimal(20,0) not null primary key,
	companyId decimal(20,0),
	createDate decimal(20,0),
	userId1 decimal(20,0),
	userId2 decimal(20,0),
	type_ int
)
go

create table SocialRequest (
	uuid_ varchar(75) null,
	requestId decimal(20,0) not null primary key,
	groupId decimal(20,0),
	companyId decimal(20,0),
	userId decimal(20,0),
	createDate decimal(20,0),
	modifiedDate decimal(20,0),
	classNameId decimal(20,0),
	classPK decimal(20,0),
	type_ int,
	extraData varchar(1000) null,
	receiverUserId decimal(20,0),
	status int
)
go

create table Subscription (
	subscriptionId decimal(20,0) not null primary key,
	companyId decimal(20,0),
	userId decimal(20,0),
	userName varchar(75) null,
	createDate datetime null,
	modifiedDate datetime null,
	classNameId decimal(20,0),
	classPK decimal(20,0),
	frequency varchar(75) null
)
go

create table TagsAsset (
	assetId decimal(20,0) not null primary key,
	groupId decimal(20,0),
	companyId decimal(20,0),
	userId decimal(20,0),
	userName varchar(75) null,
	createDate datetime null,
	modifiedDate datetime null,
	classNameId decimal(20,0),
	classPK decimal(20,0),
	visible int,
	startDate datetime null,
	endDate datetime null,
	publishDate datetime null,
	expirationDate datetime null,
	mimeType varchar(75) null,
	title varchar(255) null,
	description varchar(1000) null,
	summary varchar(1000) null,
	url varchar(1000) null,
	height int,
	width int,
	priority float,
	viewCount int
)
go

create table TagsAssets_TagsEntries (
	assetId decimal(20,0) not null,
	entryId decimal(20,0) not null,
	primary key (assetId, entryId)
)
go

create table TagsEntry (
	entryId decimal(20,0) not null primary key,
	groupId decimal(20,0),
	companyId decimal(20,0),
	userId decimal(20,0),
	userName varchar(75) null,
	createDate datetime null,
	modifiedDate datetime null,
	parentEntryId decimal(20,0),
	name varchar(75) null,
	vocabularyId decimal(20,0)
)
go

create table TagsProperty (
	propertyId decimal(20,0) not null primary key,
	companyId decimal(20,0),
	userId decimal(20,0),
	userName varchar(75) null,
	createDate datetime null,
	modifiedDate datetime null,
	entryId decimal(20,0),
	key_ varchar(75) null,
	value varchar(255) null
)
go

create table TagsSource (
	sourceId decimal(20,0) not null primary key,
	parentSourceId decimal(20,0),
	name varchar(75) null,
	acronym varchar(75) null
)
go

create table TagsVocabulary (
	vocabularyId decimal(20,0) not null primary key,
	groupId decimal(20,0),
	companyId decimal(20,0),
	userId decimal(20,0),
	userName varchar(75) null,
	createDate datetime null,
	modifiedDate datetime null,
	name varchar(75) null,
	description varchar(75) null,
	folksonomy int
)
go

create table TasksProposal (
	proposalId decimal(20,0) not null primary key,
	groupId decimal(20,0),
	companyId decimal(20,0),
	userId decimal(20,0),
	userName varchar(75) null,
	createDate datetime null,
	modifiedDate datetime null,
	classNameId decimal(20,0),
	classPK varchar(75) null,
	name varchar(75) null,
	description varchar(1000) null,
	publishDate datetime null,
	dueDate datetime null
)
go

create table TasksReview (
	reviewId decimal(20,0) not null primary key,
	groupId decimal(20,0),
	companyId decimal(20,0),
	userId decimal(20,0),
	userName varchar(75) null,
	createDate datetime null,
	modifiedDate datetime null,
	proposalId decimal(20,0),
	assignedByUserId decimal(20,0),
	assignedByUserName varchar(75) null,
	stage int,
	completed int,
	rejected int
)
go

create table User_ (
	uuid_ varchar(75) null,
	userId decimal(20,0) not null primary key,
	companyId decimal(20,0),
	createDate datetime null,
	modifiedDate datetime null,
	defaultUser int,
	contactId decimal(20,0),
	password_ varchar(75) null,
	passwordEncrypted int,
	passwordReset int,
	passwordModifiedDate datetime null,
	reminderQueryQuestion varchar(75) null,
	reminderQueryAnswer varchar(75) null,
	graceLoginCount int,
	screenName varchar(75) null,
	emailAddress varchar(75) null,
	openId varchar(1024) null,
	portraitId decimal(20,0),
	languageId varchar(75) null,
	timeZoneId varchar(75) null,
	greeting varchar(255) null,
	comments varchar(1000) null,
	firstName varchar(75) null,
	middleName varchar(75) null,
	lastName varchar(75) null,
	jobTitle varchar(100) null,
	loginDate datetime null,
	loginIP varchar(75) null,
	lastLoginDate datetime null,
	lastLoginIP varchar(75) null,
	lastFailedLoginDate datetime null,
	failedLoginAttempts int,
	lockout int,
	lockoutDate datetime null,
	agreedToTermsOfUse int,
	active_ int
)
go

create table UserGroup (
	userGroupId decimal(20,0) not null primary key,
	companyId decimal(20,0),
	parentUserGroupId decimal(20,0),
	name varchar(75) null,
	description varchar(1000) null
)
go

create table UserGroupGroupRole (
	userGroupId decimal(20,0) not null,
	groupId decimal(20,0) not null,
	roleId decimal(20,0) not null,
	primary key (userGroupId, groupId, roleId)
)
go

create table UserGroupRole (
	userId decimal(20,0) not null,
	groupId decimal(20,0) not null,
	roleId decimal(20,0) not null,
	primary key (userId, groupId, roleId)
)
go

create table UserIdMapper (
	userIdMapperId decimal(20,0) not null primary key,
	userId decimal(20,0),
	type_ varchar(75) null,
	description varchar(75) null,
	externalUserId varchar(75) null
)
go

create table Users_Groups (
	userId decimal(20,0) not null,
	groupId decimal(20,0) not null,
	primary key (userId, groupId)
)
go

create table Users_Orgs (
	userId decimal(20,0) not null,
	organizationId decimal(20,0) not null,
	primary key (userId, organizationId)
)
go

create table Users_Permissions (
	userId decimal(20,0) not null,
	permissionId decimal(20,0) not null,
	primary key (userId, permissionId)
)
go

create table Users_Roles (
	userId decimal(20,0) not null,
	roleId decimal(20,0) not null,
	primary key (userId, roleId)
)
go

create table Users_UserGroups (
	userGroupId decimal(20,0) not null,
	userId decimal(20,0) not null,
	primary key (userGroupId, userId)
)
go

create table UserTracker (
	userTrackerId decimal(20,0) not null primary key,
	companyId decimal(20,0),
	userId decimal(20,0),
	modifiedDate datetime null,
	sessionId varchar(200) null,
	remoteAddr varchar(75) null,
	remoteHost varchar(75) null,
	userAgent varchar(200) null
)
go

create table UserTrackerPath (
	userTrackerPathId decimal(20,0) not null primary key,
	userTrackerId decimal(20,0),
	path_ varchar(1000) null,
	pathDate datetime null
)
go

create table Vocabulary (
	vocabularyId decimal(20,0) not null primary key,
	groupId decimal(20,0),
	companyId decimal(20,0),
	userId decimal(20,0),
	userName varchar(75) null,
	createDate datetime null,
	modifiedDate datetime null,
	name varchar(75) null,
	description varchar(75) null,
	folksonomy int
)
go

create table WebDAVProps (
	webDavPropsId decimal(20,0) not null primary key,
	companyId decimal(20,0),
	createDate datetime null,
	modifiedDate datetime null,
	classNameId decimal(20,0),
	classPK decimal(20,0),
	props text null
)
go

create table Website (
	websiteId decimal(20,0) not null primary key,
	companyId decimal(20,0),
	userId decimal(20,0),
	userName varchar(75) null,
	createDate datetime null,
	modifiedDate datetime null,
	classNameId decimal(20,0),
	classPK decimal(20,0),
	url varchar(1000) null,
	typeId int,
	primary_ int
)
go

create table WikiNode (
	uuid_ varchar(75) null,
	nodeId decimal(20,0) not null primary key,
	groupId decimal(20,0),
	companyId decimal(20,0),
	userId decimal(20,0),
	userName varchar(75) null,
	createDate datetime null,
	modifiedDate datetime null,
	name varchar(75) null,
	description varchar(1000) null,
	lastPostDate datetime null
)
go

create table WikiPage (
	uuid_ varchar(75) null,
	pageId decimal(20,0) not null primary key,
	resourcePrimKey decimal(20,0),
	groupId decimal(20,0),
	companyId decimal(20,0),
	userId decimal(20,0),
	userName varchar(75) null,
	createDate datetime null,
	modifiedDate datetime null,
	nodeId decimal(20,0),
	title varchar(255) null,
	version float,
	minorEdit int,
	content text null,
	summary varchar(1000) null,
	format varchar(75) null,
	head int,
	parentTitle varchar(75) null,
	redirectTitle varchar(75) null
)
go

create table WikiPageResource (
	resourcePrimKey decimal(20,0) not null primary key,
	nodeId decimal(20,0),
	title varchar(75) null
)
go



insert into Country (countryId, name, a2, a3, number_, idd_, active_) values (1, 'Canada', 'CA', 'CAN', '124', '001', 1)
go
insert into Country (countryId, name, a2, a3, number_, idd_, active_) values (2, 'China', 'CN', 'CHN', '156', '086', 1)
go
insert into Country (countryId, name, a2, a3, number_, idd_, active_) values (3, 'France', 'FR', 'FRA', '250', '033', 1)
go
insert into Country (countryId, name, a2, a3, number_, idd_, active_) values (4, 'Germany', 'DE', 'DEU', '276', '049', 1)
go
insert into Country (countryId, name, a2, a3, number_, idd_, active_) values (5, 'Hong Kong', 'HK', 'HKG', '344', '852', 1)
go
insert into Country (countryId, name, a2, a3, number_, idd_, active_) values (6, 'Hungary', 'HU', 'HUN', '348', '036', 1)
go
insert into Country (countryId, name, a2, a3, number_, idd_, active_) values (7, 'Israel', 'IL', 'ISR', '376', '972', 1)
go
insert into Country (countryId, name, a2, a3, number_, idd_, active_) values (8, 'Italy', 'IT', 'ITA', '380', '039', 1)
go
insert into Country (countryId, name, a2, a3, number_, idd_, active_) values (9, 'Japan', 'JP', 'JPN', '392', '081', 1)
go
insert into Country (countryId, name, a2, a3, number_, idd_, active_) values (10, 'South Korea', 'KR', 'KOR', '410', '082', 1)
go
insert into Country (countryId, name, a2, a3, number_, idd_, active_) values (11, 'Netherlands', 'NL', 'NLD', '528', '031', 1)
go
insert into Country (countryId, name, a2, a3, number_, idd_, active_) values (12, 'Portugal', 'PT', 'PRT', '620', '351', 1)
go
insert into Country (countryId, name, a2, a3, number_, idd_, active_) values (13, 'Russia', 'RU', 'RUS', '643', '007', 1)
go
insert into Country (countryId, name, a2, a3, number_, idd_, active_) values (14, 'Singapore', 'SG', 'SGP', '702', '065', 1)
go
insert into Country (countryId, name, a2, a3, number_, idd_, active_) values (15, 'Spain', 'ES', 'ESP', '724', '034', 1)
go
insert into Country (countryId, name, a2, a3, number_, idd_, active_) values (16, 'Turkey', 'TR', 'TUR', '792', '090', 1)
go
insert into Country (countryId, name, a2, a3, number_, idd_, active_) values (17, 'Vietnam', 'VM', 'VNM', '704', '084', 1)
go
insert into Country (countryId, name, a2, a3, number_, idd_, active_) values (18, 'United Kingdom', 'GB', 'GBR', '826', '044', 1)
go
insert into Country (countryId, name, a2, a3, number_, idd_, active_) values (19, 'United States', 'US', 'USA', '840', '001', 1)
go
insert into Country (countryId, name, a2, a3, number_, idd_, active_) values (20, 'Afghanistan', 'AF', 'AFG', '4', '093', 1)
go
insert into Country (countryId, name, a2, a3, number_, idd_, active_) values (21, 'Albania', 'AL', 'ALB', '8', '355', 1)
go
insert into Country (countryId, name, a2, a3, number_, idd_, active_) values (22, 'Algeria', 'DZ', 'DZA', '12', '213', 1)
go
insert into Country (countryId, name, a2, a3, number_, idd_, active_) values (23, 'American Samoa', 'AS', 'ASM', '16', '684', 1)
go
insert into Country (countryId, name, a2, a3, number_, idd_, active_) values (24, 'Andorra', 'AD', 'AND', '20', '376', 1)
go
insert into Country (countryId, name, a2, a3, number_, idd_, active_) values (25, 'Angola', 'AO', 'AGO', '24', '244', 1)
go
insert into Country (countryId, name, a2, a3, number_, idd_, active_) values (26, 'Anguilla', 'AI', 'AIA', '660', '264', 1)
go
insert into Country (countryId, name, a2, a3, number_, idd_, active_) values (27, 'Antarctica', 'AQ', 'ATA', '10', '672', 1)
go
insert into Country (countryId, name, a2, a3, number_, idd_, active_) values (28, 'Antigua', 'AG', 'ATG', '28', '268', 1)
go
insert into Country (countryId, name, a2, a3, number_, idd_, active_) values (29, 'Argentina', 'AR', 'ARG', '32', '054', 1)
go
insert into Country (countryId, name, a2, a3, number_, idd_, active_) values (30, 'Armenia', 'AM', 'ARM', '51', '374', 1)
go
insert into Country (countryId, name, a2, a3, number_, idd_, active_) values (31, 'Aruba', 'AW', 'ABW', '533', '297', 1)
go
insert into Country (countryId, name, a2, a3, number_, idd_, active_) values (32, 'Australia', 'AU', 'AUS', '36', '061', 1)
go
insert into Country (countryId, name, a2, a3, number_, idd_, active_) values (33, 'Austria', 'AT', 'AUT', '40', '043', 1)
go
insert into Country (countryId, name, a2, a3, number_, idd_, active_) values (34, 'Azerbaijan', 'AZ', 'AZE', '31', '994', 1)
go
insert into Country (countryId, name, a2, a3, number_, idd_, active_) values (35, 'Bahamas', 'BS', 'BHS', '44', '242', 1)
go
insert into Country (countryId, name, a2, a3, number_, idd_, active_) values (36, 'Bahrain', 'BH', 'BHR', '48', '973', 1)
go
insert into Country (countryId, name, a2, a3, number_, idd_, active_) values (37, 'Bangladesh', 'BD', 'BGD', '50', '880', 1)
go
insert into Country (countryId, name, a2, a3, number_, idd_, active_) values (38, 'Barbados', 'BB', 'BRB', '52', '246', 1)
go
insert into Country (countryId, name, a2, a3, number_, idd_, active_) values (39, 'Belarus', 'BY', 'BLR', '112', '375', 1)
go
insert into Country (countryId, name, a2, a3, number_, idd_, active_) values (40, 'Belgium', 'BE', 'BEL', '56', '032', 1)
go
insert into Country (countryId, name, a2, a3, number_, idd_, active_) values (41, 'Belize', 'BZ', 'BLZ', '84', '501', 1)
go
insert into Country (countryId, name, a2, a3, number_, idd_, active_) values (42, 'Benin', 'BJ', 'BEN', '204', '229', 1)
go
insert into Country (countryId, name, a2, a3, number_, idd_, active_) values (43, 'Bermuda', 'BM', 'BMU', '60', '441', 1)
go
insert into Country (countryId, name, a2, a3, number_, idd_, active_) values (44, 'Bhutan', 'BT', 'BTN', '64', '975', 1)
go
insert into Country (countryId, name, a2, a3, number_, idd_, active_) values (45, 'Bolivia', 'BO', 'BOL', '68', '591', 1)
go
insert into Country (countryId, name, a2, a3, number_, idd_, active_) values (46, 'Bosnia-Herzegovina', 'BA', 'BIH', '70', '387', 1)
go
insert into Country (countryId, name, a2, a3, number_, idd_, active_) values (47, 'Botswana', 'BW', 'BWA', '72', '267', 1)
go
insert into Country (countryId, name, a2, a3, number_, idd_, active_) values (48, 'Brazil', 'BR', 'BRA', '76', '055', 1)
go
insert into Country (countryId, name, a2, a3, number_, idd_, active_) values (49, 'British Virgin Islands', 'VG', 'VGB', '92', '284', 1)
go
insert into Country (countryId, name, a2, a3, number_, idd_, active_) values (50, 'Brunei', 'BN', 'BRN', '96', '673', 1)
go
insert into Country (countryId, name, a2, a3, number_, idd_, active_) values (51, 'Bulgaria', 'BG', 'BGR', '100', '359', 1)
go
insert into Country (countryId, name, a2, a3, number_, idd_, active_) values (52, 'Burkina Faso', 'BF', 'BFA', '854', '226', 1)
go
insert into Country (countryId, name, a2, a3, number_, idd_, active_) values (53, 'Burma (Myanmar)', 'MM', 'MMR', '104', '095', 1)
go
insert into Country (countryId, name, a2, a3, number_, idd_, active_) values (54, 'Burundi', 'BI', 'BDI', '108', '257', 1)
go
insert into Country (countryId, name, a2, a3, number_, idd_, active_) values (55, 'Cambodia', 'KH', 'KHM', '116', '855', 1)
go
insert into Country (countryId, name, a2, a3, number_, idd_, active_) values (56, 'Cameroon', 'CM', 'CMR', '120', '237', 1)
go
insert into Country (countryId, name, a2, a3, number_, idd_, active_) values (57, 'Cape Verde Island', 'CV', 'CPV', '132', '238', 1)
go
insert into Country (countryId, name, a2, a3, number_, idd_, active_) values (58, 'Cayman Islands', 'KY', 'CYM', '136', '345', 1)
go
insert into Country (countryId, name, a2, a3, number_, idd_, active_) values (59, 'Central African Republic', 'CF', 'CAF', '140', '236', 1)
go
insert into Country (countryId, name, a2, a3, number_, idd_, active_) values (60, 'Chad', 'TD', 'TCD', '148', '235', 1)
go
insert into Country (countryId, name, a2, a3, number_, idd_, active_) values (61, 'Chile', 'CL', 'CHL', '152', '056', 1)
go
insert into Country (countryId, name, a2, a3, number_, idd_, active_) values (62, 'Christmas Island', 'CX', 'CXR', '162', '061', 1)
go
insert into Country (countryId, name, a2, a3, number_, idd_, active_) values (63, 'Cocos Islands', 'CC', 'CCK', '166', '061', 1)
go
insert into Country (countryId, name, a2, a3, number_, idd_, active_) values (64, 'Colombia', 'CO', 'COL', '170', '057', 1)
go
insert into Country (countryId, name, a2, a3, number_, idd_, active_) values (65, 'Comoros', 'KM', 'COM', '174', '269', 1)
go
insert into Country (countryId, name, a2, a3, number_, idd_, active_) values (66, 'Republic of Congo', 'CD', 'COD', '180', '242', 1)
go
insert into Country (countryId, name, a2, a3, number_, idd_, active_) values (67, 'Democratic Republic of Congo', 'CG', 'COG', '178', '243', 1)
go
insert into Country (countryId, name, a2, a3, number_, idd_, active_) values (68, 'Cook Islands', 'CK', 'COK', '184', '682', 1)
go
insert into Country (countryId, name, a2, a3, number_, idd_, active_) values (69, 'Costa Rica', 'CR', 'CRI', '188', '506', 1)
go
insert into Country (countryId, name, a2, a3, number_, idd_, active_) values (70, 'Croatia', 'HR', 'HRV', '191', '385', 1)
go
insert into Country (countryId, name, a2, a3, number_, idd_, active_) values (71, 'Cuba', 'CU', 'CUB', '192', '053', 1)
go
insert into Country (countryId, name, a2, a3, number_, idd_, active_) values (72, 'Cyprus', 'CY', 'CYP', '196', '357', 1)
go
insert into Country (countryId, name, a2, a3, number_, idd_, active_) values (73, 'Czech Republic', 'CZ', 'CZE', '203', '420', 1)
go
insert into Country (countryId, name, a2, a3, number_, idd_, active_) values (74, 'Denmark', 'DK', 'DNK', '208', '045', 1)
go
insert into Country (countryId, name, a2, a3, number_, idd_, active_) values (75, 'Djibouti', 'DJ', 'DJI', '262', '253', 1)
go
insert into Country (countryId, name, a2, a3, number_, idd_, active_) values (76, 'Dominica', 'DM', 'DMA', '212', '767', 1)
go
insert into Country (countryId, name, a2, a3, number_, idd_, active_) values (77, 'Dominican Republic', 'DO', 'DOM', '214', '809', 1)
go
insert into Country (countryId, name, a2, a3, number_, idd_, active_) values (78, 'Ecuador', 'EC', 'ECU', '218', '593', 1)
go
insert into Country (countryId, name, a2, a3, number_, idd_, active_) values (79, 'Egypt', 'EG', 'EGY', '818', '020', 1)
go
insert into Country (countryId, name, a2, a3, number_, idd_, active_) values (80, 'El Salvador', 'SV', 'SLV', '222', '503', 1)
go
insert into Country (countryId, name, a2, a3, number_, idd_, active_) values (81, 'Equatorial Guinea', 'GQ', 'GNQ', '226', '240', 1)
go
insert into Country (countryId, name, a2, a3, number_, idd_, active_) values (82, 'Eritrea', 'ER', 'ERI', '232', '291', 1)
go
insert into Country (countryId, name, a2, a3, number_, idd_, active_) values (83, 'Estonia', 'EE', 'EST', '233', '372', 1)
go
insert into Country (countryId, name, a2, a3, number_, idd_, active_) values (84, 'Ethiopia', 'ET', 'ETH', '231', '251', 1)
go
insert into Country (countryId, name, a2, a3, number_, idd_, active_) values (85, 'Faeroe Islands', 'FO', 'FRO', '234', '298', 1)
go
insert into Country (countryId, name, a2, a3, number_, idd_, active_) values (86, 'Falkland Islands', 'FK', 'FLK', '238', '500', 1)
go
insert into Country (countryId, name, a2, a3, number_, idd_, active_) values (87, 'Fiji Islands', 'FJ', 'FJI', '242', '679', 1)
go
insert into Country (countryId, name, a2, a3, number_, idd_, active_) values (88, 'Finland', 'FI', 'FIN', '246', '358', 1)
go
insert into Country (countryId, name, a2, a3, number_, idd_, active_) values (89, 'French Guiana', 'GF', 'GUF', '254', '594', 1)
go
insert into Country (countryId, name, a2, a3, number_, idd_, active_) values (90, 'French Polynesia', 'PF', 'PYF', '258', '689', 1)
go
insert into Country (countryId, name, a2, a3, number_, idd_, active_) values (91, 'Gabon', 'GA', 'GAB', '266', '241', 1)
go
insert into Country (countryId, name, a2, a3, number_, idd_, active_) values (92, 'Gambia', 'GM', 'GMB', '270', '220', 1)
go
insert into Country (countryId, name, a2, a3, number_, idd_, active_) values (93, 'Georgia', 'GE', 'GEO', '268', '995', 1)
go
insert into Country (countryId, name, a2, a3, number_, idd_, active_) values (94, 'Ghana', 'GH', 'GHA', '288', '233', 1)
go
insert into Country (countryId, name, a2, a3, number_, idd_, active_) values (95, 'Gibraltar', 'GI', 'GIB', '292', '350', 1)
go
insert into Country (countryId, name, a2, a3, number_, idd_, active_) values (96, 'Greece', 'GR', 'GRC', '300', '030', 1)
go
insert into Country (countryId, name, a2, a3, number_, idd_, active_) values (97, 'Greenland', 'GL', 'GRL', '304', '299', 1)
go
insert into Country (countryId, name, a2, a3, number_, idd_, active_) values (98, 'Grenada', 'GD', 'GRD', '308', '473', 1)
go
insert into Country (countryId, name, a2, a3, number_, idd_, active_) values (99, 'Guadeloupe', 'GP', 'GLP', '312', '590', 1)
go
insert into Country (countryId, name, a2, a3, number_, idd_, active_) values (100, 'Guam', 'GU', 'GUM', '316', '671', 1)
go
insert into Country (countryId, name, a2, a3, number_, idd_, active_) values (101, 'Guatemala', 'GT', 'GTM', '320', '502', 1)
go
insert into Country (countryId, name, a2, a3, number_, idd_, active_) values (102, 'Guinea', 'GN', 'GIN', '324', '224', 1)
go
insert into Country (countryId, name, a2, a3, number_, idd_, active_) values (103, 'Guinea-Bissau', 'GW', 'GNB', '624', '245', 1)
go
insert into Country (countryId, name, a2, a3, number_, idd_, active_) values (104, 'Guyana', 'GY', 'GUY', '328', '592', 1)
go
insert into Country (countryId, name, a2, a3, number_, idd_, active_) values (105, 'Haiti', 'HT', 'HTI', '332', '509', 1)
go
insert into Country (countryId, name, a2, a3, number_, idd_, active_) values (106, 'Honduras', 'HN', 'HND', '340', '504', 1)
go
insert into Country (countryId, name, a2, a3, number_, idd_, active_) values (107, 'Iceland', 'IS', 'ISL', '352', '354', 1)
go
insert into Country (countryId, name, a2, a3, number_, idd_, active_) values (108, 'India', 'IN', 'IND', '356', '091', 1)
go
insert into Country (countryId, name, a2, a3, number_, idd_, active_) values (109, 'Indonesia', 'ID', 'IDN', '360', '062', 1)
go
insert into Country (countryId, name, a2, a3, number_, idd_, active_) values (110, 'Iran', 'IR', 'IRN', '364', '098', 1)
go
insert into Country (countryId, name, a2, a3, number_, idd_, active_) values (111, 'Iraq', 'IQ', 'IRQ', '368', '964', 1)
go
insert into Country (countryId, name, a2, a3, number_, idd_, active_) values (112, 'Ireland', 'IE', 'IRL', '372', '353', 1)
go
insert into Country (countryId, name, a2, a3, number_, idd_, active_) values (113, 'Ivory Coast', 'CI', 'CIV', '384', '225', 1)
go
insert into Country (countryId, name, a2, a3, number_, idd_, active_) values (114, 'Jamaica', 'JM', 'JAM', '388', '876', 1)
go
insert into Country (countryId, name, a2, a3, number_, idd_, active_) values (115, 'Jordan', 'JO', 'JOR', '400', '962', 1)
go
insert into Country (countryId, name, a2, a3, number_, idd_, active_) values (116, 'Kazakhstan', 'KZ', 'KAZ', '398', '007', 1)
go
insert into Country (countryId, name, a2, a3, number_, idd_, active_) values (117, 'Kenya', 'KE', 'KEN', '404', '254', 1)
go
insert into Country (countryId, name, a2, a3, number_, idd_, active_) values (118, 'Kiribati', 'KI', 'KIR', '408', '686', 1)
go
insert into Country (countryId, name, a2, a3, number_, idd_, active_) values (119, 'Kuwait', 'KW', 'KWT', '414', '965', 1)
go
insert into Country (countryId, name, a2, a3, number_, idd_, active_) values (120, 'North Korea', 'KP', 'PRK', '408', '850', 1)
go
insert into Country (countryId, name, a2, a3, number_, idd_, active_) values (121, 'Kyrgyzstan', 'KG', 'KGZ', '471', '996', 1)
go
insert into Country (countryId, name, a2, a3, number_, idd_, active_) values (122, 'Laos', 'LA', 'LAO', '418', '856', 1)
go
insert into Country (countryId, name, a2, a3, number_, idd_, active_) values (123, 'Latvia', 'LV', 'LVA', '428', '371', 1)
go
insert into Country (countryId, name, a2, a3, number_, idd_, active_) values (124, 'Lebanon', 'LB', 'LBN', '422', '961', 1)
go
insert into Country (countryId, name, a2, a3, number_, idd_, active_) values (125, 'Lesotho', 'LS', 'LSO', '426', '266', 1)
go
insert into Country (countryId, name, a2, a3, number_, idd_, active_) values (126, 'Liberia', 'LR', 'LBR', '430', '231', 1)
go
insert into Country (countryId, name, a2, a3, number_, idd_, active_) values (127, 'Libya', 'LY', 'LBY', '434', '218', 1)
go
insert into Country (countryId, name, a2, a3, number_, idd_, active_) values (128, 'Liechtenstein', 'LI', 'LIE', '438', '423', 1)
go
insert into Country (countryId, name, a2, a3, number_, idd_, active_) values (129, 'Lithuania', 'LT', 'LTU', '440', '370', 1)
go
insert into Country (countryId, name, a2, a3, number_, idd_, active_) values (130, 'Luxembourg', 'LU', 'LUX', '442', '352', 1)
go
insert into Country (countryId, name, a2, a3, number_, idd_, active_) values (131, 'Macau', 'MO', 'MAC', '446', '853', 1)
go
insert into Country (countryId, name, a2, a3, number_, idd_, active_) values (132, 'Macedonia', 'MK', 'MKD', '807', '389', 1)
go
insert into Country (countryId, name, a2, a3, number_, idd_, active_) values (133, 'Madagascar', 'MG', 'MDG', '450', '261', 1)
go
insert into Country (countryId, name, a2, a3, number_, idd_, active_) values (134, 'Malawi', 'MW', 'MWI', '454', '265', 1)
go
insert into Country (countryId, name, a2, a3, number_, idd_, active_) values (135, 'Malaysia', 'MY', 'MYS', '458', '060', 1)
go
insert into Country (countryId, name, a2, a3, number_, idd_, active_) values (136, 'Maldives', 'MV', 'MDV', '462', '960', 1)
go
insert into Country (countryId, name, a2, a3, number_, idd_, active_) values (137, 'Mali', 'ML', 'MLI', '466', '223', 1)
go
insert into Country (countryId, name, a2, a3, number_, idd_, active_) values (138, 'Malta', 'MT', 'MLT', '470', '356', 1)
go
insert into Country (countryId, name, a2, a3, number_, idd_, active_) values (139, 'Marshall Islands', 'MH', 'MHL', '584', '692', 1)
go
insert into Country (countryId, name, a2, a3, number_, idd_, active_) values (140, 'Martinique', 'MQ', 'MTQ', '474', '596', 1)
go
insert into Country (countryId, name, a2, a3, number_, idd_, active_) values (141, 'Mauritania', 'MR', 'MRT', '478', '222', 1)
go
insert into Country (countryId, name, a2, a3, number_, idd_, active_) values (142, 'Mauritius', 'MU', 'MUS', '480', '230', 1)
go
insert into Country (countryId, name, a2, a3, number_, idd_, active_) values (143, 'Mayotte Island', 'YT', 'MYT', '175', '269', 1)
go
insert into Country (countryId, name, a2, a3, number_, idd_, active_) values (144, 'Mexico', 'MX', 'MEX', '484', '052', 1)
go
insert into Country (countryId, name, a2, a3, number_, idd_, active_) values (145, 'Micronesia', 'FM', 'FSM', '583', '691', 1)
go
insert into Country (countryId, name, a2, a3, number_, idd_, active_) values (146, 'Moldova', 'MD', 'MDA', '498', '373', 1)
go
insert into Country (countryId, name, a2, a3, number_, idd_, active_) values (147, 'Monaco', 'MC', 'MCO', '492', '377', 1)
go
insert into Country (countryId, name, a2, a3, number_, idd_, active_) values (148, 'Mongolia', 'MN', 'MNG', '496', '976', 1)
go
insert into Country (countryId, name, a2, a3, number_, idd_, active_) values (149, 'Montenegro', 'ME', 'MNE', '499', '382', 1)
go
insert into Country (countryId, name, a2, a3, number_, idd_, active_) values (150, 'Montserrat', 'MS', 'MSR', '500', '664', 1)
go
insert into Country (countryId, name, a2, a3, number_, idd_, active_) values (151, 'Morocco', 'MA', 'MAR', '504', '212', 1)
go
insert into Country (countryId, name, a2, a3, number_, idd_, active_) values (152, 'Mozambique', 'MZ', 'MOZ', '508', '258', 1)
go
insert into Country (countryId, name, a2, a3, number_, idd_, active_) values (153, 'Namibia', 'NA', 'NAM', '516', '264', 1)
go
insert into Country (countryId, name, a2, a3, number_, idd_, active_) values (154, 'Nauru', 'NR', 'NRU', '520', '674', 1)
go
insert into Country (countryId, name, a2, a3, number_, idd_, active_) values (155, 'Nepal', 'NP', 'NPL', '524', '977', 1)
go
insert into Country (countryId, name, a2, a3, number_, idd_, active_) values (156, 'Netherlands Antilles', 'AN', 'ANT', '530', '599', 1)
go
insert into Country (countryId, name, a2, a3, number_, idd_, active_) values (157, 'New Caledonia', 'NC', 'NCL', '540', '687', 1)
go
insert into Country (countryId, name, a2, a3, number_, idd_, active_) values (158, 'New Zealand', 'NZ', 'NZL', '554', '064', 1)
go
insert into Country (countryId, name, a2, a3, number_, idd_, active_) values (159, 'Nicaragua', 'NI', 'NIC', '558', '505', 1)
go
insert into Country (countryId, name, a2, a3, number_, idd_, active_) values (160, 'Niger', 'NE', 'NER', '562', '227', 1)
go
insert into Country (countryId, name, a2, a3, number_, idd_, active_) values (161, 'Nigeria', 'NG', 'NGA', '566', '234', 1)
go
insert into Country (countryId, name, a2, a3, number_, idd_, active_) values (162, 'Niue', 'NU', 'NIU', '570', '683', 1)
go
insert into Country (countryId, name, a2, a3, number_, idd_, active_) values (163, 'Norfolk Island', 'NF', 'NFK', '574', '672', 1)
go
insert into Country (countryId, name, a2, a3, number_, idd_, active_) values (164, 'Norway', 'NO', 'NOR', '578', '047', 1)
go
insert into Country (countryId, name, a2, a3, number_, idd_, active_) values (165, 'Oman', 'OM', 'OMN', '512', '968', 1)
go
insert into Country (countryId, name, a2, a3, number_, idd_, active_) values (166, 'Pakistan', 'PK', 'PAK', '586', '092', 1)
go
insert into Country (countryId, name, a2, a3, number_, idd_, active_) values (167, 'Palau', 'PW', 'PLW', '585', '680', 1)
go
insert into Country (countryId, name, a2, a3, number_, idd_, active_) values (168, 'Palestine', 'PS', 'PSE', '275', '970', 1)
go
insert into Country (countryId, name, a2, a3, number_, idd_, active_) values (169, 'Panama', 'PA', 'PAN', '591', '507', 1)
go
insert into Country (countryId, name, a2, a3, number_, idd_, active_) values (170, 'Papua New Guinea', 'PG', 'PNG', '598', '675', 1)
go
insert into Country (countryId, name, a2, a3, number_, idd_, active_) values (171, 'Paraguay', 'PY', 'PRY', '600', '595', 1)
go
insert into Country (countryId, name, a2, a3, number_, idd_, active_) values (172, 'Peru', 'PE', 'PER', '604', '051', 1)
go
insert into Country (countryId, name, a2, a3, number_, idd_, active_) values (173, 'Philippines', 'PH', 'PHL', '608', '063', 1)
go
insert into Country (countryId, name, a2, a3, number_, idd_, active_) values (174, 'Poland', 'PL', 'POL', '616', '048', 1)
go
insert into Country (countryId, name, a2, a3, number_, idd_, active_) values (175, 'Puerto Rico', 'PR', 'PRI', '630', '787', 1)
go
insert into Country (countryId, name, a2, a3, number_, idd_, active_) values (176, 'Qatar', 'QA', 'QAT', '634', '974', 1)
go
insert into Country (countryId, name, a2, a3, number_, idd_, active_) values (177, 'Reunion Island', 'RE', 'REU', '638', '262', 1)
go
insert into Country (countryId, name, a2, a3, number_, idd_, active_) values (178, 'Romania', 'RO', 'ROU', '642', '040', 1)
go
insert into Country (countryId, name, a2, a3, number_, idd_, active_) values (179, 'Rwanda', 'RW', 'RWA', '646', '250', 1)
go
insert into Country (countryId, name, a2, a3, number_, idd_, active_) values (180, 'St. Helena', 'SH', 'SHN', '654', '290', 1)
go
insert into Country (countryId, name, a2, a3, number_, idd_, active_) values (181, 'St. Kitts', 'KN', 'KNA', '659', '869', 1)
go
insert into Country (countryId, name, a2, a3, number_, idd_, active_) values (182, 'St. Lucia', 'LC', 'LCA', '662', '758', 1)
go
insert into Country (countryId, name, a2, a3, number_, idd_, active_) values (183, 'St. Pierre & Miquelon', 'PM', 'SPM', '666', '508', 1)
go
insert into Country (countryId, name, a2, a3, number_, idd_, active_) values (184, 'St. Vincent', 'VC', 'VCT', '670', '784', 1)
go
insert into Country (countryId, name, a2, a3, number_, idd_, active_) values (185, 'San Marino', 'SM', 'SMR', '674', '378', 1)
go
insert into Country (countryId, name, a2, a3, number_, idd_, active_) values (186, 'Sao Tome & Principe', 'ST', 'STP', '678', '239', 1)
go
insert into Country (countryId, name, a2, a3, number_, idd_, active_) values (187, 'Saudi Arabia', 'SA', 'SAU', '682', '966', 1)
go
insert into Country (countryId, name, a2, a3, number_, idd_, active_) values (188, 'Senegal', 'SN', 'SEN', '686', '221', 1)
go
insert into Country (countryId, name, a2, a3, number_, idd_, active_) values (189, 'Serbia', 'RS', 'SRB', '688', '381', 1)
go
insert into Country (countryId, name, a2, a3, number_, idd_, active_) values (190, 'Seychelles', 'SC', 'SYC', '690', '248', 1)
go
insert into Country (countryId, name, a2, a3, number_, idd_, active_) values (191, 'Sierra Leone', 'SL', 'SLE', '694', '249', 1)
go
insert into Country (countryId, name, a2, a3, number_, idd_, active_) values (192, 'Slovakia', 'SK', 'SVK', '703', '421', 1)
go
insert into Country (countryId, name, a2, a3, number_, idd_, active_) values (193, 'Slovenia', 'SI', 'SVN', '705', '386', 1)
go
insert into Country (countryId, name, a2, a3, number_, idd_, active_) values (194, 'Solomon Islands', 'SB', 'SLB', '90', '677', 1)
go
insert into Country (countryId, name, a2, a3, number_, idd_, active_) values (195, 'Somalia', 'SO', 'SOM', '706', '252', 1)
go
insert into Country (countryId, name, a2, a3, number_, idd_, active_) values (196, 'South Africa', 'ZA', 'ZAF', '710', '027', 1)
go
insert into Country (countryId, name, a2, a3, number_, idd_, active_) values (197, 'Sri Lanka', 'LK', 'LKA', '144', '094', 1)
go
insert into Country (countryId, name, a2, a3, number_, idd_, active_) values (198, 'Sudan', 'SD', 'SDN', '736', '095', 1)
go
insert into Country (countryId, name, a2, a3, number_, idd_, active_) values (199, 'Suriname', 'SR', 'SUR', '740', '597', 1)
go
insert into Country (countryId, name, a2, a3, number_, idd_, active_) values (200, 'Swaziland', 'SZ', 'SWZ', '748', '268', 1)
go
insert into Country (countryId, name, a2, a3, number_, idd_, active_) values (201, 'Sweden', 'SE', 'SWE', '752', '046', 1)
go
insert into Country (countryId, name, a2, a3, number_, idd_, active_) values (202, 'Switzerland', 'CH', 'CHE', '756', '041', 1)
go
insert into Country (countryId, name, a2, a3, number_, idd_, active_) values (203, 'Syria', 'SY', 'SYR', '760', '963', 1)
go
insert into Country (countryId, name, a2, a3, number_, idd_, active_) values (204, 'Taiwan', 'TW', 'TWN', '158', '886', 1)
go
insert into Country (countryId, name, a2, a3, number_, idd_, active_) values (205, 'Tajikistan', 'TJ', 'TJK', '762', '992', 1)
go
insert into Country (countryId, name, a2, a3, number_, idd_, active_) values (206, 'Tanzania', 'TZ', 'TZA', '834', '255', 1)
go
insert into Country (countryId, name, a2, a3, number_, idd_, active_) values (207, 'Thailand', 'TH', 'THA', '764', '066', 1)
go
insert into Country (countryId, name, a2, a3, number_, idd_, active_) values (208, 'Togo', 'TG', 'TGO', '768', '228', 1)
go
insert into Country (countryId, name, a2, a3, number_, idd_, active_) values (209, 'Tonga', 'TO', 'TON', '776', '676', 1)
go
insert into Country (countryId, name, a2, a3, number_, idd_, active_) values (210, 'Trinidad & Tobago', 'TT', 'TTO', '780', '868', 1)
go
insert into Country (countryId, name, a2, a3, number_, idd_, active_) values (211, 'Tunisia', 'TN', 'TUN', '788', '216', 1)
go
insert into Country (countryId, name, a2, a3, number_, idd_, active_) values (212, 'Turkmenistan', 'TM', 'TKM', '795', '993', 1)
go
insert into Country (countryId, name, a2, a3, number_, idd_, active_) values (213, 'Turks & Caicos', 'TC', 'TCA', '796', '649', 1)
go
insert into Country (countryId, name, a2, a3, number_, idd_, active_) values (214, 'Tuvalu', 'TV', 'TUV', '798', '688', 1)
go
insert into Country (countryId, name, a2, a3, number_, idd_, active_) values (215, 'Uganda', 'UG', 'UGA', '800', '256', 1)
go
insert into Country (countryId, name, a2, a3, number_, idd_, active_) values (216, 'Ukraine', 'UA', 'UKR', '804', '380', 1)
go
insert into Country (countryId, name, a2, a3, number_, idd_, active_) values (217, 'United Arab Emirates', 'AE', 'ARE', '784', '971', 1)
go
insert into Country (countryId, name, a2, a3, number_, idd_, active_) values (218, 'Uruguay', 'UY', 'URY', '858', '598', 1)
go
insert into Country (countryId, name, a2, a3, number_, idd_, active_) values (219, 'Uzbekistan', 'UZ', 'UZB', '860', '998', 1)
go
insert into Country (countryId, name, a2, a3, number_, idd_, active_) values (220, 'Vanuatu', 'VU', 'VUT', '548', '678', 1)
go
insert into Country (countryId, name, a2, a3, number_, idd_, active_) values (221, 'Vatican City', 'VA', 'VAT', '336', '039', 1)
go
insert into Country (countryId, name, a2, a3, number_, idd_, active_) values (222, 'Venezuela', 'VE', 'VEN', '862', '058', 1)
go
insert into Country (countryId, name, a2, a3, number_, idd_, active_) values (223, 'Wallis & Futuna', 'WF', 'WLF', '876', '681', 1)
go
insert into Country (countryId, name, a2, a3, number_, idd_, active_) values (224, 'Western Samoa', 'EH', 'ESH', '732', '685', 1)
go
insert into Country (countryId, name, a2, a3, number_, idd_, active_) values (225, 'Yemen', 'YE', 'YEM', '887', '967', 1)
go
insert into Country (countryId, name, a2, a3, number_, idd_, active_) values (226, 'Zambia', 'ZM', 'ZMB', '894', '260', 1)
go
insert into Country (countryId, name, a2, a3, number_, idd_, active_) values (227, 'Zimbabwe', 'ZW', 'ZWE', '716', '263', 1)
go

insert into Region (regionId, countryId, regionCode, name, active_) values (1001, 1, 'AB', 'Alberta', 1)
go
insert into Region (regionId, countryId, regionCode, name, active_) values (1002, 1, 'BC', 'British Columbia', 1)
go
insert into Region (regionId, countryId, regionCode, name, active_) values (1003, 1, 'MB', 'Manitoba', 1)
go
insert into Region (regionId, countryId, regionCode, name, active_) values (1004, 1, 'NB', 'New Brunswick', 1)
go
insert into Region (regionId, countryId, regionCode, name, active_) values (1005, 1, 'NL', 'Newfoundland and Labrador', 1)
go
insert into Region (regionId, countryId, regionCode, name, active_) values (1006, 1, 'NT', 'Northwest Territories', 1)
go
insert into Region (regionId, countryId, regionCode, name, active_) values (1007, 1, 'NS', 'Nova Scotia', 1)
go
insert into Region (regionId, countryId, regionCode, name, active_) values (1008, 1, 'NU', 'Nunavut', 1)
go
insert into Region (regionId, countryId, regionCode, name, active_) values (1009, 1, 'ON', 'Ontario', 1)
go
insert into Region (regionId, countryId, regionCode, name, active_) values (1010, 1, 'PE', 'Prince Edward Island', 1)
go
insert into Region (regionId, countryId, regionCode, name, active_) values (1011, 1, 'QC', 'Quebec', 1)
go
insert into Region (regionId, countryId, regionCode, name, active_) values (1012, 1, 'SK', 'Saskatchewan', 1)
go
insert into Region (regionId, countryId, regionCode, name, active_) values (1013, 1, 'YT', 'Yukon', 1)
go
insert into Region (regionId, countryId, regionCode, name, active_) values (3001, 3, 'A', 'Alsace', 1)
go
insert into Region (regionId, countryId, regionCode, name, active_) values (3002, 3, 'B', 'Aquitaine', 1)
go
insert into Region (regionId, countryId, regionCode, name, active_) values (3003, 3, 'C', 'Auvergne', 1)
go
insert into Region (regionId, countryId, regionCode, name, active_) values (3004, 3, 'P', 'Basse-Normandie', 1)
go
insert into Region (regionId, countryId, regionCode, name, active_) values (3005, 3, 'D', 'Bourgogne', 1)
go
insert into Region (regionId, countryId, regionCode, name, active_) values (3006, 3, 'E', 'Bretagne', 1)
go
insert into Region (regionId, countryId, regionCode, name, active_) values (3007, 3, 'F', 'Centre', 1)
go
insert into Region (regionId, countryId, regionCode, name, active_) values (3008, 3, 'G', 'Champagne-Ardenne', 1)
go
insert into Region (regionId, countryId, regionCode, name, active_) values (3009, 3, 'H', 'Corse', 1)
go
insert into Region (regionId, countryId, regionCode, name, active_) values (3010, 3, 'GF', 'Guyane', 1)
go
insert into Region (regionId, countryId, regionCode, name, active_) values (3011, 3, 'I', 'Franche Comté', 1)
go
insert into Region (regionId, countryId, regionCode, name, active_) values (3012, 3, 'GP', 'Guadeloupe', 1)
go
insert into Region (regionId, countryId, regionCode, name, active_) values (3013, 3, 'Q', 'Haute-Normandie', 1)
go
insert into Region (regionId, countryId, regionCode, name, active_) values (3014, 3, 'J', 'Île-de-France', 1)
go
insert into Region (regionId, countryId, regionCode, name, active_) values (3015, 3, 'K', 'Languedoc-Roussillon', 1)
go
insert into Region (regionId, countryId, regionCode, name, active_) values (3016, 3, 'L', 'Limousin', 1)
go
insert into Region (regionId, countryId, regionCode, name, active_) values (3017, 3, 'M', 'Lorraine', 1)
go
insert into Region (regionId, countryId, regionCode, name, active_) values (3018, 3, 'MQ', 'Martinique', 1)
go
insert into Region (regionId, countryId, regionCode, name, active_) values (3019, 3, 'N', 'Midi-Pyrénées', 1)
go
insert into Region (regionId, countryId, regionCode, name, active_) values (3020, 3, 'O', 'Nord Pas de Calais', 1)
go
insert into Region (regionId, countryId, regionCode, name, active_) values (3021, 3, 'R', 'Pays de la Loire', 1)
go
insert into Region (regionId, countryId, regionCode, name, active_) values (3022, 3, 'S', 'Picardie', 1)
go
insert into Region (regionId, countryId, regionCode, name, active_) values (3023, 3, 'T', 'Poitou-Charentes', 1)
go
insert into Region (regionId, countryId, regionCode, name, active_) values (3024, 3, 'U', 'Provence-Alpes-Côte-d''Azur', 1)
go
insert into Region (regionId, countryId, regionCode, name, active_) values (3025, 3, 'RE', 'Réunion', 1)
go
insert into Region (regionId, countryId, regionCode, name, active_) values (3026, 3, 'V', 'Rhône-Alpes', 1)
go
insert into Region (regionId, countryId, regionCode, name, active_) values (4001, 4, 'BW', 'Baden-Württemberg', 1)
go
insert into Region (regionId, countryId, regionCode, name, active_) values (4002, 4, 'BY', 'Bayern', 1)
go
insert into Region (regionId, countryId, regionCode, name, active_) values (4003, 4, 'BE', 'Berlin', 1)
go
insert into Region (regionId, countryId, regionCode, name, active_) values (4004, 4, 'BR', 'Brandenburg', 1)
go
insert into Region (regionId, countryId, regionCode, name, active_) values (4005, 4, 'HB', 'Bremen', 1)
go
insert into Region (regionId, countryId, regionCode, name, active_) values (4006, 4, 'HH', 'Hamburg', 1)
go
insert into Region (regionId, countryId, regionCode, name, active_) values (4007, 4, 'HE', 'Hessen', 1)
go
insert into Region (regionId, countryId, regionCode, name, active_) values (4008, 4, 'MV', 'Mecklenburg-Vorpommern', 1)
go
insert into Region (regionId, countryId, regionCode, name, active_) values (4009, 4, 'NI', 'Niedersachsen', 1)
go
insert into Region (regionId, countryId, regionCode, name, active_) values (4010, 4, 'NW', 'Nordrhein-Westfalen', 1)
go
insert into Region (regionId, countryId, regionCode, name, active_) values (4011, 4, 'RP', 'Rheinland-Pfalz', 1)
go
insert into Region (regionId, countryId, regionCode, name, active_) values (4012, 4, 'SL', 'Saarland', 1)
go
insert into Region (regionId, countryId, regionCode, name, active_) values (4013, 4, 'SN', 'Sachsen', 1)
go
insert into Region (regionId, countryId, regionCode, name, active_) values (4014, 4, 'ST', 'Sachsen-Anhalt', 1)
go
insert into Region (regionId, countryId, regionCode, name, active_) values (4015, 4, 'SH', 'Schleswig-Holstein', 1)
go
insert into Region (regionId, countryId, regionCode, name, active_) values (4016, 4, 'TH', 'Thüringen', 1)
go
insert into Region (regionId, countryId, regionCode, name, active_) values (8001, 8, 'AG', 'Agrigento', 1)
go
insert into Region (regionId, countryId, regionCode, name, active_) values (8002, 8, 'AL', 'Alessandria', 1)
go
insert into Region (regionId, countryId, regionCode, name, active_) values (8003, 8, 'AN', 'Ancona', 1)
go
insert into Region (regionId, countryId, regionCode, name, active_) values (8004, 8, 'AO', 'Aosta', 1)
go
insert into Region (regionId, countryId, regionCode, name, active_) values (8005, 8, 'AR', 'Arezzo', 1)
go
insert into Region (regionId, countryId, regionCode, name, active_) values (8006, 8, 'AP', 'Ascoli Piceno', 1)
go
insert into Region (regionId, countryId, regionCode, name, active_) values (8007, 8, 'AT', 'Asti', 1)
go
insert into Region (regionId, countryId, regionCode, name, active_) values (8008, 8, 'AV', 'Avellino', 1)
go
insert into Region (regionId, countryId, regionCode, name, active_) values (8009, 8, 'BA', 'Bari', 1)
go
insert into Region (regionId, countryId, regionCode, name, active_) values (8010, 8, 'BT', 'Barletta-Andria-Trani', 1)
go
insert into Region (regionId, countryId, regionCode, name, active_) values (8011, 8, 'BL', 'Belluno', 1)
go
insert into Region (regionId, countryId, regionCode, name, active_) values (8012, 8, 'BN', 'Benevento', 1)
go
insert into Region (regionId, countryId, regionCode, name, active_) values (8013, 8, 'BG', 'Bergamo', 1)
go
insert into Region (regionId, countryId, regionCode, name, active_) values (8014, 8, 'BI', 'Biella', 1)
go
insert into Region (regionId, countryId, regionCode, name, active_) values (8015, 8, 'BO', 'Bologna', 1)
go
insert into Region (regionId, countryId, regionCode, name, active_) values (8016, 8, 'BZ', 'Bolzano', 1)
go
insert into Region (regionId, countryId, regionCode, name, active_) values (8017, 8, 'BS', 'Brescia', 1)
go
insert into Region (regionId, countryId, regionCode, name, active_) values (8018, 8, 'BR', 'Brindisi', 1)
go
insert into Region (regionId, countryId, regionCode, name, active_) values (8019, 8, 'CA', 'Cagliari', 1)
go
insert into Region (regionId, countryId, regionCode, name, active_) values (8020, 8, 'CL', 'Caltanissetta', 1)
go
insert into Region (regionId, countryId, regionCode, name, active_) values (8021, 8, 'CB', 'Campobasso', 1)
go
insert into Region (regionId, countryId, regionCode, name, active_) values (8022, 8, 'CI', 'Carbonia-Iglesias', 1)
go
insert into Region (regionId, countryId, regionCode, name, active_) values (8023, 8, 'CE', 'Caserta', 1)
go
insert into Region (regionId, countryId, regionCode, name, active_) values (8024, 8, 'CT', 'Catania', 1)
go
insert into Region (regionId, countryId, regionCode, name, active_) values (8025, 8, 'CZ', 'Catanzaro', 1)
go
insert into Region (regionId, countryId, regionCode, name, active_) values (8026, 8, 'CH', 'Chieti', 1)
go
insert into Region (regionId, countryId, regionCode, name, active_) values (8027, 8, 'CO', 'Como', 1)
go
insert into Region (regionId, countryId, regionCode, name, active_) values (8028, 8, 'CS', 'Cosenza', 1)
go
insert into Region (regionId, countryId, regionCode, name, active_) values (8029, 8, 'CR', 'Cremona', 1)
go
insert into Region (regionId, countryId, regionCode, name, active_) values (8030, 8, 'KR', 'Crotone', 1)
go
insert into Region (regionId, countryId, regionCode, name, active_) values (8031, 8, 'CN', 'Cuneo', 1)
go
insert into Region (regionId, countryId, regionCode, name, active_) values (8032, 8, 'EN', 'Enna', 1)
go
insert into Region (regionId, countryId, regionCode, name, active_) values (8033, 8, 'FM', 'Fermo', 1)
go
insert into Region (regionId, countryId, regionCode, name, active_) values (8034, 8, 'FE', 'Ferrara', 1)
go
insert into Region (regionId, countryId, regionCode, name, active_) values (8035, 8, 'FI', 'Firenze', 1)
go
insert into Region (regionId, countryId, regionCode, name, active_) values (8036, 8, 'FG', 'Foggia', 1)
go
insert into Region (regionId, countryId, regionCode, name, active_) values (8037, 8, 'FC', 'Forli-Cesena', 1)
go
insert into Region (regionId, countryId, regionCode, name, active_) values (8038, 8, 'FR', 'Frosinone', 1)
go
insert into Region (regionId, countryId, regionCode, name, active_) values (8039, 8, 'GE', 'Genova', 1)
go
insert into Region (regionId, countryId, regionCode, name, active_) values (8040, 8, 'GO', 'Gorizia', 1)
go
insert into Region (regionId, countryId, regionCode, name, active_) values (8041, 8, 'GR', 'Grosseto', 1)
go
insert into Region (regionId, countryId, regionCode, name, active_) values (8042, 8, 'IM', 'Imperia', 1)
go
insert into Region (regionId, countryId, regionCode, name, active_) values (8043, 8, 'IS', 'Isernia', 1)
go
insert into Region (regionId, countryId, regionCode, name, active_) values (8044, 8, 'AQ', 'L''Aquila', 1)
go
insert into Region (regionId, countryId, regionCode, name, active_) values (8045, 8, 'SP', 'La Spezia', 1)
go
insert into Region (regionId, countryId, regionCode, name, active_) values (8046, 8, 'LT', 'Latina', 1)
go
insert into Region (regionId, countryId, regionCode, name, active_) values (8047, 8, 'LE', 'Lecce', 1)
go
insert into Region (regionId, countryId, regionCode, name, active_) values (8048, 8, 'LC', 'Lecco', 1)
go
insert into Region (regionId, countryId, regionCode, name, active_) values (8049, 8, 'LI', 'Livorno', 1)
go
insert into Region (regionId, countryId, regionCode, name, active_) values (8050, 8, 'LO', 'Lodi', 1)
go
insert into Region (regionId, countryId, regionCode, name, active_) values (8051, 8, 'LU', 'Lucca', 1)
go
insert into Region (regionId, countryId, regionCode, name, active_) values (8052, 8, 'MC', 'Macerata', 1)
go
insert into Region (regionId, countryId, regionCode, name, active_) values (8053, 8, 'MN', 'Mantova', 1)
go
insert into Region (regionId, countryId, regionCode, name, active_) values (8054, 8, 'MS', 'Massa-Carrara', 1)
go
insert into Region (regionId, countryId, regionCode, name, active_) values (8055, 8, 'MT', 'Matera', 1)
go
insert into Region (regionId, countryId, regionCode, name, active_) values (8056, 8, 'MA', 'Medio Campidano', 1)
go
insert into Region (regionId, countryId, regionCode, name, active_) values (8057, 8, 'ME', 'Messina', 1)
go
insert into Region (regionId, countryId, regionCode, name, active_) values (8058, 8, 'MI', 'Milano', 1)
go
insert into Region (regionId, countryId, regionCode, name, active_) values (8059, 8, 'MO', 'Modena', 1)
go
insert into Region (regionId, countryId, regionCode, name, active_) values (8060, 8, 'MZ', 'Monza', 1)
go
insert into Region (regionId, countryId, regionCode, name, active_) values (8061, 8, 'NA', 'Napoli', 1)
go
insert into Region (regionId, countryId, regionCode, name, active_) values (8062, 8, 'NO', 'Novara', 1)
go
insert into Region (regionId, countryId, regionCode, name, active_) values (8063, 8, 'NU', 'Nuoro', 1)
go
insert into Region (regionId, countryId, regionCode, name, active_) values (8064, 8, 'OG', 'Ogliastra', 1)
go
insert into Region (regionId, countryId, regionCode, name, active_) values (8065, 8, 'OT', 'Olbia-Tempio', 1)
go
insert into Region (regionId, countryId, regionCode, name, active_) values (8066, 8, 'OR', 'Oristano', 1)
go
insert into Region (regionId, countryId, regionCode, name, active_) values (8067, 8, 'PD', 'Padova', 1)
go
insert into Region (regionId, countryId, regionCode, name, active_) values (8068, 8, 'PA', 'Palermo', 1)
go
insert into Region (regionId, countryId, regionCode, name, active_) values (8069, 8, 'PR', 'Parma', 1)
go
insert into Region (regionId, countryId, regionCode, name, active_) values (8070, 8, 'PV', 'Pavia', 1)
go
insert into Region (regionId, countryId, regionCode, name, active_) values (8071, 8, 'PG', 'Perugia', 1)
go
insert into Region (regionId, countryId, regionCode, name, active_) values (8072, 8, 'PU', 'Pesaro e Urbino', 1)
go
insert into Region (regionId, countryId, regionCode, name, active_) values (8073, 8, 'PE', 'Pescara', 1)
go
insert into Region (regionId, countryId, regionCode, name, active_) values (8074, 8, 'PC', 'Piacenza', 1)
go
insert into Region (regionId, countryId, regionCode, name, active_) values (8075, 8, 'PI', 'Pisa', 1)
go
insert into Region (regionId, countryId, regionCode, name, active_) values (8076, 8, 'PT', 'Pistoia', 1)
go
insert into Region (regionId, countryId, regionCode, name, active_) values (8077, 8, 'PN', 'Pordenone', 1)
go
insert into Region (regionId, countryId, regionCode, name, active_) values (8078, 8, 'PZ', 'Potenza', 1)
go
insert into Region (regionId, countryId, regionCode, name, active_) values (8079, 8, 'PO', 'Prato', 1)
go
insert into Region (regionId, countryId, regionCode, name, active_) values (8080, 8, 'RG', 'Ragusa', 1)
go
insert into Region (regionId, countryId, regionCode, name, active_) values (8081, 8, 'RA', 'Ravenna', 1)
go
insert into Region (regionId, countryId, regionCode, name, active_) values (8082, 8, 'RC', 'Reggio Calabria', 1)
go
insert into Region (regionId, countryId, regionCode, name, active_) values (8083, 8, 'RE', 'Reggio Emilia', 1)
go
insert into Region (regionId, countryId, regionCode, name, active_) values (8084, 8, 'RI', 'Rieti', 1)
go
insert into Region (regionId, countryId, regionCode, name, active_) values (8085, 8, 'RN', 'Rimini', 1)
go
insert into Region (regionId, countryId, regionCode, name, active_) values (8086, 8, 'RM', 'Roma', 1)
go
insert into Region (regionId, countryId, regionCode, name, active_) values (8087, 8, 'RO', 'Rovigo', 1)
go
insert into Region (regionId, countryId, regionCode, name, active_) values (8088, 8, 'SA', 'Salerno', 1)
go
insert into Region (regionId, countryId, regionCode, name, active_) values (8089, 8, 'SS', 'Sassari', 1)
go
insert into Region (regionId, countryId, regionCode, name, active_) values (8090, 8, 'SV', 'Savona', 1)
go
insert into Region (regionId, countryId, regionCode, name, active_) values (8091, 8, 'SI', 'Siena', 1)
go
insert into Region (regionId, countryId, regionCode, name, active_) values (8092, 8, 'SR', 'Siracusa', 1)
go
insert into Region (regionId, countryId, regionCode, name, active_) values (8093, 8, 'SO', 'Sondrio', 1)
go
insert into Region (regionId, countryId, regionCode, name, active_) values (8094, 8, 'TA', 'Taranto', 1)
go
insert into Region (regionId, countryId, regionCode, name, active_) values (8095, 8, 'TE', 'Teramo', 1)
go
insert into Region (regionId, countryId, regionCode, name, active_) values (8096, 8, 'TR', 'Terni', 1)
go
insert into Region (regionId, countryId, regionCode, name, active_) values (8097, 8, 'TO', 'Torino', 1)
go
insert into Region (regionId, countryId, regionCode, name, active_) values (8098, 8, 'TP', 'Trapani', 1)
go
insert into Region (regionId, countryId, regionCode, name, active_) values (8099, 8, 'TN', 'Trento', 1)
go
insert into Region (regionId, countryId, regionCode, name, active_) values (8100, 8, 'TV', 'Treviso', 1)
go
insert into Region (regionId, countryId, regionCode, name, active_) values (8101, 8, 'TS', 'Trieste', 1)
go
insert into Region (regionId, countryId, regionCode, name, active_) values (8102, 8, 'UD', 'Udine', 1)
go
insert into Region (regionId, countryId, regionCode, name, active_) values (8103, 8, 'VA', 'Varese', 1)
go
insert into Region (regionId, countryId, regionCode, name, active_) values (8104, 8, 'VE', 'Venezia', 1)
go
insert into Region (regionId, countryId, regionCode, name, active_) values (8105, 8, 'VB', 'Verbano-Cusio-Ossola', 1)
go
insert into Region (regionId, countryId, regionCode, name, active_) values (8106, 8, 'VC', 'Vercelli', 1)
go
insert into Region (regionId, countryId, regionCode, name, active_) values (8107, 8, 'VR', 'Verona', 1)
go
insert into Region (regionId, countryId, regionCode, name, active_) values (8108, 8, 'VV', 'Vibo Valentia', 1)
go
insert into Region (regionId, countryId, regionCode, name, active_) values (8109, 8, 'VI', 'Vicenza', 1)
go
insert into Region (regionId, countryId, regionCode, name, active_) values (8110, 8, 'VT', 'Viterbo', 1)
go
insert into Region (regionId, countryId, regionCode, name, active_) values (15001, 15, 'AN', 'Andalusia', 1)
go
insert into Region (regionId, countryId, regionCode, name, active_) values (15002, 15, 'AR', 'Aragon', 1)
go
insert into Region (regionId, countryId, regionCode, name, active_) values (15003, 15, 'AS', 'Asturias', 1)
go
insert into Region (regionId, countryId, regionCode, name, active_) values (15004, 15, 'IB', 'Balearic Islands', 1)
go
insert into Region (regionId, countryId, regionCode, name, active_) values (15005, 15, 'PV', 'Basque Country', 1)
go
insert into Region (regionId, countryId, regionCode, name, active_) values (15006, 15, 'CN', 'Canary Islands', 1)
go
insert into Region (regionId, countryId, regionCode, name, active_) values (15007, 15, 'CB', 'Cantabria', 1)
go
insert into Region (regionId, countryId, regionCode, name, active_) values (15008, 15, 'CL', 'Castile and Leon', 1)
go
insert into Region (regionId, countryId, regionCode, name, active_) values (15009, 15, 'CM', 'Castile-La Mancha', 1)
go
insert into Region (regionId, countryId, regionCode, name, active_) values (15010, 15, 'CT', 'Catalonia', 1)
go
insert into Region (regionId, countryId, regionCode, name, active_) values (15011, 15, 'CE', 'Ceuta', 1)
go
insert into Region (regionId, countryId, regionCode, name, active_) values (15012, 15, 'EX', 'Extremadura', 1)
go
insert into Region (regionId, countryId, regionCode, name, active_) values (15013, 15, 'GA', 'Galicia', 1)
go
insert into Region (regionId, countryId, regionCode, name, active_) values (15014, 15, 'LO', 'La Rioja', 1)
go
insert into Region (regionId, countryId, regionCode, name, active_) values (15015, 15, 'M', 'Madrid', 1)
go
insert into Region (regionId, countryId, regionCode, name, active_) values (15016, 15, 'ML', 'Melilla', 1)
go
insert into Region (regionId, countryId, regionCode, name, active_) values (15017, 15, 'MU', 'Murcia', 1)
go
insert into Region (regionId, countryId, regionCode, name, active_) values (15018, 15, 'NA', 'Navarra', 1)
go
insert into Region (regionId, countryId, regionCode, name, active_) values (15019, 15, 'VC', 'Valencia', 1)
go
insert into Region (regionId, countryId, regionCode, name, active_) values (19001, 19, 'AL', 'Alabama', 1)
go
insert into Region (regionId, countryId, regionCode, name, active_) values (19002, 19, 'AK', 'Alaska', 1)
go
insert into Region (regionId, countryId, regionCode, name, active_) values (19003, 19, 'AZ', 'Arizona', 1)
go
insert into Region (regionId, countryId, regionCode, name, active_) values (19004, 19, 'AR', 'Arkansas', 1)
go
insert into Region (regionId, countryId, regionCode, name, active_) values (19005, 19, 'CA', 'California', 1)
go
insert into Region (regionId, countryId, regionCode, name, active_) values (19006, 19, 'CO', 'Colorado', 1)
go
insert into Region (regionId, countryId, regionCode, name, active_) values (19007, 19, 'CT', 'Connecticut', 1)
go
insert into Region (regionId, countryId, regionCode, name, active_) values (19008, 19, 'DC', 'District of Columbia', 1)
go
insert into Region (regionId, countryId, regionCode, name, active_) values (19009, 19, 'DE', 'Delaware', 1)
go
insert into Region (regionId, countryId, regionCode, name, active_) values (19010, 19, 'FL', 'Florida', 1)
go
insert into Region (regionId, countryId, regionCode, name, active_) values (19011, 19, 'GA', 'Georgia', 1)
go
insert into Region (regionId, countryId, regionCode, name, active_) values (19012, 19, 'HI', 'Hawaii', 1)
go
insert into Region (regionId, countryId, regionCode, name, active_) values (19013, 19, 'ID', 'Idaho', 1)
go
insert into Region (regionId, countryId, regionCode, name, active_) values (19014, 19, 'IL', 'Illinois', 1)
go
insert into Region (regionId, countryId, regionCode, name, active_) values (19015, 19, 'IN', 'Indiana', 1)
go
insert into Region (regionId, countryId, regionCode, name, active_) values (19016, 19, 'IA', 'Iowa', 1)
go
insert into Region (regionId, countryId, regionCode, name, active_) values (19017, 19, 'KS', 'Kansas', 1)
go
insert into Region (regionId, countryId, regionCode, name, active_) values (19018, 19, 'KY', 'Kentucky ', 1)
go
insert into Region (regionId, countryId, regionCode, name, active_) values (19019, 19, 'LA', 'Louisiana ', 1)
go
insert into Region (regionId, countryId, regionCode, name, active_) values (19020, 19, 'ME', 'Maine', 1)
go
insert into Region (regionId, countryId, regionCode, name, active_) values (19021, 19, 'MD', 'Maryland', 1)
go
insert into Region (regionId, countryId, regionCode, name, active_) values (19022, 19, 'MA', 'Massachusetts', 1)
go
insert into Region (regionId, countryId, regionCode, name, active_) values (19023, 19, 'MI', 'Michigan', 1)
go
insert into Region (regionId, countryId, regionCode, name, active_) values (19024, 19, 'MN', 'Minnesota', 1)
go
insert into Region (regionId, countryId, regionCode, name, active_) values (19025, 19, 'MS', 'Mississippi', 1)
go
insert into Region (regionId, countryId, regionCode, name, active_) values (19026, 19, 'MO', 'Missouri', 1)
go
insert into Region (regionId, countryId, regionCode, name, active_) values (19027, 19, 'MT', 'Montana', 1)
go
insert into Region (regionId, countryId, regionCode, name, active_) values (19028, 19, 'NE', 'Nebraska', 1)
go
insert into Region (regionId, countryId, regionCode, name, active_) values (19029, 19, 'NV', 'Nevada', 1)
go
insert into Region (regionId, countryId, regionCode, name, active_) values (19030, 19, 'NH', 'New Hampshire', 1)
go
insert into Region (regionId, countryId, regionCode, name, active_) values (19031, 19, 'NJ', 'New Jersey', 1)
go
insert into Region (regionId, countryId, regionCode, name, active_) values (19032, 19, 'NM', 'New Mexico', 1)
go
insert into Region (regionId, countryId, regionCode, name, active_) values (19033, 19, 'NY', 'New York', 1)
go
insert into Region (regionId, countryId, regionCode, name, active_) values (19034, 19, 'NC', 'North Carolina', 1)
go
insert into Region (regionId, countryId, regionCode, name, active_) values (19035, 19, 'ND', 'North Dakota', 1)
go
insert into Region (regionId, countryId, regionCode, name, active_) values (19036, 19, 'OH', 'Ohio', 1)
go
insert into Region (regionId, countryId, regionCode, name, active_) values (19037, 19, 'OK', 'Oklahoma ', 1)
go
insert into Region (regionId, countryId, regionCode, name, active_) values (19038, 19, 'OR', 'Oregon', 1)
go
insert into Region (regionId, countryId, regionCode, name, active_) values (19039, 19, 'PA', 'Pennsylvania', 1)
go
insert into Region (regionId, countryId, regionCode, name, active_) values (19040, 19, 'PR', 'Puerto Rico', 1)
go
insert into Region (regionId, countryId, regionCode, name, active_) values (19041, 19, 'RI', 'Rhode Island', 1)
go
insert into Region (regionId, countryId, regionCode, name, active_) values (19042, 19, 'SC', 'South Carolina', 1)
go
insert into Region (regionId, countryId, regionCode, name, active_) values (19043, 19, 'SD', 'South Dakota', 1)
go
insert into Region (regionId, countryId, regionCode, name, active_) values (19044, 19, 'TN', 'Tennessee', 1)
go
insert into Region (regionId, countryId, regionCode, name, active_) values (19045, 19, 'TX', 'Texas', 1)
go
insert into Region (regionId, countryId, regionCode, name, active_) values (19046, 19, 'UT', 'Utah', 1)
go
insert into Region (regionId, countryId, regionCode, name, active_) values (19047, 19, 'VT', 'Vermont', 1)
go
insert into Region (regionId, countryId, regionCode, name, active_) values (19048, 19, 'VA', 'Virginia', 1)
go
insert into Region (regionId, countryId, regionCode, name, active_) values (19049, 19, 'WA', 'Washington', 1)
go
insert into Region (regionId, countryId, regionCode, name, active_) values (19050, 19, 'WV', 'West Virginia', 1)
go
insert into Region (regionId, countryId, regionCode, name, active_) values (19051, 19, 'WI', 'Wisconsin', 1)
go
insert into Region (regionId, countryId, regionCode, name, active_) values (19052, 19, 'WY', 'Wyoming', 1)
go
insert into Region (regionId, countryId, regionCode, name, active_) values (32001, 32, 'ACT', 'Australian Capital Territory', 1)
go
insert into Region (regionId, countryId, regionCode, name, active_) values (32002, 32, 'NSW', 'New South Wales', 1)
go
insert into Region (regionId, countryId, regionCode, name, active_) values (32003, 32, 'NT', 'Northern Territory', 1)
go
insert into Region (regionId, countryId, regionCode, name, active_) values (32004, 32, 'QLD', 'Queensland', 1)
go
insert into Region (regionId, countryId, regionCode, name, active_) values (32005, 32, 'SA', 'South Australia', 1)
go
insert into Region (regionId, countryId, regionCode, name, active_) values (32006, 32, 'TAS', 'Tasmania', 1)
go
insert into Region (regionId, countryId, regionCode, name, active_) values (32007, 32, 'VIC', 'Victoria', 1)
go
insert into Region (regionId, countryId, regionCode, name, active_) values (32008, 32, 'WA', 'Western Australia', 1)
go
insert into Region (regionId, countryId, regionCode, name, active_) values (202001, 202, 'AG', 'Aargau', 1)
go
insert into Region (regionId, countryId, regionCode, name, active_) values (202002, 202, 'AR', 'Appenzell Ausserrhoden', 1)
go
insert into Region (regionId, countryId, regionCode, name, active_) values (202003, 202, 'AI', 'Appenzell Innerrhoden', 1)
go
insert into Region (regionId, countryId, regionCode, name, active_) values (202004, 202, 'BL', 'Basel-Landschaft', 1)
go
insert into Region (regionId, countryId, regionCode, name, active_) values (202005, 202, 'BS', 'Basel-Stadt', 1)
go
insert into Region (regionId, countryId, regionCode, name, active_) values (202006, 202, 'BE', 'Bern', 1)
go
insert into Region (regionId, countryId, regionCode, name, active_) values (202007, 202, 'FR', 'Fribourg', 1)
go
insert into Region (regionId, countryId, regionCode, name, active_) values (202008, 202, 'GE', 'Geneva', 1)
go
insert into Region (regionId, countryId, regionCode, name, active_) values (202009, 202, 'GL', 'Glarus', 1)
go
insert into Region (regionId, countryId, regionCode, name, active_) values (202010, 202, 'GR', 'Graubünden', 1)
go
insert into Region (regionId, countryId, regionCode, name, active_) values (202011, 202, 'JU', 'Jura', 1)
go
insert into Region (regionId, countryId, regionCode, name, active_) values (202012, 202, 'LU', 'Lucerne', 1)
go
insert into Region (regionId, countryId, regionCode, name, active_) values (202013, 202, 'NE', 'Neuchâtel', 1)
go
insert into Region (regionId, countryId, regionCode, name, active_) values (202014, 202, 'NW', 'Nidwalden', 1)
go
insert into Region (regionId, countryId, regionCode, name, active_) values (202015, 202, 'OW', 'Obwalden', 1)
go
insert into Region (regionId, countryId, regionCode, name, active_) values (202016, 202, 'SH', 'Schaffhausen', 1)
go
insert into Region (regionId, countryId, regionCode, name, active_) values (202017, 202, 'SZ', 'Schwyz', 1)
go
insert into Region (regionId, countryId, regionCode, name, active_) values (202018, 202, 'SO', 'Solothurn', 1)
go
insert into Region (regionId, countryId, regionCode, name, active_) values (202019, 202, 'SG', 'St. Gallen', 1)
go
insert into Region (regionId, countryId, regionCode, name, active_) values (202020, 202, 'TG', 'Thurgau', 1)
go
insert into Region (regionId, countryId, regionCode, name, active_) values (202021, 202, 'TI', 'Ticino', 1)
go
insert into Region (regionId, countryId, regionCode, name, active_) values (202022, 202, 'UR', 'Uri', 1)
go
insert into Region (regionId, countryId, regionCode, name, active_) values (202023, 202, 'VS', 'Valais', 1)
go
insert into Region (regionId, countryId, regionCode, name, active_) values (202024, 202, 'VD', 'Vaud', 1)
go
insert into Region (regionId, countryId, regionCode, name, active_) values (202025, 202, 'ZG', 'Zug', 1)
go
insert into Region (regionId, countryId, regionCode, name, active_) values (202026, 202, 'ZH', 'Zürich', 1)
go

--
-- List types for accounts
--

insert into ListType (listTypeId, name, type_) values (10000, 'Billing', 'com.liferay.portal.model.Account.address')
go
insert into ListType (listTypeId, name, type_) values (10001, 'Other', 'com.liferay.portal.model.Account.address')
go
insert into ListType (listTypeId, name, type_) values (10002, 'P.O. Box', 'com.liferay.portal.model.Account.address')
go
insert into ListType (listTypeId, name, type_) values (10003, 'Shipping', 'com.liferay.portal.model.Account.address')
go

insert into ListType (listTypeId, name, type_) values (10004, 'E-mail', 'com.liferay.portal.model.Account.emailAddress')
go
insert into ListType (listTypeId, name, type_) values (10005, 'E-mail 2', 'com.liferay.portal.model.Account.emailAddress')
go
insert into ListType (listTypeId, name, type_) values (10006, 'E-mail 3', 'com.liferay.portal.model.Account.emailAddress')
go

insert into ListType (listTypeId, name, type_) values (10007, 'Fax', 'com.liferay.portal.model.Account.phone')
go
insert into ListType (listTypeId, name, type_) values (10008, 'Local', 'com.liferay.portal.model.Account.phone')
go
insert into ListType (listTypeId, name, type_) values (10009, 'Other', 'com.liferay.portal.model.Account.phone')
go
insert into ListType (listTypeId, name, type_) values (10010, 'Toll-Free', 'com.liferay.portal.model.Account.phone')
go
insert into ListType (listTypeId, name, type_) values (10011, 'TTY', 'com.liferay.portal.model.Account.phone')
go

insert into ListType (listTypeId, name, type_) values (10012, 'Intranet', 'com.liferay.portal.model.Account.website')
go
insert into ListType (listTypeId, name, type_) values (10013, 'Public', 'com.liferay.portal.model.Account.website')
go

--
-- List types for contacts
--

insert into ListType (listTypeId, name, type_) values (11000, 'Business', 'com.liferay.portal.model.Contact.address')
go
insert into ListType (listTypeId, name, type_) values (11001, 'Other', 'com.liferay.portal.model.Contact.address')
go
insert into ListType (listTypeId, name, type_) values (11002, 'Personal', 'com.liferay.portal.model.Contact.address')
go

insert into ListType (listTypeId, name, type_) values (11003, 'E-mail', 'com.liferay.portal.model.Contact.emailAddress')
go
insert into ListType (listTypeId, name, type_) values (11004, 'E-mail 2', 'com.liferay.portal.model.Contact.emailAddress')
go
insert into ListType (listTypeId, name, type_) values (11005, 'E-mail 3', 'com.liferay.portal.model.Contact.emailAddress')
go

insert into ListType (listTypeId, name, type_) values (11006, 'Business', 'com.liferay.portal.model.Contact.phone')
go
insert into ListType (listTypeId, name, type_) values (11007, 'Business Fax', 'com.liferay.portal.model.Contact.phone')
go
insert into ListType (listTypeId, name, type_) values (11008, 'Mobile', 'com.liferay.portal.model.Contact.phone')
go
insert into ListType (listTypeId, name, type_) values (11009, 'Other', 'com.liferay.portal.model.Contact.phone')
go
insert into ListType (listTypeId, name, type_) values (11010, 'Pager', 'com.liferay.portal.model.Contact.phone')
go
insert into ListType (listTypeId, name, type_) values (11011, 'Personal', 'com.liferay.portal.model.Contact.phone')
go
insert into ListType (listTypeId, name, type_) values (11012, 'Personal Fax', 'com.liferay.portal.model.Contact.phone')
go
insert into ListType (listTypeId, name, type_) values (11013, 'TTY', 'com.liferay.portal.model.Contact.phone')
go

insert into ListType (listTypeId, name, type_) values (11014, 'Dr.', 'com.liferay.portal.model.Contact.prefix')
go
insert into ListType (listTypeId, name, type_) values (11015, 'Mr.', 'com.liferay.portal.model.Contact.prefix')
go
insert into ListType (listTypeId, name, type_) values (11016, 'Mrs.', 'com.liferay.portal.model.Contact.prefix')
go
insert into ListType (listTypeId, name, type_) values (11017, 'Ms.', 'com.liferay.portal.model.Contact.prefix')
go

insert into ListType (listTypeId, name, type_) values (11020, 'II', 'com.liferay.portal.model.Contact.suffix')
go
insert into ListType (listTypeId, name, type_) values (11021, 'III', 'com.liferay.portal.model.Contact.suffix')
go
insert into ListType (listTypeId, name, type_) values (11022, 'IV', 'com.liferay.portal.model.Contact.suffix')
go
insert into ListType (listTypeId, name, type_) values (11023, 'Jr.', 'com.liferay.portal.model.Contact.suffix')
go
insert into ListType (listTypeId, name, type_) values (11024, 'PhD.', 'com.liferay.portal.model.Contact.suffix')
go
insert into ListType (listTypeId, name, type_) values (11025, 'Sr.', 'com.liferay.portal.model.Contact.suffix')
go

insert into ListType (listTypeId, name, type_) values (11026, 'Blog', 'com.liferay.portal.model.Contact.website')
go
insert into ListType (listTypeId, name, type_) values (11027, 'Business', 'com.liferay.portal.model.Contact.website')
go
insert into ListType (listTypeId, name, type_) values (11028, 'Other', 'com.liferay.portal.model.Contact.website')
go
insert into ListType (listTypeId, name, type_) values (11029, 'Personal', 'com.liferay.portal.model.Contact.website')
go

--
-- List types for organizations
--

insert into ListType (listTypeId, name, type_) values (12000, 'Billing', 'com.liferay.portal.model.Organization.address')
go
insert into ListType (listTypeId, name, type_) values (12001, 'Other', 'com.liferay.portal.model.Organization.address')
go
insert into ListType (listTypeId, name, type_) values (12002, 'P.O. Box', 'com.liferay.portal.model.Organization.address')
go
insert into ListType (listTypeId, name, type_) values (12003, 'Shipping', 'com.liferay.portal.model.Organization.address')
go

insert into ListType (listTypeId, name, type_) values (12004, 'E-mail', 'com.liferay.portal.model.Organization.emailAddress')
go
insert into ListType (listTypeId, name, type_) values (12005, 'E-mail 2', 'com.liferay.portal.model.Organization.emailAddress')
go
insert into ListType (listTypeId, name, type_) values (12006, 'E-mail 3', 'com.liferay.portal.model.Organization.emailAddress')
go

insert into ListType (listTypeId, name, type_) values (12007, 'Fax', 'com.liferay.portal.model.Organization.phone')
go
insert into ListType (listTypeId, name, type_) values (12008, 'Local', 'com.liferay.portal.model.Organization.phone')
go
insert into ListType (listTypeId, name, type_) values (12009, 'Other', 'com.liferay.portal.model.Organization.phone')
go
insert into ListType (listTypeId, name, type_) values (12010, 'Toll-Free', 'com.liferay.portal.model.Organization.phone')
go
insert into ListType (listTypeId, name, type_) values (12011, 'TTY', 'com.liferay.portal.model.Organization.phone')
go

insert into ListType (listTypeId, name, type_) values (12012, 'Administrative', 'com.liferay.portal.model.Organization.service')
go
insert into ListType (listTypeId, name, type_) values (12013, 'Contracts', 'com.liferay.portal.model.Organization.service')
go
insert into ListType (listTypeId, name, type_) values (12014, 'Donation', 'com.liferay.portal.model.Organization.service')
go
insert into ListType (listTypeId, name, type_) values (12015, 'Retail', 'com.liferay.portal.model.Organization.service')
go
insert into ListType (listTypeId, name, type_) values (12016, 'Training', 'com.liferay.portal.model.Organization.service')
go

insert into ListType (listTypeId, name, type_) values (12017, 'Full Member', 'com.liferay.portal.model.Organization.status')
go
insert into ListType (listTypeId, name, type_) values (12018, 'Provisional Member', 'com.liferay.portal.model.Organization.status')
go

insert into ListType (listTypeId, name, type_) values (12019, 'Intranet', 'com.liferay.portal.model.Organization.website')
go
insert into ListType (listTypeId, name, type_) values (12020, 'Public', 'com.liferay.portal.model.Organization.website')
go



insert into Counter values ('com.liferay.counter.model.Counter', 10000)
go






insert into Company (companyId, accountId, webId, virtualHost, mx) values (1, 7, 'liferay.com', 'localhost', 'liferay.com')
go
insert into Account_ (accountId, companyId, userId, userName, createDate, modifiedDate, parentAccountId, name, legalName, legalId, legalType, sicCode, tickerSymbol, industry, type_, size_) values (7, 1, 5, '', getdate(), getdate(), 0, 'Liferay', 'Liferay, Inc.', '', '', '', '', '', '', '')
go


insert into ClassName_ (classNameId, value) values (8, 'com.liferay.portal.model.Company')
go
insert into ClassName_ (classNameId, value) values (9, 'com.liferay.portal.model.Group')
go
insert into ClassName_ (classNameId, value) values (10, 'com.liferay.portal.model.Organization')
go
insert into ClassName_ (classNameId, value) values (11, 'com.liferay.portal.model.Role')
go
insert into ClassName_ (classNameId, value) values (12, 'com.liferay.portal.model.User')
go

insert into Shard (shardId, classNameId, classPK, name) values (13, 8, 1, 'default')
go


insert into Role_ (roleId, companyId, classNameId, classPK, name, description, type_) values (14, 1, 11, 14, 'Administrator', '', 1)
go
insert into Role_ (roleId, companyId, classNameId, classPK, name, description, type_) values (15, 1, 11, 15, 'Guest', '', 1)
go
insert into Role_ (roleId, companyId, classNameId, classPK, name, description, type_) values (16, 1, 11, 16, 'Power User', '', 1)
go
insert into Role_ (roleId, companyId, classNameId, classPK, name, description, type_) values (17, 1, 11, 17, 'User', '', 1)
go


insert into Group_ (groupId, companyId, creatorUserId, classNameId, classPK, parentGroupId, liveGroupId, name, friendlyURL, active_) values (18, 1, 5, 9, 18, 0, 0, 'Guest', '/guest', 1)
go
insert into LayoutSet (layoutSetId, companyId, groupId, privateLayout, logo, themeId, colorSchemeId, pageCount) values (19, 1, 18, 1, 0, 'classic', '01', 0)
go
insert into LayoutSet (layoutSetId, companyId, groupId, privateLayout, logo, themeId, colorSchemeId, pageCount) values (20, 1, 18, 0, 0, 'classic', '01', 0)
go


insert into Organization_ (organizationId, companyId, parentOrganizationId, name, type_, recursable, regionId, countryId, statusId, comments) values (21, 1, 0, 'Liferay, Inc.', 'regular-organization', 1, 5, 19, 12017, '')
go

insert into Group_ (groupId, companyId, creatorUserId, classNameId, classPK, parentGroupId, liveGroupId, name, friendlyURL, active_) values (22, 1, 5, 10, 21, 0, 0, '22', '/22', 1)
go
insert into LayoutSet (layoutSetId, companyId, groupId, privateLayout, logo, themeId, colorSchemeId, pageCount) values (23, 1, 22, 1, 0, 'classic', '01', 1)
go
insert into LayoutSet (layoutSetId, companyId, groupId, privateLayout, logo, themeId, colorSchemeId, pageCount) values (24, 1, 22, 0, 0, 'classic', '01', 1)
go
insert into Layout (plid, groupId, companyId, privateLayout, layoutId, parentLayoutId, name, type_, typeSettings, hidden_, friendlyURL, priority) values (25, 22, 1, 0, 1, 0, '<?xml version="1.0"?>

<root>
  <name>Liferay, Inc. Extranet</name>
</root>', 'portlet', 'layout-template-id=2_columns_ii
column-1=3,
column-2=19,', 0, '/1', 0)
go
insert into Layout (plid, groupId, companyId, privateLayout, layoutId, parentLayoutId, name, type_, typeSettings, hidden_, friendlyURL, priority) values (26, 22, 1, 1, 1, 0, '<?xml version="1.0"?>

<root>
  <name>Liferay, Inc. Intranet</name>
</root>', 'portlet', 'layout-template-id=2_columns_ii
column-1=3,
column-2=19,', 0, '/1', 0)
go

insert into Organization_ (organizationId, companyId, parentOrganizationId, name, type_, recursable, regionId, countryId, statusId, comments) values (27, 1, 21, 'Liferay Engineering', 'regular-organization', 1, 5, 19, 12017, '')
go

insert into Group_ (groupId, companyId, creatorUserId, classNameId, classPK, parentGroupId, liveGroupId, name, friendlyURL, active_) values (28, 1, 5, 10, 27, 0, 0, '28', '/28', 1)
go
insert into LayoutSet (layoutSetId, companyId, groupId, privateLayout, logo, themeId, colorSchemeId, pageCount) values (29, 1, 28, 1, 0, 'classic', '01', 0)
go
insert into LayoutSet (layoutSetId, companyId, groupId, privateLayout, logo, themeId, colorSchemeId, pageCount) values (30, 1, 28, 0, 0, 'classic', '01', 0)
go

insert into Organization_ (organizationId, companyId, parentOrganizationId, name, type_, recursable, regionId, countryId, statusId, comments) values (31, 1, 21, 'Liferay Consulting', 'regular-organization', 1, 5, 19, 12017, '')
go

insert into Group_ (groupId, companyId, creatorUserId, classNameId, classPK, parentGroupId, liveGroupId, name, friendlyURL, active_) values (32, 1, 5, 10, 31, 0, 0, '32', '/32', 1)
go
insert into LayoutSet (layoutSetId, companyId, groupId, privateLayout, logo, themeId, colorSchemeId, pageCount) values (33, 1, 32, 1, 0, 'classic', '01', 0)
go
insert into LayoutSet (layoutSetId, companyId, groupId, privateLayout, logo, themeId, colorSchemeId, pageCount) values (34, 1, 32, 0, 0, 'classic', '01', 0)
go

insert into Organization_ (organizationId, companyId, parentOrganizationId, name, type_, recursable, regionId, countryId, statusId, comments) values (35, 1, 21, 'Liferay Support', 'regular-organization', 1, 5, 19, 12017, '')
go

insert into Group_ (groupId, companyId, creatorUserId, classNameId, classPK, parentGroupId, liveGroupId, name, friendlyURL, active_) values (36, 1, 5, 10, 35, 0, 0, '36', '/36', 1)
go
insert into LayoutSet (layoutSetId, companyId, groupId, privateLayout, logo, themeId, colorSchemeId, pageCount) values (37, 1, 36, 1, 0, 'classic', '01', 0)
go
insert into LayoutSet (layoutSetId, companyId, groupId, privateLayout, logo, themeId, colorSchemeId, pageCount) values (38, 1, 36, 0, 0, 'classic', '01', 0)
go

insert into Organization_ (organizationId, companyId, parentOrganizationId, name, type_, recursable, regionId, countryId, statusId, comments) values (39, 1, 21, 'Liferay Sales', 'regular-organization', 1, 5, 19, 12017, '')
go

insert into Group_ (groupId, companyId, creatorUserId, classNameId, classPK, parentGroupId, liveGroupId, name, friendlyURL, active_) values (40, 1, 5, 10, 39, 0, 0, '40', '/40', 1)
go
insert into LayoutSet (layoutSetId, companyId, groupId, privateLayout, logo, themeId, colorSchemeId, pageCount) values (41, 1, 40, 1, 0, 'classic', '01', 0)
go
insert into LayoutSet (layoutSetId, companyId, groupId, privateLayout, logo, themeId, colorSchemeId, pageCount) values (42, 1, 40, 0, 0, 'classic', '01', 0)
go

insert into Organization_ (organizationId, companyId, parentOrganizationId, name, type_, recursable, regionId, countryId, statusId, comments) values (43, 1, 21, 'Liferay Marketing', 'regular-organization', 1, 5, 19, 12017, '')
go

insert into Group_ (groupId, companyId, creatorUserId, classNameId, classPK, parentGroupId, liveGroupId, name, friendlyURL, active_) values (44, 1, 5, 10, 43, 0, 0, '44', '/44', 1)
go
insert into LayoutSet (layoutSetId, companyId, groupId, privateLayout, logo, themeId, colorSchemeId, pageCount) values (45, 1, 44, 1, 0, 'classic', '01', 0)
go
insert into LayoutSet (layoutSetId, companyId, groupId, privateLayout, logo, themeId, colorSchemeId, pageCount) values (46, 1, 44, 0, 0, 'classic', '01', 0)
go


insert into Organization_ (organizationId, companyId, parentOrganizationId, name, type_, recursable, regionId, countryId, statusId, comments) values (47, 1, 21, 'Liferay Los Angeles', 'location', 0, 5, 19, 12017, '')
go

insert into Group_ (groupId, companyId, creatorUserId, classNameId, classPK, parentGroupId, liveGroupId, name, friendlyURL, active_) values (48, 1, 5, 10, 47, 0, 0, '48', '/48', 1)
go
insert into LayoutSet (layoutSetId, companyId, groupId, privateLayout, logo, themeId, colorSchemeId, pageCount) values (49, 1, 48, 1, 0, 'classic', '01', 0)
go
insert into LayoutSet (layoutSetId, companyId, groupId, privateLayout, logo, themeId, colorSchemeId, pageCount) values (50, 1, 48, 0, 0, 'classic', '01', 0)
go

insert into Organization_ (organizationId, companyId, parentOrganizationId, name, type_, recursable, regionId, countryId, statusId, comments) values (51, 1, 21, 'Liferay San Francisco', 'location', 0, 5, 19, 12017, '')
go

insert into Group_ (groupId, companyId, creatorUserId, classNameId, classPK, parentGroupId, liveGroupId, name, friendlyURL, active_) values (52, 1, 5, 10, 51, 0, 0, '52', '/52', 1)
go
insert into LayoutSet (layoutSetId, companyId, groupId, privateLayout, logo, themeId, colorSchemeId, pageCount) values (53, 1, 52, 1, 0, 'classic', '01', 0)
go
insert into LayoutSet (layoutSetId, companyId, groupId, privateLayout, logo, themeId, colorSchemeId, pageCount) values (54, 1, 52, 0, 0, 'classic', '01', 0)
go

insert into Organization_ (organizationId, companyId, parentOrganizationId, name, type_, recursable, regionId, countryId, statusId, comments) values (55, 1, 21, 'Liferay Chicago', 'location', 0, 14, 19, 12017, '')
go

insert into Group_ (groupId, companyId, creatorUserId, classNameId, classPK, parentGroupId, liveGroupId, name, friendlyURL, active_) values (56, 1, 5, 10, 55, 0, 0, '56', '/56', 1)
go
insert into LayoutSet (layoutSetId, companyId, groupId, privateLayout, logo, themeId, colorSchemeId, pageCount) values (57, 1, 56, 1, 0, 'classic', '01', 0)
go
insert into LayoutSet (layoutSetId, companyId, groupId, privateLayout, logo, themeId, colorSchemeId, pageCount) values (58, 1, 56, 0, 0, 'classic', '01', 0)
go

insert into Organization_ (organizationId, companyId, parentOrganizationId, name, type_, recursable, regionId, countryId, statusId, comments) values (59, 1, 21, 'Liferay New York', 'location', 0, 33, 19, 12017, '')
go

insert into Group_ (groupId, companyId, creatorUserId, classNameId, classPK, parentGroupId, liveGroupId, name, friendlyURL, active_) values (60, 1, 5, 10, 59, 0, 0, '60', '/60', 1)
go
insert into LayoutSet (layoutSetId, companyId, groupId, privateLayout, logo, themeId, colorSchemeId, pageCount) values (61, 1, 60, 1, 0, 'classic', '01', 0)
go
insert into LayoutSet (layoutSetId, companyId, groupId, privateLayout, logo, themeId, colorSchemeId, pageCount) values (62, 1, 60, 0, 0, 'classic', '01', 0)
go

insert into Organization_ (organizationId, companyId, parentOrganizationId, name, type_, recursable, regionId, countryId, statusId, comments) values (63, 1, 21, 'Liferay Sao Paulo', 'location', 0, 0, 48, 12017, '')
go

insert into Group_ (groupId, companyId, creatorUserId, classNameId, classPK, parentGroupId, liveGroupId, name, friendlyURL, active_) values (64, 1, 5, 10, 63, 0, 0, '64', '/64', 1)
go
insert into LayoutSet (layoutSetId, companyId, groupId, privateLayout, logo, themeId, colorSchemeId, pageCount) values (65, 1, 64, 1, 0, 'classic', '01', 0)
go
insert into LayoutSet (layoutSetId, companyId, groupId, privateLayout, logo, themeId, colorSchemeId, pageCount) values (66, 1, 64, 0, 0, 'classic', '01', 0)
go

insert into Organization_ (organizationId, companyId, parentOrganizationId, name, type_, recursable, regionId, countryId, statusId, comments) values (67, 1, 21, 'Liferay Frankfurt', 'location', 0, 0, 4, 12017, '')
go

insert into Group_ (groupId, companyId, creatorUserId, classNameId, classPK, parentGroupId, liveGroupId, name, friendlyURL, active_) values (68, 1, 5, 10, 67, 0, 0, '68', '/68', 1)
go
insert into LayoutSet (layoutSetId, companyId, groupId, privateLayout, logo, themeId, colorSchemeId, pageCount) values (69, 1, 68, 1, 0, 'classic', '01', 0)
go
insert into LayoutSet (layoutSetId, companyId, groupId, privateLayout, logo, themeId, colorSchemeId, pageCount) values (70, 1, 68, 0, 0, 'classic', '01', 0)
go

insert into Organization_ (organizationId, companyId, parentOrganizationId, name, type_, recursable, regionId, countryId, statusId, comments) values (71, 1, 21, 'Liferay Madrid', 'location', 0, 0, 15, 12017, '')
go

insert into Group_ (groupId, companyId, creatorUserId, classNameId, classPK, parentGroupId, liveGroupId, name, friendlyURL, active_) values (72, 1, 5, 10, 71, 0, 0, '72', '/72', 1)
go
insert into LayoutSet (layoutSetId, companyId, groupId, privateLayout, logo, themeId, colorSchemeId, pageCount) values (73, 1, 72, 1, 0, 'classic', '01', 0)
go
insert into LayoutSet (layoutSetId, companyId, groupId, privateLayout, logo, themeId, colorSchemeId, pageCount) values (74, 1, 72, 0, 0, 'classic', '01', 0)
go

insert into Organization_ (organizationId, companyId, parentOrganizationId, name, type_, recursable, regionId, countryId, statusId, comments) values (75, 1, 21, 'Liferay Dalian', 'location', 0, 0, 2, 12017, '')
go

insert into Group_ (groupId, companyId, creatorUserId, classNameId, classPK, parentGroupId, liveGroupId, name, friendlyURL, active_) values (76, 1, 5, 10, 75, 0, 0, '76', '/76', 1)
go
insert into LayoutSet (layoutSetId, companyId, groupId, privateLayout, logo, themeId, colorSchemeId, pageCount) values (77, 1, 76, 1, 0, 'classic', '01', 0)
go
insert into LayoutSet (layoutSetId, companyId, groupId, privateLayout, logo, themeId, colorSchemeId, pageCount) values (78, 1, 76, 0, 0, 'classic', '01', 0)
go

insert into Organization_ (organizationId, companyId, parentOrganizationId, name, type_, recursable, regionId, countryId, statusId, comments) values (79, 1, 21, 'Liferay Hong Kong', 'location', 0, 0, 2, 12017, '')
go

insert into Group_ (groupId, companyId, creatorUserId, classNameId, classPK, parentGroupId, liveGroupId, name, friendlyURL, active_) values (80, 1, 5, 10, 79, 0, 0, '80', '/80', 1)
go
insert into LayoutSet (layoutSetId, companyId, groupId, privateLayout, logo, themeId, colorSchemeId, pageCount) values (81, 1, 80, 1, 0, 'classic', '01', 0)
go
insert into LayoutSet (layoutSetId, companyId, groupId, privateLayout, logo, themeId, colorSchemeId, pageCount) values (82, 1, 80, 0, 0, 'classic', '01', 0)
go

insert into Organization_ (organizationId, companyId, parentOrganizationId, name, type_, recursable, regionId, countryId, statusId, comments) values (83, 1, 21, 'Liferay Kuala Lumpur', 'location', 0, 0, 135, 12017, '')
go

insert into Group_ (groupId, companyId, creatorUserId, classNameId, classPK, parentGroupId, liveGroupId, name, friendlyURL, active_) values (84, 1, 5, 10, 83, 0, 0, '84', '/84', 1)
go
insert into LayoutSet (layoutSetId, companyId, groupId, privateLayout, logo, themeId, colorSchemeId, pageCount) values (85, 1, 84, 1, 0, 'classic', '01', 0)
go
insert into LayoutSet (layoutSetId, companyId, groupId, privateLayout, logo, themeId, colorSchemeId, pageCount) values (86, 1, 84, 0, 0, 'classic', '01', 0)
go

insert into User_ (userId, companyId, createDate, modifiedDate, defaultUser, contactId, password_, passwordEncrypted, passwordReset, screenName, emailAddress, greeting, firstName, middleName, lastName, loginDate, failedLoginAttempts, agreedToTermsOfUse, active_) values (5, 1, getdate(), getdate(), 1, 6, 'password', 0, 0, '5', 'default@liferay.com', 'Welcome!', '', '', '', getdate(), 0, 1, 1)
go
insert into Contact_ (contactId, companyId, userId, userName, createDate, modifiedDate, accountId, parentContactId, firstName, middleName, lastName, male, birthday) values (6, 1, 5, '', getdate(), getdate(), 7, 0, '', '', '', 1, '19700101')
go

insert into User_ (userId, companyId, createDate, modifiedDate, defaultUser, contactId, password_, passwordEncrypted, passwordReset, screenName, emailAddress, greeting, firstName, middleName, lastName, loginDate, failedLoginAttempts, agreedToTermsOfUse, active_) values (2, 1, getdate(), getdate(), 0, 3, 'test', 0, 0, 'joebloggs', 'test@liferay.com', 'Welcome Joe Bloggs!', 'Joe', '', 'Bloggs', getdate(), 0, 0, 1)
go
insert into Contact_ (contactId, companyId, userId, userName, createDate, modifiedDate, accountId, parentContactId, firstName, middleName, lastName, male, birthday) values (3, 1, 2, 'Joe Bloggs', getdate(), getdate(), 7, 0, 'Joe', '', 'Bloggs', 1, '19700101')
go

insert into Group_ (groupId, companyId, creatorUserId, classNameId, classPK, parentGroupId, liveGroupId, name, friendlyURL, active_) values (87, 1, 2, 12, 2, 0, 0, '87', '/joebloggs', 1)
go
insert into LayoutSet (layoutSetId, companyId, groupId, privateLayout, logo, themeId, colorSchemeId, pageCount) values (88, 1, 87, 1, 0, 'classic', '01', 2)
go
insert into LayoutSet (layoutSetId, companyId, groupId, privateLayout, logo, themeId, colorSchemeId, pageCount) values (89, 1, 87, 0, 0, 'classic', '01', 0)
go
insert into Layout (plid, groupId, companyId, privateLayout, layoutId, parentLayoutId, name, type_, typeSettings, hidden_, friendlyURL, priority) values (90, 87, 1, 1, 1, 0, '<?xml version="1.0"?>

<root>
  <name>Home</name>
</root>', 'portlet', 'column-1=71_INSTANCE_OY0d,82,23,61,
column-2=9,79,29,8,19,
layout-template-id=2_columns_ii
', 0, '/home', 0)
go
insert into Layout (plid, groupId, companyId, privateLayout, layoutId, parentLayoutId, name, type_, typeSettings, hidden_, friendlyURL, priority) values (91, 87, 1, 1, 2, 0, '<?xml version="1.0"?>

<root>
  <name>Plugins</name>
</root>', 'portlet', 'column-1=
column-2=111,
layout-template-id=2_columns_ii
', 0, '/plugins', 1)
go

insert into Users_Groups values (2, 18)
go

insert into Users_Orgs (userId, organizationId) values (2, 21)
go
insert into Users_Orgs (userId, organizationId) values (2, 47)
go

insert into Users_Roles values (2, 14)
go
insert into Users_Roles values (2, 16)
go
insert into Users_Roles values (2, 17)
go


insert into User_ (userId, companyId, createDate, modifiedDate, defaultUser, contactId, password_, passwordEncrypted, passwordReset, screenName, emailAddress, greeting, firstName, middleName, lastName, loginDate, failedLoginAttempts, agreedToTermsOfUse, active_) values (92, 1, getdate(), getdate(), 0, 93, 'test', 0, 0, 'lax1', 'test.lax.1@liferay.com', 'Welcome Test LAX 1!', 'Test', '', 'LAX 1', getdate(), 0, 1, 1)
go
insert into Contact_ (contactId, companyId, userId, userName, createDate, modifiedDate, accountId, parentContactId, firstName, middleName, lastName, male, birthday) values (93, 1, 2, 'Joe Bloggs', getdate(), getdate(), 7, 0, 'Test', '', 'LAX 1', 1, '19700101')
go

insert into Group_ (groupId, companyId, creatorUserId, classNameId, classPK, parentGroupId, liveGroupId, name, friendlyURL, active_) values (94, 1, 92, 12, 92, 0, 0, '94', '/lax1', 1)
go
insert into LayoutSet (layoutSetId, companyId, groupId, privateLayout, logo, themeId, colorSchemeId, pageCount) values (95, 1, 94, 1, 0, 'classic', '01', 0)
go
insert into LayoutSet (layoutSetId, companyId, groupId, privateLayout, logo, themeId, colorSchemeId, pageCount) values (96, 1, 94, 0, 0, 'classic', '01', 0)
go

insert into Users_Groups values (92, 18)
go

insert into Users_Orgs (userId, organizationId) values (92, 21)
go
insert into Users_Orgs (userId, organizationId) values (92, 47)
go

insert into Users_Roles values (92, 17)
go

insert into User_ (userId, companyId, createDate, modifiedDate, defaultUser, contactId, password_, passwordEncrypted, passwordReset, screenName, emailAddress, greeting, firstName, middleName, lastName, loginDate, failedLoginAttempts, agreedToTermsOfUse, active_) values (97, 1, getdate(), getdate(), 0, 98, 'test', 0, 0, 'lax2', 'test.lax.2@liferay.com', 'Welcome Test LAX 2!', 'Test', '', 'LAX 2', getdate(), 0, 1, 1)
go
insert into Contact_ (contactId, companyId, userId, userName, createDate, modifiedDate, accountId, parentContactId, firstName, middleName, lastName, male, birthday) values (98, 1, 2, 'Joe Bloggs', getdate(), getdate(), 7, 0, 'Test', '', 'LAX 2', 1, '19700101')
go

insert into Group_ (groupId, companyId, creatorUserId, classNameId, classPK, parentGroupId, liveGroupId, name, friendlyURL, active_) values (99, 1, 97, 12, 97, 0, 0, '99', '/lax2', 1)
go
insert into LayoutSet (layoutSetId, companyId, groupId, privateLayout, logo, themeId, colorSchemeId, pageCount) values (100, 1, 99, 1, 0, 'classic', '01', 0)
go
insert into LayoutSet (layoutSetId, companyId, groupId, privateLayout, logo, themeId, colorSchemeId, pageCount) values (101, 1, 99, 0, 0, 'classic', '01', 0)
go

insert into Users_Groups values (97, 18)
go

insert into Users_Orgs (userId, organizationId) values (97, 21)
go
insert into Users_Orgs (userId, organizationId) values (97, 47)
go

insert into Users_Roles values (97, 17)
go

insert into User_ (userId, companyId, createDate, modifiedDate, defaultUser, contactId, password_, passwordEncrypted, passwordReset, screenName, emailAddress, greeting, firstName, middleName, lastName, loginDate, failedLoginAttempts, agreedToTermsOfUse, active_) values (102, 1, getdate(), getdate(), 0, 103, 'test', 0, 0, 'lax3', 'test.lax.3@liferay.com', 'Welcome Test LAX 3!', 'Test', '', 'LAX 3', getdate(), 0, 1, 1)
go
insert into Contact_ (contactId, companyId, userId, userName, createDate, modifiedDate, accountId, parentContactId, firstName, middleName, lastName, male, birthday) values (103, 1, 2, 'Joe Bloggs', getdate(), getdate(), 7, 0, 'Test', '', 'LAX 3', 1, '19700101')
go

insert into Group_ (groupId, companyId, creatorUserId, classNameId, classPK, parentGroupId, liveGroupId, name, friendlyURL, active_) values (104, 1, 102, 12, 102, 0, 0, '104', '/lax3', 1)
go
insert into LayoutSet (layoutSetId, companyId, groupId, privateLayout, logo, themeId, colorSchemeId, pageCount) values (105, 1, 104, 1, 0, 'classic', '01', 0)
go
insert into LayoutSet (layoutSetId, companyId, groupId, privateLayout, logo, themeId, colorSchemeId, pageCount) values (106, 1, 104, 0, 0, 'classic', '01', 0)
go

insert into Users_Groups values (102, 18)
go

insert into Users_Orgs (userId, organizationId) values (102, 21)
go
insert into Users_Orgs (userId, organizationId) values (102, 47)
go

insert into Users_Roles values (102, 17)
go

insert into User_ (userId, companyId, createDate, modifiedDate, defaultUser, contactId, password_, passwordEncrypted, passwordReset, screenName, emailAddress, greeting, firstName, middleName, lastName, loginDate, failedLoginAttempts, agreedToTermsOfUse, active_) values (107, 1, getdate(), getdate(), 0, 108, 'test', 0, 0, 'lax4', 'test.lax.4@liferay.com', 'Welcome Test LAX 4!', 'Test', '', 'LAX 4', getdate(), 0, 1, 1)
go
insert into Contact_ (contactId, companyId, userId, userName, createDate, modifiedDate, accountId, parentContactId, firstName, middleName, lastName, male, birthday) values (108, 1, 2, 'Joe Bloggs', getdate(), getdate(), 7, 0, 'Test', '', 'LAX 4', 1, '19700101')
go

insert into Group_ (groupId, companyId, creatorUserId, classNameId, classPK, parentGroupId, liveGroupId, name, friendlyURL, active_) values (109, 1, 107, 12, 107, 0, 0, '109', '/lax4', 1)
go
insert into LayoutSet (layoutSetId, companyId, groupId, privateLayout, logo, themeId, colorSchemeId, pageCount) values (110, 1, 109, 1, 0, 'classic', '01', 0)
go
insert into LayoutSet (layoutSetId, companyId, groupId, privateLayout, logo, themeId, colorSchemeId, pageCount) values (111, 1, 109, 0, 0, 'classic', '01', 0)
go

insert into Users_Groups values (107, 18)
go

insert into Users_Orgs (userId, organizationId) values (107, 21)
go
insert into Users_Orgs (userId, organizationId) values (107, 47)
go

insert into Users_Roles values (107, 17)
go

insert into User_ (userId, companyId, createDate, modifiedDate, defaultUser, contactId, password_, passwordEncrypted, passwordReset, screenName, emailAddress, greeting, firstName, middleName, lastName, loginDate, failedLoginAttempts, agreedToTermsOfUse, active_) values (112, 1, getdate(), getdate(), 0, 113, 'test', 0, 0, 'lax5', 'test.lax.5@liferay.com', 'Welcome Test LAX 5!', 'Test', '', 'LAX 5', getdate(), 0, 1, 1)
go
insert into Contact_ (contactId, companyId, userId, userName, createDate, modifiedDate, accountId, parentContactId, firstName, middleName, lastName, male, birthday) values (113, 1, 2, 'Joe Bloggs', getdate(), getdate(), 7, 0, 'Test', '', 'LAX 5', 1, '19700101')
go

insert into Group_ (groupId, companyId, creatorUserId, classNameId, classPK, parentGroupId, liveGroupId, name, friendlyURL, active_) values (114, 1, 112, 12, 112, 0, 0, '114', '/lax5', 1)
go
insert into LayoutSet (layoutSetId, companyId, groupId, privateLayout, logo, themeId, colorSchemeId, pageCount) values (115, 1, 114, 1, 0, 'classic', '01', 0)
go
insert into LayoutSet (layoutSetId, companyId, groupId, privateLayout, logo, themeId, colorSchemeId, pageCount) values (116, 1, 114, 0, 0, 'classic', '01', 0)
go

insert into Users_Groups values (112, 18)
go

insert into Users_Orgs (userId, organizationId) values (112, 21)
go
insert into Users_Orgs (userId, organizationId) values (112, 47)
go

insert into Users_Roles values (112, 17)
go

insert into User_ (userId, companyId, createDate, modifiedDate, defaultUser, contactId, password_, passwordEncrypted, passwordReset, screenName, emailAddress, greeting, firstName, middleName, lastName, loginDate, failedLoginAttempts, agreedToTermsOfUse, active_) values (117, 1, getdate(), getdate(), 0, 118, 'test', 0, 0, 'lax6', 'test.lax.6@liferay.com', 'Welcome Test LAX 6!', 'Test', '', 'LAX 6', getdate(), 0, 1, 1)
go
insert into Contact_ (contactId, companyId, userId, userName, createDate, modifiedDate, accountId, parentContactId, firstName, middleName, lastName, male, birthday) values (118, 1, 2, 'Joe Bloggs', getdate(), getdate(), 7, 0, 'Test', '', 'LAX 6', 1, '19700101')
go

insert into Group_ (groupId, companyId, creatorUserId, classNameId, classPK, parentGroupId, liveGroupId, name, friendlyURL, active_) values (119, 1, 117, 12, 117, 0, 0, '119', '/lax6', 1)
go
insert into LayoutSet (layoutSetId, companyId, groupId, privateLayout, logo, themeId, colorSchemeId, pageCount) values (120, 1, 119, 1, 0, 'classic', '01', 0)
go
insert into LayoutSet (layoutSetId, companyId, groupId, privateLayout, logo, themeId, colorSchemeId, pageCount) values (121, 1, 119, 0, 0, 'classic', '01', 0)
go

insert into Users_Groups values (117, 18)
go

insert into Users_Orgs (userId, organizationId) values (117, 21)
go
insert into Users_Orgs (userId, organizationId) values (117, 47)
go

insert into Users_Roles values (117, 17)
go

insert into User_ (userId, companyId, createDate, modifiedDate, defaultUser, contactId, password_, passwordEncrypted, passwordReset, screenName, emailAddress, greeting, firstName, middleName, lastName, loginDate, failedLoginAttempts, agreedToTermsOfUse, active_) values (122, 1, getdate(), getdate(), 0, 123, 'test', 0, 0, 'lax7', 'test.lax.7@liferay.com', 'Welcome Test LAX 7!', 'Test', '', 'LAX 7', getdate(), 0, 1, 1)
go
insert into Contact_ (contactId, companyId, userId, userName, createDate, modifiedDate, accountId, parentContactId, firstName, middleName, lastName, male, birthday) values (123, 1, 2, 'Joe Bloggs', getdate(), getdate(), 7, 0, 'Test', '', 'LAX 7', 1, '19700101')
go

insert into Group_ (groupId, companyId, creatorUserId, classNameId, classPK, parentGroupId, liveGroupId, name, friendlyURL, active_) values (124, 1, 122, 12, 122, 0, 0, '124', '/lax7', 1)
go
insert into LayoutSet (layoutSetId, companyId, groupId, privateLayout, logo, themeId, colorSchemeId, pageCount) values (125, 1, 124, 1, 0, 'classic', '01', 0)
go
insert into LayoutSet (layoutSetId, companyId, groupId, privateLayout, logo, themeId, colorSchemeId, pageCount) values (126, 1, 124, 0, 0, 'classic', '01', 0)
go

insert into Users_Groups values (122, 18)
go

insert into Users_Orgs (userId, organizationId) values (122, 21)
go
insert into Users_Orgs (userId, organizationId) values (122, 47)
go

insert into Users_Roles values (122, 17)
go

insert into User_ (userId, companyId, createDate, modifiedDate, defaultUser, contactId, password_, passwordEncrypted, passwordReset, screenName, emailAddress, greeting, firstName, middleName, lastName, loginDate, failedLoginAttempts, agreedToTermsOfUse, active_) values (127, 1, getdate(), getdate(), 0, 128, 'test', 0, 0, 'lax8', 'test.lax.8@liferay.com', 'Welcome Test LAX 8!', 'Test', '', 'LAX 8', getdate(), 0, 1, 1)
go
insert into Contact_ (contactId, companyId, userId, userName, createDate, modifiedDate, accountId, parentContactId, firstName, middleName, lastName, male, birthday) values (128, 1, 2, 'Joe Bloggs', getdate(), getdate(), 7, 0, 'Test', '', 'LAX 8', 1, '19700101')
go

insert into Group_ (groupId, companyId, creatorUserId, classNameId, classPK, parentGroupId, liveGroupId, name, friendlyURL, active_) values (129, 1, 127, 12, 127, 0, 0, '129', '/lax8', 1)
go
insert into LayoutSet (layoutSetId, companyId, groupId, privateLayout, logo, themeId, colorSchemeId, pageCount) values (130, 1, 129, 1, 0, 'classic', '01', 0)
go
insert into LayoutSet (layoutSetId, companyId, groupId, privateLayout, logo, themeId, colorSchemeId, pageCount) values (131, 1, 129, 0, 0, 'classic', '01', 0)
go

insert into Users_Groups values (127, 18)
go

insert into Users_Orgs (userId, organizationId) values (127, 21)
go
insert into Users_Orgs (userId, organizationId) values (127, 47)
go

insert into Users_Roles values (127, 17)
go

insert into User_ (userId, companyId, createDate, modifiedDate, defaultUser, contactId, password_, passwordEncrypted, passwordReset, screenName, emailAddress, greeting, firstName, middleName, lastName, loginDate, failedLoginAttempts, agreedToTermsOfUse, active_) values (132, 1, getdate(), getdate(), 0, 133, 'test', 0, 0, 'lax9', 'test.lax.9@liferay.com', 'Welcome Test LAX 9!', 'Test', '', 'LAX 9', getdate(), 0, 1, 1)
go
insert into Contact_ (contactId, companyId, userId, userName, createDate, modifiedDate, accountId, parentContactId, firstName, middleName, lastName, male, birthday) values (133, 1, 2, 'Joe Bloggs', getdate(), getdate(), 7, 0, 'Test', '', 'LAX 9', 1, '19700101')
go

insert into Group_ (groupId, companyId, creatorUserId, classNameId, classPK, parentGroupId, liveGroupId, name, friendlyURL, active_) values (134, 1, 132, 12, 132, 0, 0, '134', '/lax9', 1)
go
insert into LayoutSet (layoutSetId, companyId, groupId, privateLayout, logo, themeId, colorSchemeId, pageCount) values (135, 1, 134, 1, 0, 'classic', '01', 0)
go
insert into LayoutSet (layoutSetId, companyId, groupId, privateLayout, logo, themeId, colorSchemeId, pageCount) values (136, 1, 134, 0, 0, 'classic', '01', 0)
go

insert into Users_Groups values (132, 18)
go

insert into Users_Orgs (userId, organizationId) values (132, 21)
go
insert into Users_Orgs (userId, organizationId) values (132, 47)
go

insert into Users_Roles values (132, 17)
go

insert into User_ (userId, companyId, createDate, modifiedDate, defaultUser, contactId, password_, passwordEncrypted, passwordReset, screenName, emailAddress, greeting, firstName, middleName, lastName, loginDate, failedLoginAttempts, agreedToTermsOfUse, active_) values (137, 1, getdate(), getdate(), 0, 138, 'test', 0, 0, 'lax10', 'test.lax.10@liferay.com', 'Welcome Test LAX 10!', 'Test', '', 'LAX 10', getdate(), 0, 1, 1)
go
insert into Contact_ (contactId, companyId, userId, userName, createDate, modifiedDate, accountId, parentContactId, firstName, middleName, lastName, male, birthday) values (138, 1, 2, 'Joe Bloggs', getdate(), getdate(), 7, 0, 'Test', '', 'LAX 10', 1, '19700101')
go

insert into Group_ (groupId, companyId, creatorUserId, classNameId, classPK, parentGroupId, liveGroupId, name, friendlyURL, active_) values (139, 1, 137, 12, 137, 0, 0, '139', '/lax10', 1)
go
insert into LayoutSet (layoutSetId, companyId, groupId, privateLayout, logo, themeId, colorSchemeId, pageCount) values (140, 1, 139, 1, 0, 'classic', '01', 0)
go
insert into LayoutSet (layoutSetId, companyId, groupId, privateLayout, logo, themeId, colorSchemeId, pageCount) values (141, 1, 139, 0, 0, 'classic', '01', 0)
go

insert into Users_Groups values (137, 18)
go

insert into Users_Orgs (userId, organizationId) values (137, 21)
go
insert into Users_Orgs (userId, organizationId) values (137, 47)
go

insert into Users_Roles values (137, 17)
go

insert into User_ (userId, companyId, createDate, modifiedDate, defaultUser, contactId, password_, passwordEncrypted, passwordReset, screenName, emailAddress, greeting, firstName, middleName, lastName, loginDate, failedLoginAttempts, agreedToTermsOfUse, active_) values (142, 1, getdate(), getdate(), 0, 143, 'test', 0, 0, 'lax11', 'test.lax.11@liferay.com', 'Welcome Test LAX 11!', 'Test', '', 'LAX 11', getdate(), 0, 1, 1)
go
insert into Contact_ (contactId, companyId, userId, userName, createDate, modifiedDate, accountId, parentContactId, firstName, middleName, lastName, male, birthday) values (143, 1, 2, 'Joe Bloggs', getdate(), getdate(), 7, 0, 'Test', '', 'LAX 11', 1, '19700101')
go

insert into Group_ (groupId, companyId, creatorUserId, classNameId, classPK, parentGroupId, liveGroupId, name, friendlyURL, active_) values (144, 1, 142, 12, 142, 0, 0, '144', '/lax11', 1)
go
insert into LayoutSet (layoutSetId, companyId, groupId, privateLayout, logo, themeId, colorSchemeId, pageCount) values (145, 1, 144, 1, 0, 'classic', '01', 0)
go
insert into LayoutSet (layoutSetId, companyId, groupId, privateLayout, logo, themeId, colorSchemeId, pageCount) values (146, 1, 144, 0, 0, 'classic', '01', 0)
go

insert into Users_Groups values (142, 18)
go

insert into Users_Orgs (userId, organizationId) values (142, 21)
go
insert into Users_Orgs (userId, organizationId) values (142, 47)
go

insert into Users_Roles values (142, 17)
go

insert into User_ (userId, companyId, createDate, modifiedDate, defaultUser, contactId, password_, passwordEncrypted, passwordReset, screenName, emailAddress, greeting, firstName, middleName, lastName, loginDate, failedLoginAttempts, agreedToTermsOfUse, active_) values (147, 1, getdate(), getdate(), 0, 148, 'test', 0, 0, 'lax12', 'test.lax.12@liferay.com', 'Welcome Test LAX 12!', 'Test', '', 'LAX 12', getdate(), 0, 1, 1)
go
insert into Contact_ (contactId, companyId, userId, userName, createDate, modifiedDate, accountId, parentContactId, firstName, middleName, lastName, male, birthday) values (148, 1, 2, 'Joe Bloggs', getdate(), getdate(), 7, 0, 'Test', '', 'LAX 12', 1, '19700101')
go

insert into Group_ (groupId, companyId, creatorUserId, classNameId, classPK, parentGroupId, liveGroupId, name, friendlyURL, active_) values (149, 1, 147, 12, 147, 0, 0, '149', '/lax12', 1)
go
insert into LayoutSet (layoutSetId, companyId, groupId, privateLayout, logo, themeId, colorSchemeId, pageCount) values (150, 1, 149, 1, 0, 'classic', '01', 0)
go
insert into LayoutSet (layoutSetId, companyId, groupId, privateLayout, logo, themeId, colorSchemeId, pageCount) values (151, 1, 149, 0, 0, 'classic', '01', 0)
go

insert into Users_Groups values (147, 18)
go

insert into Users_Orgs (userId, organizationId) values (147, 21)
go
insert into Users_Orgs (userId, organizationId) values (147, 47)
go

insert into Users_Roles values (147, 17)
go

insert into User_ (userId, companyId, createDate, modifiedDate, defaultUser, contactId, password_, passwordEncrypted, passwordReset, screenName, emailAddress, greeting, firstName, middleName, lastName, loginDate, failedLoginAttempts, agreedToTermsOfUse, active_) values (152, 1, getdate(), getdate(), 0, 153, 'test', 0, 0, 'lax13', 'test.lax.13@liferay.com', 'Welcome Test LAX 13!', 'Test', '', 'LAX 13', getdate(), 0, 1, 1)
go
insert into Contact_ (contactId, companyId, userId, userName, createDate, modifiedDate, accountId, parentContactId, firstName, middleName, lastName, male, birthday) values (153, 1, 2, 'Joe Bloggs', getdate(), getdate(), 7, 0, 'Test', '', 'LAX 13', 1, '19700101')
go

insert into Group_ (groupId, companyId, creatorUserId, classNameId, classPK, parentGroupId, liveGroupId, name, friendlyURL, active_) values (154, 1, 152, 12, 152, 0, 0, '154', '/lax13', 1)
go
insert into LayoutSet (layoutSetId, companyId, groupId, privateLayout, logo, themeId, colorSchemeId, pageCount) values (155, 1, 154, 1, 0, 'classic', '01', 0)
go
insert into LayoutSet (layoutSetId, companyId, groupId, privateLayout, logo, themeId, colorSchemeId, pageCount) values (156, 1, 154, 0, 0, 'classic', '01', 0)
go

insert into Users_Groups values (152, 18)
go

insert into Users_Orgs (userId, organizationId) values (152, 21)
go
insert into Users_Orgs (userId, organizationId) values (152, 47)
go

insert into Users_Roles values (152, 17)
go

insert into User_ (userId, companyId, createDate, modifiedDate, defaultUser, contactId, password_, passwordEncrypted, passwordReset, screenName, emailAddress, greeting, firstName, middleName, lastName, loginDate, failedLoginAttempts, agreedToTermsOfUse, active_) values (157, 1, getdate(), getdate(), 0, 158, 'test', 0, 0, 'lax14', 'test.lax.14@liferay.com', 'Welcome Test LAX 14!', 'Test', '', 'LAX 14', getdate(), 0, 1, 1)
go
insert into Contact_ (contactId, companyId, userId, userName, createDate, modifiedDate, accountId, parentContactId, firstName, middleName, lastName, male, birthday) values (158, 1, 2, 'Joe Bloggs', getdate(), getdate(), 7, 0, 'Test', '', 'LAX 14', 1, '19700101')
go

insert into Group_ (groupId, companyId, creatorUserId, classNameId, classPK, parentGroupId, liveGroupId, name, friendlyURL, active_) values (159, 1, 157, 12, 157, 0, 0, '159', '/lax14', 1)
go
insert into LayoutSet (layoutSetId, companyId, groupId, privateLayout, logo, themeId, colorSchemeId, pageCount) values (160, 1, 159, 1, 0, 'classic', '01', 0)
go
insert into LayoutSet (layoutSetId, companyId, groupId, privateLayout, logo, themeId, colorSchemeId, pageCount) values (161, 1, 159, 0, 0, 'classic', '01', 0)
go

insert into Users_Groups values (157, 18)
go

insert into Users_Orgs (userId, organizationId) values (157, 21)
go
insert into Users_Orgs (userId, organizationId) values (157, 47)
go

insert into Users_Roles values (157, 17)
go

insert into User_ (userId, companyId, createDate, modifiedDate, defaultUser, contactId, password_, passwordEncrypted, passwordReset, screenName, emailAddress, greeting, firstName, middleName, lastName, loginDate, failedLoginAttempts, agreedToTermsOfUse, active_) values (162, 1, getdate(), getdate(), 0, 163, 'test', 0, 0, 'lax15', 'test.lax.15@liferay.com', 'Welcome Test LAX 15!', 'Test', '', 'LAX 15', getdate(), 0, 1, 1)
go
insert into Contact_ (contactId, companyId, userId, userName, createDate, modifiedDate, accountId, parentContactId, firstName, middleName, lastName, male, birthday) values (163, 1, 2, 'Joe Bloggs', getdate(), getdate(), 7, 0, 'Test', '', 'LAX 15', 1, '19700101')
go

insert into Group_ (groupId, companyId, creatorUserId, classNameId, classPK, parentGroupId, liveGroupId, name, friendlyURL, active_) values (164, 1, 162, 12, 162, 0, 0, '164', '/lax15', 1)
go
insert into LayoutSet (layoutSetId, companyId, groupId, privateLayout, logo, themeId, colorSchemeId, pageCount) values (165, 1, 164, 1, 0, 'classic', '01', 0)
go
insert into LayoutSet (layoutSetId, companyId, groupId, privateLayout, logo, themeId, colorSchemeId, pageCount) values (166, 1, 164, 0, 0, 'classic', '01', 0)
go

insert into Users_Groups values (162, 18)
go

insert into Users_Orgs (userId, organizationId) values (162, 21)
go
insert into Users_Orgs (userId, organizationId) values (162, 47)
go

insert into Users_Roles values (162, 17)
go

insert into User_ (userId, companyId, createDate, modifiedDate, defaultUser, contactId, password_, passwordEncrypted, passwordReset, screenName, emailAddress, greeting, firstName, middleName, lastName, loginDate, failedLoginAttempts, agreedToTermsOfUse, active_) values (167, 1, getdate(), getdate(), 0, 168, 'test', 0, 0, 'lax16', 'test.lax.16@liferay.com', 'Welcome Test LAX 16!', 'Test', '', 'LAX 16', getdate(), 0, 1, 1)
go
insert into Contact_ (contactId, companyId, userId, userName, createDate, modifiedDate, accountId, parentContactId, firstName, middleName, lastName, male, birthday) values (168, 1, 2, 'Joe Bloggs', getdate(), getdate(), 7, 0, 'Test', '', 'LAX 16', 1, '19700101')
go

insert into Group_ (groupId, companyId, creatorUserId, classNameId, classPK, parentGroupId, liveGroupId, name, friendlyURL, active_) values (169, 1, 167, 12, 167, 0, 0, '169', '/lax16', 1)
go
insert into LayoutSet (layoutSetId, companyId, groupId, privateLayout, logo, themeId, colorSchemeId, pageCount) values (170, 1, 169, 1, 0, 'classic', '01', 0)
go
insert into LayoutSet (layoutSetId, companyId, groupId, privateLayout, logo, themeId, colorSchemeId, pageCount) values (171, 1, 169, 0, 0, 'classic', '01', 0)
go

insert into Users_Groups values (167, 18)
go

insert into Users_Orgs (userId, organizationId) values (167, 21)
go
insert into Users_Orgs (userId, organizationId) values (167, 47)
go

insert into Users_Roles values (167, 17)
go

insert into User_ (userId, companyId, createDate, modifiedDate, defaultUser, contactId, password_, passwordEncrypted, passwordReset, screenName, emailAddress, greeting, firstName, middleName, lastName, loginDate, failedLoginAttempts, agreedToTermsOfUse, active_) values (172, 1, getdate(), getdate(), 0, 173, 'test', 0, 0, 'lax17', 'test.lax.17@liferay.com', 'Welcome Test LAX 17!', 'Test', '', 'LAX 17', getdate(), 0, 1, 1)
go
insert into Contact_ (contactId, companyId, userId, userName, createDate, modifiedDate, accountId, parentContactId, firstName, middleName, lastName, male, birthday) values (173, 1, 2, 'Joe Bloggs', getdate(), getdate(), 7, 0, 'Test', '', 'LAX 17', 1, '19700101')
go

insert into Group_ (groupId, companyId, creatorUserId, classNameId, classPK, parentGroupId, liveGroupId, name, friendlyURL, active_) values (174, 1, 172, 12, 172, 0, 0, '174', '/lax17', 1)
go
insert into LayoutSet (layoutSetId, companyId, groupId, privateLayout, logo, themeId, colorSchemeId, pageCount) values (175, 1, 174, 1, 0, 'classic', '01', 0)
go
insert into LayoutSet (layoutSetId, companyId, groupId, privateLayout, logo, themeId, colorSchemeId, pageCount) values (176, 1, 174, 0, 0, 'classic', '01', 0)
go

insert into Users_Groups values (172, 18)
go

insert into Users_Orgs (userId, organizationId) values (172, 21)
go
insert into Users_Orgs (userId, organizationId) values (172, 47)
go

insert into Users_Roles values (172, 17)
go

insert into User_ (userId, companyId, createDate, modifiedDate, defaultUser, contactId, password_, passwordEncrypted, passwordReset, screenName, emailAddress, greeting, firstName, middleName, lastName, loginDate, failedLoginAttempts, agreedToTermsOfUse, active_) values (177, 1, getdate(), getdate(), 0, 178, 'test', 0, 0, 'lax18', 'test.lax.18@liferay.com', 'Welcome Test LAX 18!', 'Test', '', 'LAX 18', getdate(), 0, 1, 1)
go
insert into Contact_ (contactId, companyId, userId, userName, createDate, modifiedDate, accountId, parentContactId, firstName, middleName, lastName, male, birthday) values (178, 1, 2, 'Joe Bloggs', getdate(), getdate(), 7, 0, 'Test', '', 'LAX 18', 1, '19700101')
go

insert into Group_ (groupId, companyId, creatorUserId, classNameId, classPK, parentGroupId, liveGroupId, name, friendlyURL, active_) values (179, 1, 177, 12, 177, 0, 0, '179', '/lax18', 1)
go
insert into LayoutSet (layoutSetId, companyId, groupId, privateLayout, logo, themeId, colorSchemeId, pageCount) values (180, 1, 179, 1, 0, 'classic', '01', 0)
go
insert into LayoutSet (layoutSetId, companyId, groupId, privateLayout, logo, themeId, colorSchemeId, pageCount) values (181, 1, 179, 0, 0, 'classic', '01', 0)
go

insert into Users_Groups values (177, 18)
go

insert into Users_Orgs (userId, organizationId) values (177, 21)
go
insert into Users_Orgs (userId, organizationId) values (177, 47)
go

insert into Users_Roles values (177, 17)
go

insert into User_ (userId, companyId, createDate, modifiedDate, defaultUser, contactId, password_, passwordEncrypted, passwordReset, screenName, emailAddress, greeting, firstName, middleName, lastName, loginDate, failedLoginAttempts, agreedToTermsOfUse, active_) values (182, 1, getdate(), getdate(), 0, 183, 'test', 0, 0, 'lax19', 'test.lax.19@liferay.com', 'Welcome Test LAX 19!', 'Test', '', 'LAX 19', getdate(), 0, 1, 1)
go
insert into Contact_ (contactId, companyId, userId, userName, createDate, modifiedDate, accountId, parentContactId, firstName, middleName, lastName, male, birthday) values (183, 1, 2, 'Joe Bloggs', getdate(), getdate(), 7, 0, 'Test', '', 'LAX 19', 1, '19700101')
go

insert into Group_ (groupId, companyId, creatorUserId, classNameId, classPK, parentGroupId, liveGroupId, name, friendlyURL, active_) values (184, 1, 182, 12, 182, 0, 0, '184', '/lax19', 1)
go
insert into LayoutSet (layoutSetId, companyId, groupId, privateLayout, logo, themeId, colorSchemeId, pageCount) values (185, 1, 184, 1, 0, 'classic', '01', 0)
go
insert into LayoutSet (layoutSetId, companyId, groupId, privateLayout, logo, themeId, colorSchemeId, pageCount) values (186, 1, 184, 0, 0, 'classic', '01', 0)
go

insert into Users_Groups values (182, 18)
go

insert into Users_Orgs (userId, organizationId) values (182, 21)
go
insert into Users_Orgs (userId, organizationId) values (182, 47)
go

insert into Users_Roles values (182, 17)
go

insert into User_ (userId, companyId, createDate, modifiedDate, defaultUser, contactId, password_, passwordEncrypted, passwordReset, screenName, emailAddress, greeting, firstName, middleName, lastName, loginDate, failedLoginAttempts, agreedToTermsOfUse, active_) values (187, 1, getdate(), getdate(), 0, 188, 'test', 0, 0, 'lax20', 'test.lax.20@liferay.com', 'Welcome Test LAX 20!', 'Test', '', 'LAX 20', getdate(), 0, 1, 1)
go
insert into Contact_ (contactId, companyId, userId, userName, createDate, modifiedDate, accountId, parentContactId, firstName, middleName, lastName, male, birthday) values (188, 1, 2, 'Joe Bloggs', getdate(), getdate(), 7, 0, 'Test', '', 'LAX 20', 1, '19700101')
go

insert into Group_ (groupId, companyId, creatorUserId, classNameId, classPK, parentGroupId, liveGroupId, name, friendlyURL, active_) values (189, 1, 187, 12, 187, 0, 0, '189', '/lax20', 1)
go
insert into LayoutSet (layoutSetId, companyId, groupId, privateLayout, logo, themeId, colorSchemeId, pageCount) values (190, 1, 189, 1, 0, 'classic', '01', 0)
go
insert into LayoutSet (layoutSetId, companyId, groupId, privateLayout, logo, themeId, colorSchemeId, pageCount) values (191, 1, 189, 0, 0, 'classic', '01', 0)
go

insert into Users_Groups values (187, 18)
go

insert into Users_Orgs (userId, organizationId) values (187, 21)
go
insert into Users_Orgs (userId, organizationId) values (187, 47)
go

insert into Users_Roles values (187, 17)
go

insert into User_ (userId, companyId, createDate, modifiedDate, defaultUser, contactId, password_, passwordEncrypted, passwordReset, screenName, emailAddress, greeting, firstName, middleName, lastName, loginDate, failedLoginAttempts, agreedToTermsOfUse, active_) values (192, 1, getdate(), getdate(), 0, 193, 'test', 0, 0, 'lax21', 'test.lax.21@liferay.com', 'Welcome Test LAX 21!', 'Test', '', 'LAX 21', getdate(), 0, 1, 1)
go
insert into Contact_ (contactId, companyId, userId, userName, createDate, modifiedDate, accountId, parentContactId, firstName, middleName, lastName, male, birthday) values (193, 1, 2, 'Joe Bloggs', getdate(), getdate(), 7, 0, 'Test', '', 'LAX 21', 1, '19700101')
go

insert into Group_ (groupId, companyId, creatorUserId, classNameId, classPK, parentGroupId, liveGroupId, name, friendlyURL, active_) values (194, 1, 192, 12, 192, 0, 0, '194', '/lax21', 1)
go
insert into LayoutSet (layoutSetId, companyId, groupId, privateLayout, logo, themeId, colorSchemeId, pageCount) values (195, 1, 194, 1, 0, 'classic', '01', 0)
go
insert into LayoutSet (layoutSetId, companyId, groupId, privateLayout, logo, themeId, colorSchemeId, pageCount) values (196, 1, 194, 0, 0, 'classic', '01', 0)
go

insert into Users_Groups values (192, 18)
go

insert into Users_Orgs (userId, organizationId) values (192, 21)
go
insert into Users_Orgs (userId, organizationId) values (192, 47)
go

insert into Users_Roles values (192, 17)
go

insert into User_ (userId, companyId, createDate, modifiedDate, defaultUser, contactId, password_, passwordEncrypted, passwordReset, screenName, emailAddress, greeting, firstName, middleName, lastName, loginDate, failedLoginAttempts, agreedToTermsOfUse, active_) values (197, 1, getdate(), getdate(), 0, 198, 'test', 0, 0, 'lax22', 'test.lax.22@liferay.com', 'Welcome Test LAX 22!', 'Test', '', 'LAX 22', getdate(), 0, 1, 1)
go
insert into Contact_ (contactId, companyId, userId, userName, createDate, modifiedDate, accountId, parentContactId, firstName, middleName, lastName, male, birthday) values (198, 1, 2, 'Joe Bloggs', getdate(), getdate(), 7, 0, 'Test', '', 'LAX 22', 1, '19700101')
go

insert into Group_ (groupId, companyId, creatorUserId, classNameId, classPK, parentGroupId, liveGroupId, name, friendlyURL, active_) values (199, 1, 197, 12, 197, 0, 0, '199', '/lax22', 1)
go
insert into LayoutSet (layoutSetId, companyId, groupId, privateLayout, logo, themeId, colorSchemeId, pageCount) values (200, 1, 199, 1, 0, 'classic', '01', 0)
go
insert into LayoutSet (layoutSetId, companyId, groupId, privateLayout, logo, themeId, colorSchemeId, pageCount) values (201, 1, 199, 0, 0, 'classic', '01', 0)
go

insert into Users_Groups values (197, 18)
go

insert into Users_Orgs (userId, organizationId) values (197, 21)
go
insert into Users_Orgs (userId, organizationId) values (197, 47)
go

insert into Users_Roles values (197, 17)
go

insert into User_ (userId, companyId, createDate, modifiedDate, defaultUser, contactId, password_, passwordEncrypted, passwordReset, screenName, emailAddress, greeting, firstName, middleName, lastName, loginDate, failedLoginAttempts, agreedToTermsOfUse, active_) values (202, 1, getdate(), getdate(), 0, 203, 'test', 0, 0, 'lax23', 'test.lax.23@liferay.com', 'Welcome Test LAX 23!', 'Test', '', 'LAX 23', getdate(), 0, 1, 1)
go
insert into Contact_ (contactId, companyId, userId, userName, createDate, modifiedDate, accountId, parentContactId, firstName, middleName, lastName, male, birthday) values (203, 1, 2, 'Joe Bloggs', getdate(), getdate(), 7, 0, 'Test', '', 'LAX 23', 1, '19700101')
go

insert into Group_ (groupId, companyId, creatorUserId, classNameId, classPK, parentGroupId, liveGroupId, name, friendlyURL, active_) values (204, 1, 202, 12, 202, 0, 0, '204', '/lax23', 1)
go
insert into LayoutSet (layoutSetId, companyId, groupId, privateLayout, logo, themeId, colorSchemeId, pageCount) values (205, 1, 204, 1, 0, 'classic', '01', 0)
go
insert into LayoutSet (layoutSetId, companyId, groupId, privateLayout, logo, themeId, colorSchemeId, pageCount) values (206, 1, 204, 0, 0, 'classic', '01', 0)
go

insert into Users_Groups values (202, 18)
go

insert into Users_Orgs (userId, organizationId) values (202, 21)
go
insert into Users_Orgs (userId, organizationId) values (202, 47)
go

insert into Users_Roles values (202, 17)
go

insert into User_ (userId, companyId, createDate, modifiedDate, defaultUser, contactId, password_, passwordEncrypted, passwordReset, screenName, emailAddress, greeting, firstName, middleName, lastName, loginDate, failedLoginAttempts, agreedToTermsOfUse, active_) values (207, 1, getdate(), getdate(), 0, 208, 'test', 0, 0, 'lax24', 'test.lax.24@liferay.com', 'Welcome Test LAX 24!', 'Test', '', 'LAX 24', getdate(), 0, 1, 1)
go
insert into Contact_ (contactId, companyId, userId, userName, createDate, modifiedDate, accountId, parentContactId, firstName, middleName, lastName, male, birthday) values (208, 1, 2, 'Joe Bloggs', getdate(), getdate(), 7, 0, 'Test', '', 'LAX 24', 1, '19700101')
go

insert into Group_ (groupId, companyId, creatorUserId, classNameId, classPK, parentGroupId, liveGroupId, name, friendlyURL, active_) values (209, 1, 207, 12, 207, 0, 0, '209', '/lax24', 1)
go
insert into LayoutSet (layoutSetId, companyId, groupId, privateLayout, logo, themeId, colorSchemeId, pageCount) values (210, 1, 209, 1, 0, 'classic', '01', 0)
go
insert into LayoutSet (layoutSetId, companyId, groupId, privateLayout, logo, themeId, colorSchemeId, pageCount) values (211, 1, 209, 0, 0, 'classic', '01', 0)
go

insert into Users_Groups values (207, 18)
go

insert into Users_Orgs (userId, organizationId) values (207, 21)
go
insert into Users_Orgs (userId, organizationId) values (207, 47)
go

insert into Users_Roles values (207, 17)
go

insert into User_ (userId, companyId, createDate, modifiedDate, defaultUser, contactId, password_, passwordEncrypted, passwordReset, screenName, emailAddress, greeting, firstName, middleName, lastName, loginDate, failedLoginAttempts, agreedToTermsOfUse, active_) values (212, 1, getdate(), getdate(), 0, 213, 'test', 0, 0, 'lax25', 'test.lax.25@liferay.com', 'Welcome Test LAX 25!', 'Test', '', 'LAX 25', getdate(), 0, 1, 1)
go
insert into Contact_ (contactId, companyId, userId, userName, createDate, modifiedDate, accountId, parentContactId, firstName, middleName, lastName, male, birthday) values (213, 1, 2, 'Joe Bloggs', getdate(), getdate(), 7, 0, 'Test', '', 'LAX 25', 1, '19700101')
go

insert into Group_ (groupId, companyId, creatorUserId, classNameId, classPK, parentGroupId, liveGroupId, name, friendlyURL, active_) values (214, 1, 212, 12, 212, 0, 0, '214', '/lax25', 1)
go
insert into LayoutSet (layoutSetId, companyId, groupId, privateLayout, logo, themeId, colorSchemeId, pageCount) values (215, 1, 214, 1, 0, 'classic', '01', 0)
go
insert into LayoutSet (layoutSetId, companyId, groupId, privateLayout, logo, themeId, colorSchemeId, pageCount) values (216, 1, 214, 0, 0, 'classic', '01', 0)
go

insert into Users_Groups values (212, 18)
go

insert into Users_Orgs (userId, organizationId) values (212, 21)
go
insert into Users_Orgs (userId, organizationId) values (212, 47)
go

insert into Users_Roles values (212, 17)
go

insert into User_ (userId, companyId, createDate, modifiedDate, defaultUser, contactId, password_, passwordEncrypted, passwordReset, screenName, emailAddress, greeting, firstName, middleName, lastName, loginDate, failedLoginAttempts, agreedToTermsOfUse, active_) values (217, 1, getdate(), getdate(), 0, 218, 'test', 0, 0, 'lax26', 'test.lax.26@liferay.com', 'Welcome Test LAX 26!', 'Test', '', 'LAX 26', getdate(), 0, 1, 1)
go
insert into Contact_ (contactId, companyId, userId, userName, createDate, modifiedDate, accountId, parentContactId, firstName, middleName, lastName, male, birthday) values (218, 1, 2, 'Joe Bloggs', getdate(), getdate(), 7, 0, 'Test', '', 'LAX 26', 1, '19700101')
go

insert into Group_ (groupId, companyId, creatorUserId, classNameId, classPK, parentGroupId, liveGroupId, name, friendlyURL, active_) values (219, 1, 217, 12, 217, 0, 0, '219', '/lax26', 1)
go
insert into LayoutSet (layoutSetId, companyId, groupId, privateLayout, logo, themeId, colorSchemeId, pageCount) values (220, 1, 219, 1, 0, 'classic', '01', 0)
go
insert into LayoutSet (layoutSetId, companyId, groupId, privateLayout, logo, themeId, colorSchemeId, pageCount) values (221, 1, 219, 0, 0, 'classic', '01', 0)
go

insert into Users_Groups values (217, 18)
go

insert into Users_Orgs (userId, organizationId) values (217, 21)
go
insert into Users_Orgs (userId, organizationId) values (217, 47)
go

insert into Users_Roles values (217, 17)
go

insert into User_ (userId, companyId, createDate, modifiedDate, defaultUser, contactId, password_, passwordEncrypted, passwordReset, screenName, emailAddress, greeting, firstName, middleName, lastName, loginDate, failedLoginAttempts, agreedToTermsOfUse, active_) values (222, 1, getdate(), getdate(), 0, 223, 'test', 0, 0, 'lax27', 'test.lax.27@liferay.com', 'Welcome Test LAX 27!', 'Test', '', 'LAX 27', getdate(), 0, 1, 1)
go
insert into Contact_ (contactId, companyId, userId, userName, createDate, modifiedDate, accountId, parentContactId, firstName, middleName, lastName, male, birthday) values (223, 1, 2, 'Joe Bloggs', getdate(), getdate(), 7, 0, 'Test', '', 'LAX 27', 1, '19700101')
go

insert into Group_ (groupId, companyId, creatorUserId, classNameId, classPK, parentGroupId, liveGroupId, name, friendlyURL, active_) values (224, 1, 222, 12, 222, 0, 0, '224', '/lax27', 1)
go
insert into LayoutSet (layoutSetId, companyId, groupId, privateLayout, logo, themeId, colorSchemeId, pageCount) values (225, 1, 224, 1, 0, 'classic', '01', 0)
go
insert into LayoutSet (layoutSetId, companyId, groupId, privateLayout, logo, themeId, colorSchemeId, pageCount) values (226, 1, 224, 0, 0, 'classic', '01', 0)
go

insert into Users_Groups values (222, 18)
go

insert into Users_Orgs (userId, organizationId) values (222, 21)
go
insert into Users_Orgs (userId, organizationId) values (222, 47)
go

insert into Users_Roles values (222, 17)
go

insert into User_ (userId, companyId, createDate, modifiedDate, defaultUser, contactId, password_, passwordEncrypted, passwordReset, screenName, emailAddress, greeting, firstName, middleName, lastName, loginDate, failedLoginAttempts, agreedToTermsOfUse, active_) values (227, 1, getdate(), getdate(), 0, 228, 'test', 0, 0, 'lax28', 'test.lax.28@liferay.com', 'Welcome Test LAX 28!', 'Test', '', 'LAX 28', getdate(), 0, 1, 1)
go
insert into Contact_ (contactId, companyId, userId, userName, createDate, modifiedDate, accountId, parentContactId, firstName, middleName, lastName, male, birthday) values (228, 1, 2, 'Joe Bloggs', getdate(), getdate(), 7, 0, 'Test', '', 'LAX 28', 1, '19700101')
go

insert into Group_ (groupId, companyId, creatorUserId, classNameId, classPK, parentGroupId, liveGroupId, name, friendlyURL, active_) values (229, 1, 227, 12, 227, 0, 0, '229', '/lax28', 1)
go
insert into LayoutSet (layoutSetId, companyId, groupId, privateLayout, logo, themeId, colorSchemeId, pageCount) values (230, 1, 229, 1, 0, 'classic', '01', 0)
go
insert into LayoutSet (layoutSetId, companyId, groupId, privateLayout, logo, themeId, colorSchemeId, pageCount) values (231, 1, 229, 0, 0, 'classic', '01', 0)
go

insert into Users_Groups values (227, 18)
go

insert into Users_Orgs (userId, organizationId) values (227, 21)
go
insert into Users_Orgs (userId, organizationId) values (227, 47)
go

insert into Users_Roles values (227, 17)
go

insert into User_ (userId, companyId, createDate, modifiedDate, defaultUser, contactId, password_, passwordEncrypted, passwordReset, screenName, emailAddress, greeting, firstName, middleName, lastName, loginDate, failedLoginAttempts, agreedToTermsOfUse, active_) values (232, 1, getdate(), getdate(), 0, 233, 'test', 0, 0, 'lax29', 'test.lax.29@liferay.com', 'Welcome Test LAX 29!', 'Test', '', 'LAX 29', getdate(), 0, 1, 1)
go
insert into Contact_ (contactId, companyId, userId, userName, createDate, modifiedDate, accountId, parentContactId, firstName, middleName, lastName, male, birthday) values (233, 1, 2, 'Joe Bloggs', getdate(), getdate(), 7, 0, 'Test', '', 'LAX 29', 1, '19700101')
go

insert into Group_ (groupId, companyId, creatorUserId, classNameId, classPK, parentGroupId, liveGroupId, name, friendlyURL, active_) values (234, 1, 232, 12, 232, 0, 0, '234', '/lax29', 1)
go
insert into LayoutSet (layoutSetId, companyId, groupId, privateLayout, logo, themeId, colorSchemeId, pageCount) values (235, 1, 234, 1, 0, 'classic', '01', 0)
go
insert into LayoutSet (layoutSetId, companyId, groupId, privateLayout, logo, themeId, colorSchemeId, pageCount) values (236, 1, 234, 0, 0, 'classic', '01', 0)
go

insert into Users_Groups values (232, 18)
go

insert into Users_Orgs (userId, organizationId) values (232, 21)
go
insert into Users_Orgs (userId, organizationId) values (232, 47)
go

insert into Users_Roles values (232, 17)
go

insert into User_ (userId, companyId, createDate, modifiedDate, defaultUser, contactId, password_, passwordEncrypted, passwordReset, screenName, emailAddress, greeting, firstName, middleName, lastName, loginDate, failedLoginAttempts, agreedToTermsOfUse, active_) values (237, 1, getdate(), getdate(), 0, 238, 'test', 0, 0, 'lax30', 'test.lax.30@liferay.com', 'Welcome Test LAX 30!', 'Test', '', 'LAX 30', getdate(), 0, 1, 1)
go
insert into Contact_ (contactId, companyId, userId, userName, createDate, modifiedDate, accountId, parentContactId, firstName, middleName, lastName, male, birthday) values (238, 1, 2, 'Joe Bloggs', getdate(), getdate(), 7, 0, 'Test', '', 'LAX 30', 1, '19700101')
go

insert into Group_ (groupId, companyId, creatorUserId, classNameId, classPK, parentGroupId, liveGroupId, name, friendlyURL, active_) values (239, 1, 237, 12, 237, 0, 0, '239', '/lax30', 1)
go
insert into LayoutSet (layoutSetId, companyId, groupId, privateLayout, logo, themeId, colorSchemeId, pageCount) values (240, 1, 239, 1, 0, 'classic', '01', 0)
go
insert into LayoutSet (layoutSetId, companyId, groupId, privateLayout, logo, themeId, colorSchemeId, pageCount) values (241, 1, 239, 0, 0, 'classic', '01', 0)
go

insert into Users_Groups values (237, 18)
go

insert into Users_Orgs (userId, organizationId) values (237, 21)
go
insert into Users_Orgs (userId, organizationId) values (237, 47)
go

insert into Users_Roles values (237, 17)
go

insert into User_ (userId, companyId, createDate, modifiedDate, defaultUser, contactId, password_, passwordEncrypted, passwordReset, screenName, emailAddress, greeting, firstName, middleName, lastName, loginDate, failedLoginAttempts, agreedToTermsOfUse, active_) values (242, 1, getdate(), getdate(), 0, 243, 'test', 0, 0, 'lax31', 'test.lax.31@liferay.com', 'Welcome Test LAX 31!', 'Test', '', 'LAX 31', getdate(), 0, 1, 1)
go
insert into Contact_ (contactId, companyId, userId, userName, createDate, modifiedDate, accountId, parentContactId, firstName, middleName, lastName, male, birthday) values (243, 1, 2, 'Joe Bloggs', getdate(), getdate(), 7, 0, 'Test', '', 'LAX 31', 1, '19700101')
go

insert into Group_ (groupId, companyId, creatorUserId, classNameId, classPK, parentGroupId, liveGroupId, name, friendlyURL, active_) values (244, 1, 242, 12, 242, 0, 0, '244', '/lax31', 1)
go
insert into LayoutSet (layoutSetId, companyId, groupId, privateLayout, logo, themeId, colorSchemeId, pageCount) values (245, 1, 244, 1, 0, 'classic', '01', 0)
go
insert into LayoutSet (layoutSetId, companyId, groupId, privateLayout, logo, themeId, colorSchemeId, pageCount) values (246, 1, 244, 0, 0, 'classic', '01', 0)
go

insert into Users_Groups values (242, 18)
go

insert into Users_Orgs (userId, organizationId) values (242, 21)
go
insert into Users_Orgs (userId, organizationId) values (242, 47)
go

insert into Users_Roles values (242, 17)
go

insert into User_ (userId, companyId, createDate, modifiedDate, defaultUser, contactId, password_, passwordEncrypted, passwordReset, screenName, emailAddress, greeting, firstName, middleName, lastName, loginDate, failedLoginAttempts, agreedToTermsOfUse, active_) values (247, 1, getdate(), getdate(), 0, 248, 'test', 0, 0, 'lax32', 'test.lax.32@liferay.com', 'Welcome Test LAX 32!', 'Test', '', 'LAX 32', getdate(), 0, 1, 1)
go
insert into Contact_ (contactId, companyId, userId, userName, createDate, modifiedDate, accountId, parentContactId, firstName, middleName, lastName, male, birthday) values (248, 1, 2, 'Joe Bloggs', getdate(), getdate(), 7, 0, 'Test', '', 'LAX 32', 1, '19700101')
go

insert into Group_ (groupId, companyId, creatorUserId, classNameId, classPK, parentGroupId, liveGroupId, name, friendlyURL, active_) values (249, 1, 247, 12, 247, 0, 0, '249', '/lax32', 1)
go
insert into LayoutSet (layoutSetId, companyId, groupId, privateLayout, logo, themeId, colorSchemeId, pageCount) values (250, 1, 249, 1, 0, 'classic', '01', 0)
go
insert into LayoutSet (layoutSetId, companyId, groupId, privateLayout, logo, themeId, colorSchemeId, pageCount) values (251, 1, 249, 0, 0, 'classic', '01', 0)
go

insert into Users_Groups values (247, 18)
go

insert into Users_Orgs (userId, organizationId) values (247, 21)
go
insert into Users_Orgs (userId, organizationId) values (247, 47)
go

insert into Users_Roles values (247, 17)
go

insert into User_ (userId, companyId, createDate, modifiedDate, defaultUser, contactId, password_, passwordEncrypted, passwordReset, screenName, emailAddress, greeting, firstName, middleName, lastName, loginDate, failedLoginAttempts, agreedToTermsOfUse, active_) values (252, 1, getdate(), getdate(), 0, 253, 'test', 0, 0, 'lax33', 'test.lax.33@liferay.com', 'Welcome Test LAX 33!', 'Test', '', 'LAX 33', getdate(), 0, 1, 1)
go
insert into Contact_ (contactId, companyId, userId, userName, createDate, modifiedDate, accountId, parentContactId, firstName, middleName, lastName, male, birthday) values (253, 1, 2, 'Joe Bloggs', getdate(), getdate(), 7, 0, 'Test', '', 'LAX 33', 1, '19700101')
go

insert into Group_ (groupId, companyId, creatorUserId, classNameId, classPK, parentGroupId, liveGroupId, name, friendlyURL, active_) values (254, 1, 252, 12, 252, 0, 0, '254', '/lax33', 1)
go
insert into LayoutSet (layoutSetId, companyId, groupId, privateLayout, logo, themeId, colorSchemeId, pageCount) values (255, 1, 254, 1, 0, 'classic', '01', 0)
go
insert into LayoutSet (layoutSetId, companyId, groupId, privateLayout, logo, themeId, colorSchemeId, pageCount) values (256, 1, 254, 0, 0, 'classic', '01', 0)
go

insert into Users_Groups values (252, 18)
go

insert into Users_Orgs (userId, organizationId) values (252, 21)
go
insert into Users_Orgs (userId, organizationId) values (252, 47)
go

insert into Users_Roles values (252, 17)
go

insert into User_ (userId, companyId, createDate, modifiedDate, defaultUser, contactId, password_, passwordEncrypted, passwordReset, screenName, emailAddress, greeting, firstName, middleName, lastName, loginDate, failedLoginAttempts, agreedToTermsOfUse, active_) values (257, 1, getdate(), getdate(), 0, 258, 'test', 0, 0, 'lax34', 'test.lax.34@liferay.com', 'Welcome Test LAX 34!', 'Test', '', 'LAX 34', getdate(), 0, 1, 1)
go
insert into Contact_ (contactId, companyId, userId, userName, createDate, modifiedDate, accountId, parentContactId, firstName, middleName, lastName, male, birthday) values (258, 1, 2, 'Joe Bloggs', getdate(), getdate(), 7, 0, 'Test', '', 'LAX 34', 1, '19700101')
go

insert into Group_ (groupId, companyId, creatorUserId, classNameId, classPK, parentGroupId, liveGroupId, name, friendlyURL, active_) values (259, 1, 257, 12, 257, 0, 0, '259', '/lax34', 1)
go
insert into LayoutSet (layoutSetId, companyId, groupId, privateLayout, logo, themeId, colorSchemeId, pageCount) values (260, 1, 259, 1, 0, 'classic', '01', 0)
go
insert into LayoutSet (layoutSetId, companyId, groupId, privateLayout, logo, themeId, colorSchemeId, pageCount) values (261, 1, 259, 0, 0, 'classic', '01', 0)
go

insert into Users_Groups values (257, 18)
go

insert into Users_Orgs (userId, organizationId) values (257, 21)
go
insert into Users_Orgs (userId, organizationId) values (257, 47)
go

insert into Users_Roles values (257, 17)
go

insert into User_ (userId, companyId, createDate, modifiedDate, defaultUser, contactId, password_, passwordEncrypted, passwordReset, screenName, emailAddress, greeting, firstName, middleName, lastName, loginDate, failedLoginAttempts, agreedToTermsOfUse, active_) values (262, 1, getdate(), getdate(), 0, 263, 'test', 0, 0, 'lax35', 'test.lax.35@liferay.com', 'Welcome Test LAX 35!', 'Test', '', 'LAX 35', getdate(), 0, 1, 1)
go
insert into Contact_ (contactId, companyId, userId, userName, createDate, modifiedDate, accountId, parentContactId, firstName, middleName, lastName, male, birthday) values (263, 1, 2, 'Joe Bloggs', getdate(), getdate(), 7, 0, 'Test', '', 'LAX 35', 1, '19700101')
go

insert into Group_ (groupId, companyId, creatorUserId, classNameId, classPK, parentGroupId, liveGroupId, name, friendlyURL, active_) values (264, 1, 262, 12, 262, 0, 0, '264', '/lax35', 1)
go
insert into LayoutSet (layoutSetId, companyId, groupId, privateLayout, logo, themeId, colorSchemeId, pageCount) values (265, 1, 264, 1, 0, 'classic', '01', 0)
go
insert into LayoutSet (layoutSetId, companyId, groupId, privateLayout, logo, themeId, colorSchemeId, pageCount) values (266, 1, 264, 0, 0, 'classic', '01', 0)
go

insert into Users_Groups values (262, 18)
go

insert into Users_Orgs (userId, organizationId) values (262, 21)
go
insert into Users_Orgs (userId, organizationId) values (262, 47)
go

insert into Users_Roles values (262, 17)
go

insert into User_ (userId, companyId, createDate, modifiedDate, defaultUser, contactId, password_, passwordEncrypted, passwordReset, screenName, emailAddress, greeting, firstName, middleName, lastName, loginDate, failedLoginAttempts, agreedToTermsOfUse, active_) values (267, 1, getdate(), getdate(), 0, 268, 'test', 0, 0, 'lax36', 'test.lax.36@liferay.com', 'Welcome Test LAX 36!', 'Test', '', 'LAX 36', getdate(), 0, 1, 1)
go
insert into Contact_ (contactId, companyId, userId, userName, createDate, modifiedDate, accountId, parentContactId, firstName, middleName, lastName, male, birthday) values (268, 1, 2, 'Joe Bloggs', getdate(), getdate(), 7, 0, 'Test', '', 'LAX 36', 1, '19700101')
go

insert into Group_ (groupId, companyId, creatorUserId, classNameId, classPK, parentGroupId, liveGroupId, name, friendlyURL, active_) values (269, 1, 267, 12, 267, 0, 0, '269', '/lax36', 1)
go
insert into LayoutSet (layoutSetId, companyId, groupId, privateLayout, logo, themeId, colorSchemeId, pageCount) values (270, 1, 269, 1, 0, 'classic', '01', 0)
go
insert into LayoutSet (layoutSetId, companyId, groupId, privateLayout, logo, themeId, colorSchemeId, pageCount) values (271, 1, 269, 0, 0, 'classic', '01', 0)
go

insert into Users_Groups values (267, 18)
go

insert into Users_Orgs (userId, organizationId) values (267, 21)
go
insert into Users_Orgs (userId, organizationId) values (267, 47)
go

insert into Users_Roles values (267, 17)
go

insert into User_ (userId, companyId, createDate, modifiedDate, defaultUser, contactId, password_, passwordEncrypted, passwordReset, screenName, emailAddress, greeting, firstName, middleName, lastName, loginDate, failedLoginAttempts, agreedToTermsOfUse, active_) values (272, 1, getdate(), getdate(), 0, 273, 'test', 0, 0, 'lax37', 'test.lax.37@liferay.com', 'Welcome Test LAX 37!', 'Test', '', 'LAX 37', getdate(), 0, 1, 1)
go
insert into Contact_ (contactId, companyId, userId, userName, createDate, modifiedDate, accountId, parentContactId, firstName, middleName, lastName, male, birthday) values (273, 1, 2, 'Joe Bloggs', getdate(), getdate(), 7, 0, 'Test', '', 'LAX 37', 1, '19700101')
go

insert into Group_ (groupId, companyId, creatorUserId, classNameId, classPK, parentGroupId, liveGroupId, name, friendlyURL, active_) values (274, 1, 272, 12, 272, 0, 0, '274', '/lax37', 1)
go
insert into LayoutSet (layoutSetId, companyId, groupId, privateLayout, logo, themeId, colorSchemeId, pageCount) values (275, 1, 274, 1, 0, 'classic', '01', 0)
go
insert into LayoutSet (layoutSetId, companyId, groupId, privateLayout, logo, themeId, colorSchemeId, pageCount) values (276, 1, 274, 0, 0, 'classic', '01', 0)
go

insert into Users_Groups values (272, 18)
go

insert into Users_Orgs (userId, organizationId) values (272, 21)
go
insert into Users_Orgs (userId, organizationId) values (272, 47)
go

insert into Users_Roles values (272, 17)
go

insert into User_ (userId, companyId, createDate, modifiedDate, defaultUser, contactId, password_, passwordEncrypted, passwordReset, screenName, emailAddress, greeting, firstName, middleName, lastName, loginDate, failedLoginAttempts, agreedToTermsOfUse, active_) values (277, 1, getdate(), getdate(), 0, 278, 'test', 0, 0, 'lax38', 'test.lax.38@liferay.com', 'Welcome Test LAX 38!', 'Test', '', 'LAX 38', getdate(), 0, 1, 1)
go
insert into Contact_ (contactId, companyId, userId, userName, createDate, modifiedDate, accountId, parentContactId, firstName, middleName, lastName, male, birthday) values (278, 1, 2, 'Joe Bloggs', getdate(), getdate(), 7, 0, 'Test', '', 'LAX 38', 1, '19700101')
go

insert into Group_ (groupId, companyId, creatorUserId, classNameId, classPK, parentGroupId, liveGroupId, name, friendlyURL, active_) values (279, 1, 277, 12, 277, 0, 0, '279', '/lax38', 1)
go
insert into LayoutSet (layoutSetId, companyId, groupId, privateLayout, logo, themeId, colorSchemeId, pageCount) values (280, 1, 279, 1, 0, 'classic', '01', 0)
go
insert into LayoutSet (layoutSetId, companyId, groupId, privateLayout, logo, themeId, colorSchemeId, pageCount) values (281, 1, 279, 0, 0, 'classic', '01', 0)
go

insert into Users_Groups values (277, 18)
go

insert into Users_Orgs (userId, organizationId) values (277, 21)
go
insert into Users_Orgs (userId, organizationId) values (277, 47)
go

insert into Users_Roles values (277, 17)
go

insert into User_ (userId, companyId, createDate, modifiedDate, defaultUser, contactId, password_, passwordEncrypted, passwordReset, screenName, emailAddress, greeting, firstName, middleName, lastName, loginDate, failedLoginAttempts, agreedToTermsOfUse, active_) values (282, 1, getdate(), getdate(), 0, 283, 'test', 0, 0, 'lax39', 'test.lax.39@liferay.com', 'Welcome Test LAX 39!', 'Test', '', 'LAX 39', getdate(), 0, 1, 1)
go
insert into Contact_ (contactId, companyId, userId, userName, createDate, modifiedDate, accountId, parentContactId, firstName, middleName, lastName, male, birthday) values (283, 1, 2, 'Joe Bloggs', getdate(), getdate(), 7, 0, 'Test', '', 'LAX 39', 1, '19700101')
go

insert into Group_ (groupId, companyId, creatorUserId, classNameId, classPK, parentGroupId, liveGroupId, name, friendlyURL, active_) values (284, 1, 282, 12, 282, 0, 0, '284', '/lax39', 1)
go
insert into LayoutSet (layoutSetId, companyId, groupId, privateLayout, logo, themeId, colorSchemeId, pageCount) values (285, 1, 284, 1, 0, 'classic', '01', 0)
go
insert into LayoutSet (layoutSetId, companyId, groupId, privateLayout, logo, themeId, colorSchemeId, pageCount) values (286, 1, 284, 0, 0, 'classic', '01', 0)
go

insert into Users_Groups values (282, 18)
go

insert into Users_Orgs (userId, organizationId) values (282, 21)
go
insert into Users_Orgs (userId, organizationId) values (282, 47)
go

insert into Users_Roles values (282, 17)
go

insert into User_ (userId, companyId, createDate, modifiedDate, defaultUser, contactId, password_, passwordEncrypted, passwordReset, screenName, emailAddress, greeting, firstName, middleName, lastName, loginDate, failedLoginAttempts, agreedToTermsOfUse, active_) values (287, 1, getdate(), getdate(), 0, 288, 'test', 0, 0, 'lax40', 'test.lax.40@liferay.com', 'Welcome Test LAX 40!', 'Test', '', 'LAX 40', getdate(), 0, 1, 1)
go
insert into Contact_ (contactId, companyId, userId, userName, createDate, modifiedDate, accountId, parentContactId, firstName, middleName, lastName, male, birthday) values (288, 1, 2, 'Joe Bloggs', getdate(), getdate(), 7, 0, 'Test', '', 'LAX 40', 1, '19700101')
go

insert into Group_ (groupId, companyId, creatorUserId, classNameId, classPK, parentGroupId, liveGroupId, name, friendlyURL, active_) values (289, 1, 287, 12, 287, 0, 0, '289', '/lax40', 1)
go
insert into LayoutSet (layoutSetId, companyId, groupId, privateLayout, logo, themeId, colorSchemeId, pageCount) values (290, 1, 289, 1, 0, 'classic', '01', 0)
go
insert into LayoutSet (layoutSetId, companyId, groupId, privateLayout, logo, themeId, colorSchemeId, pageCount) values (291, 1, 289, 0, 0, 'classic', '01', 0)
go

insert into Users_Groups values (287, 18)
go

insert into Users_Orgs (userId, organizationId) values (287, 21)
go
insert into Users_Orgs (userId, organizationId) values (287, 47)
go

insert into Users_Roles values (287, 17)
go

insert into User_ (userId, companyId, createDate, modifiedDate, defaultUser, contactId, password_, passwordEncrypted, passwordReset, screenName, emailAddress, greeting, firstName, middleName, lastName, loginDate, failedLoginAttempts, agreedToTermsOfUse, active_) values (292, 1, getdate(), getdate(), 0, 293, 'test', 0, 0, 'lax41', 'test.lax.41@liferay.com', 'Welcome Test LAX 41!', 'Test', '', 'LAX 41', getdate(), 0, 1, 1)
go
insert into Contact_ (contactId, companyId, userId, userName, createDate, modifiedDate, accountId, parentContactId, firstName, middleName, lastName, male, birthday) values (293, 1, 2, 'Joe Bloggs', getdate(), getdate(), 7, 0, 'Test', '', 'LAX 41', 1, '19700101')
go

insert into Group_ (groupId, companyId, creatorUserId, classNameId, classPK, parentGroupId, liveGroupId, name, friendlyURL, active_) values (294, 1, 292, 12, 292, 0, 0, '294', '/lax41', 1)
go
insert into LayoutSet (layoutSetId, companyId, groupId, privateLayout, logo, themeId, colorSchemeId, pageCount) values (295, 1, 294, 1, 0, 'classic', '01', 0)
go
insert into LayoutSet (layoutSetId, companyId, groupId, privateLayout, logo, themeId, colorSchemeId, pageCount) values (296, 1, 294, 0, 0, 'classic', '01', 0)
go

insert into Users_Groups values (292, 18)
go

insert into Users_Orgs (userId, organizationId) values (292, 21)
go
insert into Users_Orgs (userId, organizationId) values (292, 47)
go

insert into Users_Roles values (292, 17)
go

insert into User_ (userId, companyId, createDate, modifiedDate, defaultUser, contactId, password_, passwordEncrypted, passwordReset, screenName, emailAddress, greeting, firstName, middleName, lastName, loginDate, failedLoginAttempts, agreedToTermsOfUse, active_) values (297, 1, getdate(), getdate(), 0, 298, 'test', 0, 0, 'lax42', 'test.lax.42@liferay.com', 'Welcome Test LAX 42!', 'Test', '', 'LAX 42', getdate(), 0, 1, 1)
go
insert into Contact_ (contactId, companyId, userId, userName, createDate, modifiedDate, accountId, parentContactId, firstName, middleName, lastName, male, birthday) values (298, 1, 2, 'Joe Bloggs', getdate(), getdate(), 7, 0, 'Test', '', 'LAX 42', 1, '19700101')
go

insert into Group_ (groupId, companyId, creatorUserId, classNameId, classPK, parentGroupId, liveGroupId, name, friendlyURL, active_) values (299, 1, 297, 12, 297, 0, 0, '299', '/lax42', 1)
go
insert into LayoutSet (layoutSetId, companyId, groupId, privateLayout, logo, themeId, colorSchemeId, pageCount) values (300, 1, 299, 1, 0, 'classic', '01', 0)
go
insert into LayoutSet (layoutSetId, companyId, groupId, privateLayout, logo, themeId, colorSchemeId, pageCount) values (301, 1, 299, 0, 0, 'classic', '01', 0)
go

insert into Users_Groups values (297, 18)
go

insert into Users_Orgs (userId, organizationId) values (297, 21)
go
insert into Users_Orgs (userId, organizationId) values (297, 47)
go

insert into Users_Roles values (297, 17)
go

insert into User_ (userId, companyId, createDate, modifiedDate, defaultUser, contactId, password_, passwordEncrypted, passwordReset, screenName, emailAddress, greeting, firstName, middleName, lastName, loginDate, failedLoginAttempts, agreedToTermsOfUse, active_) values (302, 1, getdate(), getdate(), 0, 303, 'test', 0, 0, 'lax43', 'test.lax.43@liferay.com', 'Welcome Test LAX 43!', 'Test', '', 'LAX 43', getdate(), 0, 1, 1)
go
insert into Contact_ (contactId, companyId, userId, userName, createDate, modifiedDate, accountId, parentContactId, firstName, middleName, lastName, male, birthday) values (303, 1, 2, 'Joe Bloggs', getdate(), getdate(), 7, 0, 'Test', '', 'LAX 43', 1, '19700101')
go

insert into Group_ (groupId, companyId, creatorUserId, classNameId, classPK, parentGroupId, liveGroupId, name, friendlyURL, active_) values (304, 1, 302, 12, 302, 0, 0, '304', '/lax43', 1)
go
insert into LayoutSet (layoutSetId, companyId, groupId, privateLayout, logo, themeId, colorSchemeId, pageCount) values (305, 1, 304, 1, 0, 'classic', '01', 0)
go
insert into LayoutSet (layoutSetId, companyId, groupId, privateLayout, logo, themeId, colorSchemeId, pageCount) values (306, 1, 304, 0, 0, 'classic', '01', 0)
go

insert into Users_Groups values (302, 18)
go

insert into Users_Orgs (userId, organizationId) values (302, 21)
go
insert into Users_Orgs (userId, organizationId) values (302, 47)
go

insert into Users_Roles values (302, 17)
go

insert into User_ (userId, companyId, createDate, modifiedDate, defaultUser, contactId, password_, passwordEncrypted, passwordReset, screenName, emailAddress, greeting, firstName, middleName, lastName, loginDate, failedLoginAttempts, agreedToTermsOfUse, active_) values (307, 1, getdate(), getdate(), 0, 308, 'test', 0, 0, 'lax44', 'test.lax.44@liferay.com', 'Welcome Test LAX 44!', 'Test', '', 'LAX 44', getdate(), 0, 1, 1)
go
insert into Contact_ (contactId, companyId, userId, userName, createDate, modifiedDate, accountId, parentContactId, firstName, middleName, lastName, male, birthday) values (308, 1, 2, 'Joe Bloggs', getdate(), getdate(), 7, 0, 'Test', '', 'LAX 44', 1, '19700101')
go

insert into Group_ (groupId, companyId, creatorUserId, classNameId, classPK, parentGroupId, liveGroupId, name, friendlyURL, active_) values (309, 1, 307, 12, 307, 0, 0, '309', '/lax44', 1)
go
insert into LayoutSet (layoutSetId, companyId, groupId, privateLayout, logo, themeId, colorSchemeId, pageCount) values (310, 1, 309, 1, 0, 'classic', '01', 0)
go
insert into LayoutSet (layoutSetId, companyId, groupId, privateLayout, logo, themeId, colorSchemeId, pageCount) values (311, 1, 309, 0, 0, 'classic', '01', 0)
go

insert into Users_Groups values (307, 18)
go

insert into Users_Orgs (userId, organizationId) values (307, 21)
go
insert into Users_Orgs (userId, organizationId) values (307, 47)
go

insert into Users_Roles values (307, 17)
go

insert into User_ (userId, companyId, createDate, modifiedDate, defaultUser, contactId, password_, passwordEncrypted, passwordReset, screenName, emailAddress, greeting, firstName, middleName, lastName, loginDate, failedLoginAttempts, agreedToTermsOfUse, active_) values (312, 1, getdate(), getdate(), 0, 313, 'test', 0, 0, 'lax45', 'test.lax.45@liferay.com', 'Welcome Test LAX 45!', 'Test', '', 'LAX 45', getdate(), 0, 1, 1)
go
insert into Contact_ (contactId, companyId, userId, userName, createDate, modifiedDate, accountId, parentContactId, firstName, middleName, lastName, male, birthday) values (313, 1, 2, 'Joe Bloggs', getdate(), getdate(), 7, 0, 'Test', '', 'LAX 45', 1, '19700101')
go

insert into Group_ (groupId, companyId, creatorUserId, classNameId, classPK, parentGroupId, liveGroupId, name, friendlyURL, active_) values (314, 1, 312, 12, 312, 0, 0, '314', '/lax45', 1)
go
insert into LayoutSet (layoutSetId, companyId, groupId, privateLayout, logo, themeId, colorSchemeId, pageCount) values (315, 1, 314, 1, 0, 'classic', '01', 0)
go
insert into LayoutSet (layoutSetId, companyId, groupId, privateLayout, logo, themeId, colorSchemeId, pageCount) values (316, 1, 314, 0, 0, 'classic', '01', 0)
go

insert into Users_Groups values (312, 18)
go

insert into Users_Orgs (userId, organizationId) values (312, 21)
go
insert into Users_Orgs (userId, organizationId) values (312, 47)
go

insert into Users_Roles values (312, 17)
go

insert into User_ (userId, companyId, createDate, modifiedDate, defaultUser, contactId, password_, passwordEncrypted, passwordReset, screenName, emailAddress, greeting, firstName, middleName, lastName, loginDate, failedLoginAttempts, agreedToTermsOfUse, active_) values (317, 1, getdate(), getdate(), 0, 318, 'test', 0, 0, 'lax46', 'test.lax.46@liferay.com', 'Welcome Test LAX 46!', 'Test', '', 'LAX 46', getdate(), 0, 1, 1)
go
insert into Contact_ (contactId, companyId, userId, userName, createDate, modifiedDate, accountId, parentContactId, firstName, middleName, lastName, male, birthday) values (318, 1, 2, 'Joe Bloggs', getdate(), getdate(), 7, 0, 'Test', '', 'LAX 46', 1, '19700101')
go

insert into Group_ (groupId, companyId, creatorUserId, classNameId, classPK, parentGroupId, liveGroupId, name, friendlyURL, active_) values (319, 1, 317, 12, 317, 0, 0, '319', '/lax46', 1)
go
insert into LayoutSet (layoutSetId, companyId, groupId, privateLayout, logo, themeId, colorSchemeId, pageCount) values (320, 1, 319, 1, 0, 'classic', '01', 0)
go
insert into LayoutSet (layoutSetId, companyId, groupId, privateLayout, logo, themeId, colorSchemeId, pageCount) values (321, 1, 319, 0, 0, 'classic', '01', 0)
go

insert into Users_Groups values (317, 18)
go

insert into Users_Orgs (userId, organizationId) values (317, 21)
go
insert into Users_Orgs (userId, organizationId) values (317, 47)
go

insert into Users_Roles values (317, 17)
go

insert into User_ (userId, companyId, createDate, modifiedDate, defaultUser, contactId, password_, passwordEncrypted, passwordReset, screenName, emailAddress, greeting, firstName, middleName, lastName, loginDate, failedLoginAttempts, agreedToTermsOfUse, active_) values (322, 1, getdate(), getdate(), 0, 323, 'test', 0, 0, 'lax47', 'test.lax.47@liferay.com', 'Welcome Test LAX 47!', 'Test', '', 'LAX 47', getdate(), 0, 1, 1)
go
insert into Contact_ (contactId, companyId, userId, userName, createDate, modifiedDate, accountId, parentContactId, firstName, middleName, lastName, male, birthday) values (323, 1, 2, 'Joe Bloggs', getdate(), getdate(), 7, 0, 'Test', '', 'LAX 47', 1, '19700101')
go

insert into Group_ (groupId, companyId, creatorUserId, classNameId, classPK, parentGroupId, liveGroupId, name, friendlyURL, active_) values (324, 1, 322, 12, 322, 0, 0, '324', '/lax47', 1)
go
insert into LayoutSet (layoutSetId, companyId, groupId, privateLayout, logo, themeId, colorSchemeId, pageCount) values (325, 1, 324, 1, 0, 'classic', '01', 0)
go
insert into LayoutSet (layoutSetId, companyId, groupId, privateLayout, logo, themeId, colorSchemeId, pageCount) values (326, 1, 324, 0, 0, 'classic', '01', 0)
go

insert into Users_Groups values (322, 18)
go

insert into Users_Orgs (userId, organizationId) values (322, 21)
go
insert into Users_Orgs (userId, organizationId) values (322, 47)
go

insert into Users_Roles values (322, 17)
go

insert into User_ (userId, companyId, createDate, modifiedDate, defaultUser, contactId, password_, passwordEncrypted, passwordReset, screenName, emailAddress, greeting, firstName, middleName, lastName, loginDate, failedLoginAttempts, agreedToTermsOfUse, active_) values (327, 1, getdate(), getdate(), 0, 328, 'test', 0, 0, 'lax48', 'test.lax.48@liferay.com', 'Welcome Test LAX 48!', 'Test', '', 'LAX 48', getdate(), 0, 1, 1)
go
insert into Contact_ (contactId, companyId, userId, userName, createDate, modifiedDate, accountId, parentContactId, firstName, middleName, lastName, male, birthday) values (328, 1, 2, 'Joe Bloggs', getdate(), getdate(), 7, 0, 'Test', '', 'LAX 48', 1, '19700101')
go

insert into Group_ (groupId, companyId, creatorUserId, classNameId, classPK, parentGroupId, liveGroupId, name, friendlyURL, active_) values (329, 1, 327, 12, 327, 0, 0, '329', '/lax48', 1)
go
insert into LayoutSet (layoutSetId, companyId, groupId, privateLayout, logo, themeId, colorSchemeId, pageCount) values (330, 1, 329, 1, 0, 'classic', '01', 0)
go
insert into LayoutSet (layoutSetId, companyId, groupId, privateLayout, logo, themeId, colorSchemeId, pageCount) values (331, 1, 329, 0, 0, 'classic', '01', 0)
go

insert into Users_Groups values (327, 18)
go

insert into Users_Orgs (userId, organizationId) values (327, 21)
go
insert into Users_Orgs (userId, organizationId) values (327, 47)
go

insert into Users_Roles values (327, 17)
go

insert into User_ (userId, companyId, createDate, modifiedDate, defaultUser, contactId, password_, passwordEncrypted, passwordReset, screenName, emailAddress, greeting, firstName, middleName, lastName, loginDate, failedLoginAttempts, agreedToTermsOfUse, active_) values (332, 1, getdate(), getdate(), 0, 333, 'test', 0, 0, 'lax49', 'test.lax.49@liferay.com', 'Welcome Test LAX 49!', 'Test', '', 'LAX 49', getdate(), 0, 1, 1)
go
insert into Contact_ (contactId, companyId, userId, userName, createDate, modifiedDate, accountId, parentContactId, firstName, middleName, lastName, male, birthday) values (333, 1, 2, 'Joe Bloggs', getdate(), getdate(), 7, 0, 'Test', '', 'LAX 49', 1, '19700101')
go

insert into Group_ (groupId, companyId, creatorUserId, classNameId, classPK, parentGroupId, liveGroupId, name, friendlyURL, active_) values (334, 1, 332, 12, 332, 0, 0, '334', '/lax49', 1)
go
insert into LayoutSet (layoutSetId, companyId, groupId, privateLayout, logo, themeId, colorSchemeId, pageCount) values (335, 1, 334, 1, 0, 'classic', '01', 0)
go
insert into LayoutSet (layoutSetId, companyId, groupId, privateLayout, logo, themeId, colorSchemeId, pageCount) values (336, 1, 334, 0, 0, 'classic', '01', 0)
go

insert into Users_Groups values (332, 18)
go

insert into Users_Orgs (userId, organizationId) values (332, 21)
go
insert into Users_Orgs (userId, organizationId) values (332, 47)
go

insert into Users_Roles values (332, 17)
go

insert into User_ (userId, companyId, createDate, modifiedDate, defaultUser, contactId, password_, passwordEncrypted, passwordReset, screenName, emailAddress, greeting, firstName, middleName, lastName, loginDate, failedLoginAttempts, agreedToTermsOfUse, active_) values (337, 1, getdate(), getdate(), 0, 338, 'test', 0, 0, 'lax50', 'test.lax.50@liferay.com', 'Welcome Test LAX 50!', 'Test', '', 'LAX 50', getdate(), 0, 1, 1)
go
insert into Contact_ (contactId, companyId, userId, userName, createDate, modifiedDate, accountId, parentContactId, firstName, middleName, lastName, male, birthday) values (338, 1, 2, 'Joe Bloggs', getdate(), getdate(), 7, 0, 'Test', '', 'LAX 50', 1, '19700101')
go

insert into Group_ (groupId, companyId, creatorUserId, classNameId, classPK, parentGroupId, liveGroupId, name, friendlyURL, active_) values (339, 1, 337, 12, 337, 0, 0, '339', '/lax50', 1)
go
insert into LayoutSet (layoutSetId, companyId, groupId, privateLayout, logo, themeId, colorSchemeId, pageCount) values (340, 1, 339, 1, 0, 'classic', '01', 0)
go
insert into LayoutSet (layoutSetId, companyId, groupId, privateLayout, logo, themeId, colorSchemeId, pageCount) values (341, 1, 339, 0, 0, 'classic', '01', 0)
go

insert into Users_Groups values (337, 18)
go

insert into Users_Orgs (userId, organizationId) values (337, 21)
go
insert into Users_Orgs (userId, organizationId) values (337, 47)
go

insert into Users_Roles values (337, 17)
go

insert into User_ (userId, companyId, createDate, modifiedDate, defaultUser, contactId, password_, passwordEncrypted, passwordReset, screenName, emailAddress, greeting, firstName, middleName, lastName, loginDate, failedLoginAttempts, agreedToTermsOfUse, active_) values (342, 1, getdate(), getdate(), 0, 343, 'test', 0, 0, 'lax51', 'test.lax.51@liferay.com', 'Welcome Test LAX 51!', 'Test', '', 'LAX 51', getdate(), 0, 1, 1)
go
insert into Contact_ (contactId, companyId, userId, userName, createDate, modifiedDate, accountId, parentContactId, firstName, middleName, lastName, male, birthday) values (343, 1, 2, 'Joe Bloggs', getdate(), getdate(), 7, 0, 'Test', '', 'LAX 51', 1, '19700101')
go

insert into Group_ (groupId, companyId, creatorUserId, classNameId, classPK, parentGroupId, liveGroupId, name, friendlyURL, active_) values (344, 1, 342, 12, 342, 0, 0, '344', '/lax51', 1)
go
insert into LayoutSet (layoutSetId, companyId, groupId, privateLayout, logo, themeId, colorSchemeId, pageCount) values (345, 1, 344, 1, 0, 'classic', '01', 0)
go
insert into LayoutSet (layoutSetId, companyId, groupId, privateLayout, logo, themeId, colorSchemeId, pageCount) values (346, 1, 344, 0, 0, 'classic', '01', 0)
go

insert into Users_Groups values (342, 18)
go

insert into Users_Orgs (userId, organizationId) values (342, 21)
go
insert into Users_Orgs (userId, organizationId) values (342, 47)
go

insert into Users_Roles values (342, 17)
go

insert into User_ (userId, companyId, createDate, modifiedDate, defaultUser, contactId, password_, passwordEncrypted, passwordReset, screenName, emailAddress, greeting, firstName, middleName, lastName, loginDate, failedLoginAttempts, agreedToTermsOfUse, active_) values (347, 1, getdate(), getdate(), 0, 348, 'test', 0, 0, 'lax52', 'test.lax.52@liferay.com', 'Welcome Test LAX 52!', 'Test', '', 'LAX 52', getdate(), 0, 1, 1)
go
insert into Contact_ (contactId, companyId, userId, userName, createDate, modifiedDate, accountId, parentContactId, firstName, middleName, lastName, male, birthday) values (348, 1, 2, 'Joe Bloggs', getdate(), getdate(), 7, 0, 'Test', '', 'LAX 52', 1, '19700101')
go

insert into Group_ (groupId, companyId, creatorUserId, classNameId, classPK, parentGroupId, liveGroupId, name, friendlyURL, active_) values (349, 1, 347, 12, 347, 0, 0, '349', '/lax52', 1)
go
insert into LayoutSet (layoutSetId, companyId, groupId, privateLayout, logo, themeId, colorSchemeId, pageCount) values (350, 1, 349, 1, 0, 'classic', '01', 0)
go
insert into LayoutSet (layoutSetId, companyId, groupId, privateLayout, logo, themeId, colorSchemeId, pageCount) values (351, 1, 349, 0, 0, 'classic', '01', 0)
go

insert into Users_Groups values (347, 18)
go

insert into Users_Orgs (userId, organizationId) values (347, 21)
go
insert into Users_Orgs (userId, organizationId) values (347, 47)
go

insert into Users_Roles values (347, 17)
go

insert into User_ (userId, companyId, createDate, modifiedDate, defaultUser, contactId, password_, passwordEncrypted, passwordReset, screenName, emailAddress, greeting, firstName, middleName, lastName, loginDate, failedLoginAttempts, agreedToTermsOfUse, active_) values (352, 1, getdate(), getdate(), 0, 353, 'test', 0, 0, 'lax53', 'test.lax.53@liferay.com', 'Welcome Test LAX 53!', 'Test', '', 'LAX 53', getdate(), 0, 1, 1)
go
insert into Contact_ (contactId, companyId, userId, userName, createDate, modifiedDate, accountId, parentContactId, firstName, middleName, lastName, male, birthday) values (353, 1, 2, 'Joe Bloggs', getdate(), getdate(), 7, 0, 'Test', '', 'LAX 53', 1, '19700101')
go

insert into Group_ (groupId, companyId, creatorUserId, classNameId, classPK, parentGroupId, liveGroupId, name, friendlyURL, active_) values (354, 1, 352, 12, 352, 0, 0, '354', '/lax53', 1)
go
insert into LayoutSet (layoutSetId, companyId, groupId, privateLayout, logo, themeId, colorSchemeId, pageCount) values (355, 1, 354, 1, 0, 'classic', '01', 0)
go
insert into LayoutSet (layoutSetId, companyId, groupId, privateLayout, logo, themeId, colorSchemeId, pageCount) values (356, 1, 354, 0, 0, 'classic', '01', 0)
go

insert into Users_Groups values (352, 18)
go

insert into Users_Orgs (userId, organizationId) values (352, 21)
go
insert into Users_Orgs (userId, organizationId) values (352, 47)
go

insert into Users_Roles values (352, 17)
go

insert into User_ (userId, companyId, createDate, modifiedDate, defaultUser, contactId, password_, passwordEncrypted, passwordReset, screenName, emailAddress, greeting, firstName, middleName, lastName, loginDate, failedLoginAttempts, agreedToTermsOfUse, active_) values (357, 1, getdate(), getdate(), 0, 358, 'test', 0, 0, 'lax54', 'test.lax.54@liferay.com', 'Welcome Test LAX 54!', 'Test', '', 'LAX 54', getdate(), 0, 1, 1)
go
insert into Contact_ (contactId, companyId, userId, userName, createDate, modifiedDate, accountId, parentContactId, firstName, middleName, lastName, male, birthday) values (358, 1, 2, 'Joe Bloggs', getdate(), getdate(), 7, 0, 'Test', '', 'LAX 54', 1, '19700101')
go

insert into Group_ (groupId, companyId, creatorUserId, classNameId, classPK, parentGroupId, liveGroupId, name, friendlyURL, active_) values (359, 1, 357, 12, 357, 0, 0, '359', '/lax54', 1)
go
insert into LayoutSet (layoutSetId, companyId, groupId, privateLayout, logo, themeId, colorSchemeId, pageCount) values (360, 1, 359, 1, 0, 'classic', '01', 0)
go
insert into LayoutSet (layoutSetId, companyId, groupId, privateLayout, logo, themeId, colorSchemeId, pageCount) values (361, 1, 359, 0, 0, 'classic', '01', 0)
go

insert into Users_Groups values (357, 18)
go

insert into Users_Orgs (userId, organizationId) values (357, 21)
go
insert into Users_Orgs (userId, organizationId) values (357, 47)
go

insert into Users_Roles values (357, 17)
go

insert into User_ (userId, companyId, createDate, modifiedDate, defaultUser, contactId, password_, passwordEncrypted, passwordReset, screenName, emailAddress, greeting, firstName, middleName, lastName, loginDate, failedLoginAttempts, agreedToTermsOfUse, active_) values (362, 1, getdate(), getdate(), 0, 363, 'test', 0, 0, 'lax55', 'test.lax.55@liferay.com', 'Welcome Test LAX 55!', 'Test', '', 'LAX 55', getdate(), 0, 1, 1)
go
insert into Contact_ (contactId, companyId, userId, userName, createDate, modifiedDate, accountId, parentContactId, firstName, middleName, lastName, male, birthday) values (363, 1, 2, 'Joe Bloggs', getdate(), getdate(), 7, 0, 'Test', '', 'LAX 55', 1, '19700101')
go

insert into Group_ (groupId, companyId, creatorUserId, classNameId, classPK, parentGroupId, liveGroupId, name, friendlyURL, active_) values (364, 1, 362, 12, 362, 0, 0, '364', '/lax55', 1)
go
insert into LayoutSet (layoutSetId, companyId, groupId, privateLayout, logo, themeId, colorSchemeId, pageCount) values (365, 1, 364, 1, 0, 'classic', '01', 0)
go
insert into LayoutSet (layoutSetId, companyId, groupId, privateLayout, logo, themeId, colorSchemeId, pageCount) values (366, 1, 364, 0, 0, 'classic', '01', 0)
go

insert into Users_Groups values (362, 18)
go

insert into Users_Orgs (userId, organizationId) values (362, 21)
go
insert into Users_Orgs (userId, organizationId) values (362, 47)
go

insert into Users_Roles values (362, 17)
go

insert into User_ (userId, companyId, createDate, modifiedDate, defaultUser, contactId, password_, passwordEncrypted, passwordReset, screenName, emailAddress, greeting, firstName, middleName, lastName, loginDate, failedLoginAttempts, agreedToTermsOfUse, active_) values (367, 1, getdate(), getdate(), 0, 368, 'test', 0, 0, 'lax56', 'test.lax.56@liferay.com', 'Welcome Test LAX 56!', 'Test', '', 'LAX 56', getdate(), 0, 1, 1)
go
insert into Contact_ (contactId, companyId, userId, userName, createDate, modifiedDate, accountId, parentContactId, firstName, middleName, lastName, male, birthday) values (368, 1, 2, 'Joe Bloggs', getdate(), getdate(), 7, 0, 'Test', '', 'LAX 56', 1, '19700101')
go

insert into Group_ (groupId, companyId, creatorUserId, classNameId, classPK, parentGroupId, liveGroupId, name, friendlyURL, active_) values (369, 1, 367, 12, 367, 0, 0, '369', '/lax56', 1)
go
insert into LayoutSet (layoutSetId, companyId, groupId, privateLayout, logo, themeId, colorSchemeId, pageCount) values (370, 1, 369, 1, 0, 'classic', '01', 0)
go
insert into LayoutSet (layoutSetId, companyId, groupId, privateLayout, logo, themeId, colorSchemeId, pageCount) values (371, 1, 369, 0, 0, 'classic', '01', 0)
go

insert into Users_Groups values (367, 18)
go

insert into Users_Orgs (userId, organizationId) values (367, 21)
go
insert into Users_Orgs (userId, organizationId) values (367, 47)
go

insert into Users_Roles values (367, 17)
go

insert into User_ (userId, companyId, createDate, modifiedDate, defaultUser, contactId, password_, passwordEncrypted, passwordReset, screenName, emailAddress, greeting, firstName, middleName, lastName, loginDate, failedLoginAttempts, agreedToTermsOfUse, active_) values (372, 1, getdate(), getdate(), 0, 373, 'test', 0, 0, 'lax57', 'test.lax.57@liferay.com', 'Welcome Test LAX 57!', 'Test', '', 'LAX 57', getdate(), 0, 1, 1)
go
insert into Contact_ (contactId, companyId, userId, userName, createDate, modifiedDate, accountId, parentContactId, firstName, middleName, lastName, male, birthday) values (373, 1, 2, 'Joe Bloggs', getdate(), getdate(), 7, 0, 'Test', '', 'LAX 57', 1, '19700101')
go

insert into Group_ (groupId, companyId, creatorUserId, classNameId, classPK, parentGroupId, liveGroupId, name, friendlyURL, active_) values (374, 1, 372, 12, 372, 0, 0, '374', '/lax57', 1)
go
insert into LayoutSet (layoutSetId, companyId, groupId, privateLayout, logo, themeId, colorSchemeId, pageCount) values (375, 1, 374, 1, 0, 'classic', '01', 0)
go
insert into LayoutSet (layoutSetId, companyId, groupId, privateLayout, logo, themeId, colorSchemeId, pageCount) values (376, 1, 374, 0, 0, 'classic', '01', 0)
go

insert into Users_Groups values (372, 18)
go

insert into Users_Orgs (userId, organizationId) values (372, 21)
go
insert into Users_Orgs (userId, organizationId) values (372, 47)
go

insert into Users_Roles values (372, 17)
go

insert into User_ (userId, companyId, createDate, modifiedDate, defaultUser, contactId, password_, passwordEncrypted, passwordReset, screenName, emailAddress, greeting, firstName, middleName, lastName, loginDate, failedLoginAttempts, agreedToTermsOfUse, active_) values (377, 1, getdate(), getdate(), 0, 378, 'test', 0, 0, 'lax58', 'test.lax.58@liferay.com', 'Welcome Test LAX 58!', 'Test', '', 'LAX 58', getdate(), 0, 1, 1)
go
insert into Contact_ (contactId, companyId, userId, userName, createDate, modifiedDate, accountId, parentContactId, firstName, middleName, lastName, male, birthday) values (378, 1, 2, 'Joe Bloggs', getdate(), getdate(), 7, 0, 'Test', '', 'LAX 58', 1, '19700101')
go

insert into Group_ (groupId, companyId, creatorUserId, classNameId, classPK, parentGroupId, liveGroupId, name, friendlyURL, active_) values (379, 1, 377, 12, 377, 0, 0, '379', '/lax58', 1)
go
insert into LayoutSet (layoutSetId, companyId, groupId, privateLayout, logo, themeId, colorSchemeId, pageCount) values (380, 1, 379, 1, 0, 'classic', '01', 0)
go
insert into LayoutSet (layoutSetId, companyId, groupId, privateLayout, logo, themeId, colorSchemeId, pageCount) values (381, 1, 379, 0, 0, 'classic', '01', 0)
go

insert into Users_Groups values (377, 18)
go

insert into Users_Orgs (userId, organizationId) values (377, 21)
go
insert into Users_Orgs (userId, organizationId) values (377, 47)
go

insert into Users_Roles values (377, 17)
go

insert into User_ (userId, companyId, createDate, modifiedDate, defaultUser, contactId, password_, passwordEncrypted, passwordReset, screenName, emailAddress, greeting, firstName, middleName, lastName, loginDate, failedLoginAttempts, agreedToTermsOfUse, active_) values (382, 1, getdate(), getdate(), 0, 383, 'test', 0, 0, 'lax59', 'test.lax.59@liferay.com', 'Welcome Test LAX 59!', 'Test', '', 'LAX 59', getdate(), 0, 1, 1)
go
insert into Contact_ (contactId, companyId, userId, userName, createDate, modifiedDate, accountId, parentContactId, firstName, middleName, lastName, male, birthday) values (383, 1, 2, 'Joe Bloggs', getdate(), getdate(), 7, 0, 'Test', '', 'LAX 59', 1, '19700101')
go

insert into Group_ (groupId, companyId, creatorUserId, classNameId, classPK, parentGroupId, liveGroupId, name, friendlyURL, active_) values (384, 1, 382, 12, 382, 0, 0, '384', '/lax59', 1)
go
insert into LayoutSet (layoutSetId, companyId, groupId, privateLayout, logo, themeId, colorSchemeId, pageCount) values (385, 1, 384, 1, 0, 'classic', '01', 0)
go
insert into LayoutSet (layoutSetId, companyId, groupId, privateLayout, logo, themeId, colorSchemeId, pageCount) values (386, 1, 384, 0, 0, 'classic', '01', 0)
go

insert into Users_Groups values (382, 18)
go

insert into Users_Orgs (userId, organizationId) values (382, 21)
go
insert into Users_Orgs (userId, organizationId) values (382, 47)
go

insert into Users_Roles values (382, 17)
go

insert into User_ (userId, companyId, createDate, modifiedDate, defaultUser, contactId, password_, passwordEncrypted, passwordReset, screenName, emailAddress, greeting, firstName, middleName, lastName, loginDate, failedLoginAttempts, agreedToTermsOfUse, active_) values (387, 1, getdate(), getdate(), 0, 388, 'test', 0, 0, 'lax60', 'test.lax.60@liferay.com', 'Welcome Test LAX 60!', 'Test', '', 'LAX 60', getdate(), 0, 1, 1)
go
insert into Contact_ (contactId, companyId, userId, userName, createDate, modifiedDate, accountId, parentContactId, firstName, middleName, lastName, male, birthday) values (388, 1, 2, 'Joe Bloggs', getdate(), getdate(), 7, 0, 'Test', '', 'LAX 60', 1, '19700101')
go

insert into Group_ (groupId, companyId, creatorUserId, classNameId, classPK, parentGroupId, liveGroupId, name, friendlyURL, active_) values (389, 1, 387, 12, 387, 0, 0, '389', '/lax60', 1)
go
insert into LayoutSet (layoutSetId, companyId, groupId, privateLayout, logo, themeId, colorSchemeId, pageCount) values (390, 1, 389, 1, 0, 'classic', '01', 0)
go
insert into LayoutSet (layoutSetId, companyId, groupId, privateLayout, logo, themeId, colorSchemeId, pageCount) values (391, 1, 389, 0, 0, 'classic', '01', 0)
go

insert into Users_Groups values (387, 18)
go

insert into Users_Orgs (userId, organizationId) values (387, 21)
go
insert into Users_Orgs (userId, organizationId) values (387, 47)
go

insert into Users_Roles values (387, 17)
go

insert into User_ (userId, companyId, createDate, modifiedDate, defaultUser, contactId, password_, passwordEncrypted, passwordReset, screenName, emailAddress, greeting, firstName, middleName, lastName, loginDate, failedLoginAttempts, agreedToTermsOfUse, active_) values (392, 1, getdate(), getdate(), 0, 393, 'test', 0, 0, 'lax61', 'test.lax.61@liferay.com', 'Welcome Test LAX 61!', 'Test', '', 'LAX 61', getdate(), 0, 1, 1)
go
insert into Contact_ (contactId, companyId, userId, userName, createDate, modifiedDate, accountId, parentContactId, firstName, middleName, lastName, male, birthday) values (393, 1, 2, 'Joe Bloggs', getdate(), getdate(), 7, 0, 'Test', '', 'LAX 61', 1, '19700101')
go

insert into Group_ (groupId, companyId, creatorUserId, classNameId, classPK, parentGroupId, liveGroupId, name, friendlyURL, active_) values (394, 1, 392, 12, 392, 0, 0, '394', '/lax61', 1)
go
insert into LayoutSet (layoutSetId, companyId, groupId, privateLayout, logo, themeId, colorSchemeId, pageCount) values (395, 1, 394, 1, 0, 'classic', '01', 0)
go
insert into LayoutSet (layoutSetId, companyId, groupId, privateLayout, logo, themeId, colorSchemeId, pageCount) values (396, 1, 394, 0, 0, 'classic', '01', 0)
go

insert into Users_Groups values (392, 18)
go

insert into Users_Orgs (userId, organizationId) values (392, 21)
go
insert into Users_Orgs (userId, organizationId) values (392, 47)
go

insert into Users_Roles values (392, 17)
go

insert into User_ (userId, companyId, createDate, modifiedDate, defaultUser, contactId, password_, passwordEncrypted, passwordReset, screenName, emailAddress, greeting, firstName, middleName, lastName, loginDate, failedLoginAttempts, agreedToTermsOfUse, active_) values (397, 1, getdate(), getdate(), 0, 398, 'test', 0, 0, 'lax62', 'test.lax.62@liferay.com', 'Welcome Test LAX 62!', 'Test', '', 'LAX 62', getdate(), 0, 1, 1)
go
insert into Contact_ (contactId, companyId, userId, userName, createDate, modifiedDate, accountId, parentContactId, firstName, middleName, lastName, male, birthday) values (398, 1, 2, 'Joe Bloggs', getdate(), getdate(), 7, 0, 'Test', '', 'LAX 62', 1, '19700101')
go

insert into Group_ (groupId, companyId, creatorUserId, classNameId, classPK, parentGroupId, liveGroupId, name, friendlyURL, active_) values (399, 1, 397, 12, 397, 0, 0, '399', '/lax62', 1)
go
insert into LayoutSet (layoutSetId, companyId, groupId, privateLayout, logo, themeId, colorSchemeId, pageCount) values (400, 1, 399, 1, 0, 'classic', '01', 0)
go
insert into LayoutSet (layoutSetId, companyId, groupId, privateLayout, logo, themeId, colorSchemeId, pageCount) values (401, 1, 399, 0, 0, 'classic', '01', 0)
go

insert into Users_Groups values (397, 18)
go

insert into Users_Orgs (userId, organizationId) values (397, 21)
go
insert into Users_Orgs (userId, organizationId) values (397, 47)
go

insert into Users_Roles values (397, 17)
go

insert into User_ (userId, companyId, createDate, modifiedDate, defaultUser, contactId, password_, passwordEncrypted, passwordReset, screenName, emailAddress, greeting, firstName, middleName, lastName, loginDate, failedLoginAttempts, agreedToTermsOfUse, active_) values (402, 1, getdate(), getdate(), 0, 403, 'test', 0, 0, 'lax63', 'test.lax.63@liferay.com', 'Welcome Test LAX 63!', 'Test', '', 'LAX 63', getdate(), 0, 1, 1)
go
insert into Contact_ (contactId, companyId, userId, userName, createDate, modifiedDate, accountId, parentContactId, firstName, middleName, lastName, male, birthday) values (403, 1, 2, 'Joe Bloggs', getdate(), getdate(), 7, 0, 'Test', '', 'LAX 63', 1, '19700101')
go

insert into Group_ (groupId, companyId, creatorUserId, classNameId, classPK, parentGroupId, liveGroupId, name, friendlyURL, active_) values (404, 1, 402, 12, 402, 0, 0, '404', '/lax63', 1)
go
insert into LayoutSet (layoutSetId, companyId, groupId, privateLayout, logo, themeId, colorSchemeId, pageCount) values (405, 1, 404, 1, 0, 'classic', '01', 0)
go
insert into LayoutSet (layoutSetId, companyId, groupId, privateLayout, logo, themeId, colorSchemeId, pageCount) values (406, 1, 404, 0, 0, 'classic', '01', 0)
go

insert into Users_Groups values (402, 18)
go

insert into Users_Orgs (userId, organizationId) values (402, 21)
go
insert into Users_Orgs (userId, organizationId) values (402, 47)
go

insert into Users_Roles values (402, 17)
go

insert into User_ (userId, companyId, createDate, modifiedDate, defaultUser, contactId, password_, passwordEncrypted, passwordReset, screenName, emailAddress, greeting, firstName, middleName, lastName, loginDate, failedLoginAttempts, agreedToTermsOfUse, active_) values (407, 1, getdate(), getdate(), 0, 408, 'test', 0, 0, 'lax64', 'test.lax.64@liferay.com', 'Welcome Test LAX 64!', 'Test', '', 'LAX 64', getdate(), 0, 1, 1)
go
insert into Contact_ (contactId, companyId, userId, userName, createDate, modifiedDate, accountId, parentContactId, firstName, middleName, lastName, male, birthday) values (408, 1, 2, 'Joe Bloggs', getdate(), getdate(), 7, 0, 'Test', '', 'LAX 64', 1, '19700101')
go

insert into Group_ (groupId, companyId, creatorUserId, classNameId, classPK, parentGroupId, liveGroupId, name, friendlyURL, active_) values (409, 1, 407, 12, 407, 0, 0, '409', '/lax64', 1)
go
insert into LayoutSet (layoutSetId, companyId, groupId, privateLayout, logo, themeId, colorSchemeId, pageCount) values (410, 1, 409, 1, 0, 'classic', '01', 0)
go
insert into LayoutSet (layoutSetId, companyId, groupId, privateLayout, logo, themeId, colorSchemeId, pageCount) values (411, 1, 409, 0, 0, 'classic', '01', 0)
go

insert into Users_Groups values (407, 18)
go

insert into Users_Orgs (userId, organizationId) values (407, 21)
go
insert into Users_Orgs (userId, organizationId) values (407, 47)
go

insert into Users_Roles values (407, 17)
go

insert into User_ (userId, companyId, createDate, modifiedDate, defaultUser, contactId, password_, passwordEncrypted, passwordReset, screenName, emailAddress, greeting, firstName, middleName, lastName, loginDate, failedLoginAttempts, agreedToTermsOfUse, active_) values (412, 1, getdate(), getdate(), 0, 413, 'test', 0, 0, 'lax65', 'test.lax.65@liferay.com', 'Welcome Test LAX 65!', 'Test', '', 'LAX 65', getdate(), 0, 1, 1)
go
insert into Contact_ (contactId, companyId, userId, userName, createDate, modifiedDate, accountId, parentContactId, firstName, middleName, lastName, male, birthday) values (413, 1, 2, 'Joe Bloggs', getdate(), getdate(), 7, 0, 'Test', '', 'LAX 65', 1, '19700101')
go

insert into Group_ (groupId, companyId, creatorUserId, classNameId, classPK, parentGroupId, liveGroupId, name, friendlyURL, active_) values (414, 1, 412, 12, 412, 0, 0, '414', '/lax65', 1)
go
insert into LayoutSet (layoutSetId, companyId, groupId, privateLayout, logo, themeId, colorSchemeId, pageCount) values (415, 1, 414, 1, 0, 'classic', '01', 0)
go
insert into LayoutSet (layoutSetId, companyId, groupId, privateLayout, logo, themeId, colorSchemeId, pageCount) values (416, 1, 414, 0, 0, 'classic', '01', 0)
go

insert into Users_Groups values (412, 18)
go

insert into Users_Orgs (userId, organizationId) values (412, 21)
go
insert into Users_Orgs (userId, organizationId) values (412, 47)
go

insert into Users_Roles values (412, 17)
go

insert into User_ (userId, companyId, createDate, modifiedDate, defaultUser, contactId, password_, passwordEncrypted, passwordReset, screenName, emailAddress, greeting, firstName, middleName, lastName, loginDate, failedLoginAttempts, agreedToTermsOfUse, active_) values (417, 1, getdate(), getdate(), 0, 418, 'test', 0, 0, 'lax66', 'test.lax.66@liferay.com', 'Welcome Test LAX 66!', 'Test', '', 'LAX 66', getdate(), 0, 1, 1)
go
insert into Contact_ (contactId, companyId, userId, userName, createDate, modifiedDate, accountId, parentContactId, firstName, middleName, lastName, male, birthday) values (418, 1, 2, 'Joe Bloggs', getdate(), getdate(), 7, 0, 'Test', '', 'LAX 66', 1, '19700101')
go

insert into Group_ (groupId, companyId, creatorUserId, classNameId, classPK, parentGroupId, liveGroupId, name, friendlyURL, active_) values (419, 1, 417, 12, 417, 0, 0, '419', '/lax66', 1)
go
insert into LayoutSet (layoutSetId, companyId, groupId, privateLayout, logo, themeId, colorSchemeId, pageCount) values (420, 1, 419, 1, 0, 'classic', '01', 0)
go
insert into LayoutSet (layoutSetId, companyId, groupId, privateLayout, logo, themeId, colorSchemeId, pageCount) values (421, 1, 419, 0, 0, 'classic', '01', 0)
go

insert into Users_Groups values (417, 18)
go

insert into Users_Orgs (userId, organizationId) values (417, 21)
go
insert into Users_Orgs (userId, organizationId) values (417, 47)
go

insert into Users_Roles values (417, 17)
go

insert into User_ (userId, companyId, createDate, modifiedDate, defaultUser, contactId, password_, passwordEncrypted, passwordReset, screenName, emailAddress, greeting, firstName, middleName, lastName, loginDate, failedLoginAttempts, agreedToTermsOfUse, active_) values (422, 1, getdate(), getdate(), 0, 423, 'test', 0, 0, 'lax67', 'test.lax.67@liferay.com', 'Welcome Test LAX 67!', 'Test', '', 'LAX 67', getdate(), 0, 1, 1)
go
insert into Contact_ (contactId, companyId, userId, userName, createDate, modifiedDate, accountId, parentContactId, firstName, middleName, lastName, male, birthday) values (423, 1, 2, 'Joe Bloggs', getdate(), getdate(), 7, 0, 'Test', '', 'LAX 67', 1, '19700101')
go

insert into Group_ (groupId, companyId, creatorUserId, classNameId, classPK, parentGroupId, liveGroupId, name, friendlyURL, active_) values (424, 1, 422, 12, 422, 0, 0, '424', '/lax67', 1)
go
insert into LayoutSet (layoutSetId, companyId, groupId, privateLayout, logo, themeId, colorSchemeId, pageCount) values (425, 1, 424, 1, 0, 'classic', '01', 0)
go
insert into LayoutSet (layoutSetId, companyId, groupId, privateLayout, logo, themeId, colorSchemeId, pageCount) values (426, 1, 424, 0, 0, 'classic', '01', 0)
go

insert into Users_Groups values (422, 18)
go

insert into Users_Orgs (userId, organizationId) values (422, 21)
go
insert into Users_Orgs (userId, organizationId) values (422, 47)
go

insert into Users_Roles values (422, 17)
go

insert into User_ (userId, companyId, createDate, modifiedDate, defaultUser, contactId, password_, passwordEncrypted, passwordReset, screenName, emailAddress, greeting, firstName, middleName, lastName, loginDate, failedLoginAttempts, agreedToTermsOfUse, active_) values (427, 1, getdate(), getdate(), 0, 428, 'test', 0, 0, 'lax68', 'test.lax.68@liferay.com', 'Welcome Test LAX 68!', 'Test', '', 'LAX 68', getdate(), 0, 1, 1)
go
insert into Contact_ (contactId, companyId, userId, userName, createDate, modifiedDate, accountId, parentContactId, firstName, middleName, lastName, male, birthday) values (428, 1, 2, 'Joe Bloggs', getdate(), getdate(), 7, 0, 'Test', '', 'LAX 68', 1, '19700101')
go

insert into Group_ (groupId, companyId, creatorUserId, classNameId, classPK, parentGroupId, liveGroupId, name, friendlyURL, active_) values (429, 1, 427, 12, 427, 0, 0, '429', '/lax68', 1)
go
insert into LayoutSet (layoutSetId, companyId, groupId, privateLayout, logo, themeId, colorSchemeId, pageCount) values (430, 1, 429, 1, 0, 'classic', '01', 0)
go
insert into LayoutSet (layoutSetId, companyId, groupId, privateLayout, logo, themeId, colorSchemeId, pageCount) values (431, 1, 429, 0, 0, 'classic', '01', 0)
go

insert into Users_Groups values (427, 18)
go

insert into Users_Orgs (userId, organizationId) values (427, 21)
go
insert into Users_Orgs (userId, organizationId) values (427, 47)
go

insert into Users_Roles values (427, 17)
go

insert into User_ (userId, companyId, createDate, modifiedDate, defaultUser, contactId, password_, passwordEncrypted, passwordReset, screenName, emailAddress, greeting, firstName, middleName, lastName, loginDate, failedLoginAttempts, agreedToTermsOfUse, active_) values (432, 1, getdate(), getdate(), 0, 433, 'test', 0, 0, 'lax69', 'test.lax.69@liferay.com', 'Welcome Test LAX 69!', 'Test', '', 'LAX 69', getdate(), 0, 1, 1)
go
insert into Contact_ (contactId, companyId, userId, userName, createDate, modifiedDate, accountId, parentContactId, firstName, middleName, lastName, male, birthday) values (433, 1, 2, 'Joe Bloggs', getdate(), getdate(), 7, 0, 'Test', '', 'LAX 69', 1, '19700101')
go

insert into Group_ (groupId, companyId, creatorUserId, classNameId, classPK, parentGroupId, liveGroupId, name, friendlyURL, active_) values (434, 1, 432, 12, 432, 0, 0, '434', '/lax69', 1)
go
insert into LayoutSet (layoutSetId, companyId, groupId, privateLayout, logo, themeId, colorSchemeId, pageCount) values (435, 1, 434, 1, 0, 'classic', '01', 0)
go
insert into LayoutSet (layoutSetId, companyId, groupId, privateLayout, logo, themeId, colorSchemeId, pageCount) values (436, 1, 434, 0, 0, 'classic', '01', 0)
go

insert into Users_Groups values (432, 18)
go

insert into Users_Orgs (userId, organizationId) values (432, 21)
go
insert into Users_Orgs (userId, organizationId) values (432, 47)
go

insert into Users_Roles values (432, 17)
go

insert into User_ (userId, companyId, createDate, modifiedDate, defaultUser, contactId, password_, passwordEncrypted, passwordReset, screenName, emailAddress, greeting, firstName, middleName, lastName, loginDate, failedLoginAttempts, agreedToTermsOfUse, active_) values (437, 1, getdate(), getdate(), 0, 438, 'test', 0, 0, 'lax70', 'test.lax.70@liferay.com', 'Welcome Test LAX 70!', 'Test', '', 'LAX 70', getdate(), 0, 1, 1)
go
insert into Contact_ (contactId, companyId, userId, userName, createDate, modifiedDate, accountId, parentContactId, firstName, middleName, lastName, male, birthday) values (438, 1, 2, 'Joe Bloggs', getdate(), getdate(), 7, 0, 'Test', '', 'LAX 70', 1, '19700101')
go

insert into Group_ (groupId, companyId, creatorUserId, classNameId, classPK, parentGroupId, liveGroupId, name, friendlyURL, active_) values (439, 1, 437, 12, 437, 0, 0, '439', '/lax70', 1)
go
insert into LayoutSet (layoutSetId, companyId, groupId, privateLayout, logo, themeId, colorSchemeId, pageCount) values (440, 1, 439, 1, 0, 'classic', '01', 0)
go
insert into LayoutSet (layoutSetId, companyId, groupId, privateLayout, logo, themeId, colorSchemeId, pageCount) values (441, 1, 439, 0, 0, 'classic', '01', 0)
go

insert into Users_Groups values (437, 18)
go

insert into Users_Orgs (userId, organizationId) values (437, 21)
go
insert into Users_Orgs (userId, organizationId) values (437, 47)
go

insert into Users_Roles values (437, 17)
go

insert into User_ (userId, companyId, createDate, modifiedDate, defaultUser, contactId, password_, passwordEncrypted, passwordReset, screenName, emailAddress, greeting, firstName, middleName, lastName, loginDate, failedLoginAttempts, agreedToTermsOfUse, active_) values (442, 1, getdate(), getdate(), 0, 443, 'test', 0, 0, 'lax71', 'test.lax.71@liferay.com', 'Welcome Test LAX 71!', 'Test', '', 'LAX 71', getdate(), 0, 1, 1)
go
insert into Contact_ (contactId, companyId, userId, userName, createDate, modifiedDate, accountId, parentContactId, firstName, middleName, lastName, male, birthday) values (443, 1, 2, 'Joe Bloggs', getdate(), getdate(), 7, 0, 'Test', '', 'LAX 71', 1, '19700101')
go

insert into Group_ (groupId, companyId, creatorUserId, classNameId, classPK, parentGroupId, liveGroupId, name, friendlyURL, active_) values (444, 1, 442, 12, 442, 0, 0, '444', '/lax71', 1)
go
insert into LayoutSet (layoutSetId, companyId, groupId, privateLayout, logo, themeId, colorSchemeId, pageCount) values (445, 1, 444, 1, 0, 'classic', '01', 0)
go
insert into LayoutSet (layoutSetId, companyId, groupId, privateLayout, logo, themeId, colorSchemeId, pageCount) values (446, 1, 444, 0, 0, 'classic', '01', 0)
go

insert into Users_Groups values (442, 18)
go

insert into Users_Orgs (userId, organizationId) values (442, 21)
go
insert into Users_Orgs (userId, organizationId) values (442, 47)
go

insert into Users_Roles values (442, 17)
go

insert into User_ (userId, companyId, createDate, modifiedDate, defaultUser, contactId, password_, passwordEncrypted, passwordReset, screenName, emailAddress, greeting, firstName, middleName, lastName, loginDate, failedLoginAttempts, agreedToTermsOfUse, active_) values (447, 1, getdate(), getdate(), 0, 448, 'test', 0, 0, 'lax72', 'test.lax.72@liferay.com', 'Welcome Test LAX 72!', 'Test', '', 'LAX 72', getdate(), 0, 1, 1)
go
insert into Contact_ (contactId, companyId, userId, userName, createDate, modifiedDate, accountId, parentContactId, firstName, middleName, lastName, male, birthday) values (448, 1, 2, 'Joe Bloggs', getdate(), getdate(), 7, 0, 'Test', '', 'LAX 72', 1, '19700101')
go

insert into Group_ (groupId, companyId, creatorUserId, classNameId, classPK, parentGroupId, liveGroupId, name, friendlyURL, active_) values (449, 1, 447, 12, 447, 0, 0, '449', '/lax72', 1)
go
insert into LayoutSet (layoutSetId, companyId, groupId, privateLayout, logo, themeId, colorSchemeId, pageCount) values (450, 1, 449, 1, 0, 'classic', '01', 0)
go
insert into LayoutSet (layoutSetId, companyId, groupId, privateLayout, logo, themeId, colorSchemeId, pageCount) values (451, 1, 449, 0, 0, 'classic', '01', 0)
go

insert into Users_Groups values (447, 18)
go

insert into Users_Orgs (userId, organizationId) values (447, 21)
go
insert into Users_Orgs (userId, organizationId) values (447, 47)
go

insert into Users_Roles values (447, 17)
go

insert into User_ (userId, companyId, createDate, modifiedDate, defaultUser, contactId, password_, passwordEncrypted, passwordReset, screenName, emailAddress, greeting, firstName, middleName, lastName, loginDate, failedLoginAttempts, agreedToTermsOfUse, active_) values (452, 1, getdate(), getdate(), 0, 453, 'test', 0, 0, 'lax73', 'test.lax.73@liferay.com', 'Welcome Test LAX 73!', 'Test', '', 'LAX 73', getdate(), 0, 1, 1)
go
insert into Contact_ (contactId, companyId, userId, userName, createDate, modifiedDate, accountId, parentContactId, firstName, middleName, lastName, male, birthday) values (453, 1, 2, 'Joe Bloggs', getdate(), getdate(), 7, 0, 'Test', '', 'LAX 73', 1, '19700101')
go

insert into Group_ (groupId, companyId, creatorUserId, classNameId, classPK, parentGroupId, liveGroupId, name, friendlyURL, active_) values (454, 1, 452, 12, 452, 0, 0, '454', '/lax73', 1)
go
insert into LayoutSet (layoutSetId, companyId, groupId, privateLayout, logo, themeId, colorSchemeId, pageCount) values (455, 1, 454, 1, 0, 'classic', '01', 0)
go
insert into LayoutSet (layoutSetId, companyId, groupId, privateLayout, logo, themeId, colorSchemeId, pageCount) values (456, 1, 454, 0, 0, 'classic', '01', 0)
go

insert into Users_Groups values (452, 18)
go

insert into Users_Orgs (userId, organizationId) values (452, 21)
go
insert into Users_Orgs (userId, organizationId) values (452, 47)
go

insert into Users_Roles values (452, 17)
go

insert into User_ (userId, companyId, createDate, modifiedDate, defaultUser, contactId, password_, passwordEncrypted, passwordReset, screenName, emailAddress, greeting, firstName, middleName, lastName, loginDate, failedLoginAttempts, agreedToTermsOfUse, active_) values (457, 1, getdate(), getdate(), 0, 458, 'test', 0, 0, 'lax74', 'test.lax.74@liferay.com', 'Welcome Test LAX 74!', 'Test', '', 'LAX 74', getdate(), 0, 1, 1)
go
insert into Contact_ (contactId, companyId, userId, userName, createDate, modifiedDate, accountId, parentContactId, firstName, middleName, lastName, male, birthday) values (458, 1, 2, 'Joe Bloggs', getdate(), getdate(), 7, 0, 'Test', '', 'LAX 74', 1, '19700101')
go

insert into Group_ (groupId, companyId, creatorUserId, classNameId, classPK, parentGroupId, liveGroupId, name, friendlyURL, active_) values (459, 1, 457, 12, 457, 0, 0, '459', '/lax74', 1)
go
insert into LayoutSet (layoutSetId, companyId, groupId, privateLayout, logo, themeId, colorSchemeId, pageCount) values (460, 1, 459, 1, 0, 'classic', '01', 0)
go
insert into LayoutSet (layoutSetId, companyId, groupId, privateLayout, logo, themeId, colorSchemeId, pageCount) values (461, 1, 459, 0, 0, 'classic', '01', 0)
go

insert into Users_Groups values (457, 18)
go

insert into Users_Orgs (userId, organizationId) values (457, 21)
go
insert into Users_Orgs (userId, organizationId) values (457, 47)
go

insert into Users_Roles values (457, 17)
go

insert into User_ (userId, companyId, createDate, modifiedDate, defaultUser, contactId, password_, passwordEncrypted, passwordReset, screenName, emailAddress, greeting, firstName, middleName, lastName, loginDate, failedLoginAttempts, agreedToTermsOfUse, active_) values (462, 1, getdate(), getdate(), 0, 463, 'test', 0, 0, 'lax75', 'test.lax.75@liferay.com', 'Welcome Test LAX 75!', 'Test', '', 'LAX 75', getdate(), 0, 1, 1)
go
insert into Contact_ (contactId, companyId, userId, userName, createDate, modifiedDate, accountId, parentContactId, firstName, middleName, lastName, male, birthday) values (463, 1, 2, 'Joe Bloggs', getdate(), getdate(), 7, 0, 'Test', '', 'LAX 75', 1, '19700101')
go

insert into Group_ (groupId, companyId, creatorUserId, classNameId, classPK, parentGroupId, liveGroupId, name, friendlyURL, active_) values (464, 1, 462, 12, 462, 0, 0, '464', '/lax75', 1)
go
insert into LayoutSet (layoutSetId, companyId, groupId, privateLayout, logo, themeId, colorSchemeId, pageCount) values (465, 1, 464, 1, 0, 'classic', '01', 0)
go
insert into LayoutSet (layoutSetId, companyId, groupId, privateLayout, logo, themeId, colorSchemeId, pageCount) values (466, 1, 464, 0, 0, 'classic', '01', 0)
go

insert into Users_Groups values (462, 18)
go

insert into Users_Orgs (userId, organizationId) values (462, 21)
go
insert into Users_Orgs (userId, organizationId) values (462, 47)
go

insert into Users_Roles values (462, 17)
go

insert into User_ (userId, companyId, createDate, modifiedDate, defaultUser, contactId, password_, passwordEncrypted, passwordReset, screenName, emailAddress, greeting, firstName, middleName, lastName, loginDate, failedLoginAttempts, agreedToTermsOfUse, active_) values (467, 1, getdate(), getdate(), 0, 468, 'test', 0, 0, 'lax76', 'test.lax.76@liferay.com', 'Welcome Test LAX 76!', 'Test', '', 'LAX 76', getdate(), 0, 1, 1)
go
insert into Contact_ (contactId, companyId, userId, userName, createDate, modifiedDate, accountId, parentContactId, firstName, middleName, lastName, male, birthday) values (468, 1, 2, 'Joe Bloggs', getdate(), getdate(), 7, 0, 'Test', '', 'LAX 76', 1, '19700101')
go

insert into Group_ (groupId, companyId, creatorUserId, classNameId, classPK, parentGroupId, liveGroupId, name, friendlyURL, active_) values (469, 1, 467, 12, 467, 0, 0, '469', '/lax76', 1)
go
insert into LayoutSet (layoutSetId, companyId, groupId, privateLayout, logo, themeId, colorSchemeId, pageCount) values (470, 1, 469, 1, 0, 'classic', '01', 0)
go
insert into LayoutSet (layoutSetId, companyId, groupId, privateLayout, logo, themeId, colorSchemeId, pageCount) values (471, 1, 469, 0, 0, 'classic', '01', 0)
go

insert into Users_Groups values (467, 18)
go

insert into Users_Orgs (userId, organizationId) values (467, 21)
go
insert into Users_Orgs (userId, organizationId) values (467, 47)
go

insert into Users_Roles values (467, 17)
go

insert into User_ (userId, companyId, createDate, modifiedDate, defaultUser, contactId, password_, passwordEncrypted, passwordReset, screenName, emailAddress, greeting, firstName, middleName, lastName, loginDate, failedLoginAttempts, agreedToTermsOfUse, active_) values (472, 1, getdate(), getdate(), 0, 473, 'test', 0, 0, 'lax77', 'test.lax.77@liferay.com', 'Welcome Test LAX 77!', 'Test', '', 'LAX 77', getdate(), 0, 1, 1)
go
insert into Contact_ (contactId, companyId, userId, userName, createDate, modifiedDate, accountId, parentContactId, firstName, middleName, lastName, male, birthday) values (473, 1, 2, 'Joe Bloggs', getdate(), getdate(), 7, 0, 'Test', '', 'LAX 77', 1, '19700101')
go

insert into Group_ (groupId, companyId, creatorUserId, classNameId, classPK, parentGroupId, liveGroupId, name, friendlyURL, active_) values (474, 1, 472, 12, 472, 0, 0, '474', '/lax77', 1)
go
insert into LayoutSet (layoutSetId, companyId, groupId, privateLayout, logo, themeId, colorSchemeId, pageCount) values (475, 1, 474, 1, 0, 'classic', '01', 0)
go
insert into LayoutSet (layoutSetId, companyId, groupId, privateLayout, logo, themeId, colorSchemeId, pageCount) values (476, 1, 474, 0, 0, 'classic', '01', 0)
go

insert into Users_Groups values (472, 18)
go

insert into Users_Orgs (userId, organizationId) values (472, 21)
go
insert into Users_Orgs (userId, organizationId) values (472, 47)
go

insert into Users_Roles values (472, 17)
go

insert into User_ (userId, companyId, createDate, modifiedDate, defaultUser, contactId, password_, passwordEncrypted, passwordReset, screenName, emailAddress, greeting, firstName, middleName, lastName, loginDate, failedLoginAttempts, agreedToTermsOfUse, active_) values (477, 1, getdate(), getdate(), 0, 478, 'test', 0, 0, 'lax78', 'test.lax.78@liferay.com', 'Welcome Test LAX 78!', 'Test', '', 'LAX 78', getdate(), 0, 1, 1)
go
insert into Contact_ (contactId, companyId, userId, userName, createDate, modifiedDate, accountId, parentContactId, firstName, middleName, lastName, male, birthday) values (478, 1, 2, 'Joe Bloggs', getdate(), getdate(), 7, 0, 'Test', '', 'LAX 78', 1, '19700101')
go

insert into Group_ (groupId, companyId, creatorUserId, classNameId, classPK, parentGroupId, liveGroupId, name, friendlyURL, active_) values (479, 1, 477, 12, 477, 0, 0, '479', '/lax78', 1)
go
insert into LayoutSet (layoutSetId, companyId, groupId, privateLayout, logo, themeId, colorSchemeId, pageCount) values (480, 1, 479, 1, 0, 'classic', '01', 0)
go
insert into LayoutSet (layoutSetId, companyId, groupId, privateLayout, logo, themeId, colorSchemeId, pageCount) values (481, 1, 479, 0, 0, 'classic', '01', 0)
go

insert into Users_Groups values (477, 18)
go

insert into Users_Orgs (userId, organizationId) values (477, 21)
go
insert into Users_Orgs (userId, organizationId) values (477, 47)
go

insert into Users_Roles values (477, 17)
go

insert into User_ (userId, companyId, createDate, modifiedDate, defaultUser, contactId, password_, passwordEncrypted, passwordReset, screenName, emailAddress, greeting, firstName, middleName, lastName, loginDate, failedLoginAttempts, agreedToTermsOfUse, active_) values (482, 1, getdate(), getdate(), 0, 483, 'test', 0, 0, 'lax79', 'test.lax.79@liferay.com', 'Welcome Test LAX 79!', 'Test', '', 'LAX 79', getdate(), 0, 1, 1)
go
insert into Contact_ (contactId, companyId, userId, userName, createDate, modifiedDate, accountId, parentContactId, firstName, middleName, lastName, male, birthday) values (483, 1, 2, 'Joe Bloggs', getdate(), getdate(), 7, 0, 'Test', '', 'LAX 79', 1, '19700101')
go

insert into Group_ (groupId, companyId, creatorUserId, classNameId, classPK, parentGroupId, liveGroupId, name, friendlyURL, active_) values (484, 1, 482, 12, 482, 0, 0, '484', '/lax79', 1)
go
insert into LayoutSet (layoutSetId, companyId, groupId, privateLayout, logo, themeId, colorSchemeId, pageCount) values (485, 1, 484, 1, 0, 'classic', '01', 0)
go
insert into LayoutSet (layoutSetId, companyId, groupId, privateLayout, logo, themeId, colorSchemeId, pageCount) values (486, 1, 484, 0, 0, 'classic', '01', 0)
go

insert into Users_Groups values (482, 18)
go

insert into Users_Orgs (userId, organizationId) values (482, 21)
go
insert into Users_Orgs (userId, organizationId) values (482, 47)
go

insert into Users_Roles values (482, 17)
go

insert into User_ (userId, companyId, createDate, modifiedDate, defaultUser, contactId, password_, passwordEncrypted, passwordReset, screenName, emailAddress, greeting, firstName, middleName, lastName, loginDate, failedLoginAttempts, agreedToTermsOfUse, active_) values (487, 1, getdate(), getdate(), 0, 488, 'test', 0, 0, 'lax80', 'test.lax.80@liferay.com', 'Welcome Test LAX 80!', 'Test', '', 'LAX 80', getdate(), 0, 1, 1)
go
insert into Contact_ (contactId, companyId, userId, userName, createDate, modifiedDate, accountId, parentContactId, firstName, middleName, lastName, male, birthday) values (488, 1, 2, 'Joe Bloggs', getdate(), getdate(), 7, 0, 'Test', '', 'LAX 80', 1, '19700101')
go

insert into Group_ (groupId, companyId, creatorUserId, classNameId, classPK, parentGroupId, liveGroupId, name, friendlyURL, active_) values (489, 1, 487, 12, 487, 0, 0, '489', '/lax80', 1)
go
insert into LayoutSet (layoutSetId, companyId, groupId, privateLayout, logo, themeId, colorSchemeId, pageCount) values (490, 1, 489, 1, 0, 'classic', '01', 0)
go
insert into LayoutSet (layoutSetId, companyId, groupId, privateLayout, logo, themeId, colorSchemeId, pageCount) values (491, 1, 489, 0, 0, 'classic', '01', 0)
go

insert into Users_Groups values (487, 18)
go

insert into Users_Orgs (userId, organizationId) values (487, 21)
go
insert into Users_Orgs (userId, organizationId) values (487, 47)
go

insert into Users_Roles values (487, 17)
go

insert into User_ (userId, companyId, createDate, modifiedDate, defaultUser, contactId, password_, passwordEncrypted, passwordReset, screenName, emailAddress, greeting, firstName, middleName, lastName, loginDate, failedLoginAttempts, agreedToTermsOfUse, active_) values (492, 1, getdate(), getdate(), 0, 493, 'test', 0, 0, 'lax81', 'test.lax.81@liferay.com', 'Welcome Test LAX 81!', 'Test', '', 'LAX 81', getdate(), 0, 1, 1)
go
insert into Contact_ (contactId, companyId, userId, userName, createDate, modifiedDate, accountId, parentContactId, firstName, middleName, lastName, male, birthday) values (493, 1, 2, 'Joe Bloggs', getdate(), getdate(), 7, 0, 'Test', '', 'LAX 81', 1, '19700101')
go

insert into Group_ (groupId, companyId, creatorUserId, classNameId, classPK, parentGroupId, liveGroupId, name, friendlyURL, active_) values (494, 1, 492, 12, 492, 0, 0, '494', '/lax81', 1)
go
insert into LayoutSet (layoutSetId, companyId, groupId, privateLayout, logo, themeId, colorSchemeId, pageCount) values (495, 1, 494, 1, 0, 'classic', '01', 0)
go
insert into LayoutSet (layoutSetId, companyId, groupId, privateLayout, logo, themeId, colorSchemeId, pageCount) values (496, 1, 494, 0, 0, 'classic', '01', 0)
go

insert into Users_Groups values (492, 18)
go

insert into Users_Orgs (userId, organizationId) values (492, 21)
go
insert into Users_Orgs (userId, organizationId) values (492, 47)
go

insert into Users_Roles values (492, 17)
go

insert into User_ (userId, companyId, createDate, modifiedDate, defaultUser, contactId, password_, passwordEncrypted, passwordReset, screenName, emailAddress, greeting, firstName, middleName, lastName, loginDate, failedLoginAttempts, agreedToTermsOfUse, active_) values (497, 1, getdate(), getdate(), 0, 498, 'test', 0, 0, 'lax82', 'test.lax.82@liferay.com', 'Welcome Test LAX 82!', 'Test', '', 'LAX 82', getdate(), 0, 1, 1)
go
insert into Contact_ (contactId, companyId, userId, userName, createDate, modifiedDate, accountId, parentContactId, firstName, middleName, lastName, male, birthday) values (498, 1, 2, 'Joe Bloggs', getdate(), getdate(), 7, 0, 'Test', '', 'LAX 82', 1, '19700101')
go

insert into Group_ (groupId, companyId, creatorUserId, classNameId, classPK, parentGroupId, liveGroupId, name, friendlyURL, active_) values (499, 1, 497, 12, 497, 0, 0, '499', '/lax82', 1)
go
insert into LayoutSet (layoutSetId, companyId, groupId, privateLayout, logo, themeId, colorSchemeId, pageCount) values (500, 1, 499, 1, 0, 'classic', '01', 0)
go
insert into LayoutSet (layoutSetId, companyId, groupId, privateLayout, logo, themeId, colorSchemeId, pageCount) values (501, 1, 499, 0, 0, 'classic', '01', 0)
go

insert into Users_Groups values (497, 18)
go

insert into Users_Orgs (userId, organizationId) values (497, 21)
go
insert into Users_Orgs (userId, organizationId) values (497, 47)
go

insert into Users_Roles values (497, 17)
go

insert into User_ (userId, companyId, createDate, modifiedDate, defaultUser, contactId, password_, passwordEncrypted, passwordReset, screenName, emailAddress, greeting, firstName, middleName, lastName, loginDate, failedLoginAttempts, agreedToTermsOfUse, active_) values (502, 1, getdate(), getdate(), 0, 503, 'test', 0, 0, 'lax83', 'test.lax.83@liferay.com', 'Welcome Test LAX 83!', 'Test', '', 'LAX 83', getdate(), 0, 1, 1)
go
insert into Contact_ (contactId, companyId, userId, userName, createDate, modifiedDate, accountId, parentContactId, firstName, middleName, lastName, male, birthday) values (503, 1, 2, 'Joe Bloggs', getdate(), getdate(), 7, 0, 'Test', '', 'LAX 83', 1, '19700101')
go

insert into Group_ (groupId, companyId, creatorUserId, classNameId, classPK, parentGroupId, liveGroupId, name, friendlyURL, active_) values (504, 1, 502, 12, 502, 0, 0, '504', '/lax83', 1)
go
insert into LayoutSet (layoutSetId, companyId, groupId, privateLayout, logo, themeId, colorSchemeId, pageCount) values (505, 1, 504, 1, 0, 'classic', '01', 0)
go
insert into LayoutSet (layoutSetId, companyId, groupId, privateLayout, logo, themeId, colorSchemeId, pageCount) values (506, 1, 504, 0, 0, 'classic', '01', 0)
go

insert into Users_Groups values (502, 18)
go

insert into Users_Orgs (userId, organizationId) values (502, 21)
go
insert into Users_Orgs (userId, organizationId) values (502, 47)
go

insert into Users_Roles values (502, 17)
go

insert into User_ (userId, companyId, createDate, modifiedDate, defaultUser, contactId, password_, passwordEncrypted, passwordReset, screenName, emailAddress, greeting, firstName, middleName, lastName, loginDate, failedLoginAttempts, agreedToTermsOfUse, active_) values (507, 1, getdate(), getdate(), 0, 508, 'test', 0, 0, 'lax84', 'test.lax.84@liferay.com', 'Welcome Test LAX 84!', 'Test', '', 'LAX 84', getdate(), 0, 1, 1)
go
insert into Contact_ (contactId, companyId, userId, userName, createDate, modifiedDate, accountId, parentContactId, firstName, middleName, lastName, male, birthday) values (508, 1, 2, 'Joe Bloggs', getdate(), getdate(), 7, 0, 'Test', '', 'LAX 84', 1, '19700101')
go

insert into Group_ (groupId, companyId, creatorUserId, classNameId, classPK, parentGroupId, liveGroupId, name, friendlyURL, active_) values (509, 1, 507, 12, 507, 0, 0, '509', '/lax84', 1)
go
insert into LayoutSet (layoutSetId, companyId, groupId, privateLayout, logo, themeId, colorSchemeId, pageCount) values (510, 1, 509, 1, 0, 'classic', '01', 0)
go
insert into LayoutSet (layoutSetId, companyId, groupId, privateLayout, logo, themeId, colorSchemeId, pageCount) values (511, 1, 509, 0, 0, 'classic', '01', 0)
go

insert into Users_Groups values (507, 18)
go

insert into Users_Orgs (userId, organizationId) values (507, 21)
go
insert into Users_Orgs (userId, organizationId) values (507, 47)
go

insert into Users_Roles values (507, 17)
go

insert into User_ (userId, companyId, createDate, modifiedDate, defaultUser, contactId, password_, passwordEncrypted, passwordReset, screenName, emailAddress, greeting, firstName, middleName, lastName, loginDate, failedLoginAttempts, agreedToTermsOfUse, active_) values (512, 1, getdate(), getdate(), 0, 513, 'test', 0, 0, 'lax85', 'test.lax.85@liferay.com', 'Welcome Test LAX 85!', 'Test', '', 'LAX 85', getdate(), 0, 1, 1)
go
insert into Contact_ (contactId, companyId, userId, userName, createDate, modifiedDate, accountId, parentContactId, firstName, middleName, lastName, male, birthday) values (513, 1, 2, 'Joe Bloggs', getdate(), getdate(), 7, 0, 'Test', '', 'LAX 85', 1, '19700101')
go

insert into Group_ (groupId, companyId, creatorUserId, classNameId, classPK, parentGroupId, liveGroupId, name, friendlyURL, active_) values (514, 1, 512, 12, 512, 0, 0, '514', '/lax85', 1)
go
insert into LayoutSet (layoutSetId, companyId, groupId, privateLayout, logo, themeId, colorSchemeId, pageCount) values (515, 1, 514, 1, 0, 'classic', '01', 0)
go
insert into LayoutSet (layoutSetId, companyId, groupId, privateLayout, logo, themeId, colorSchemeId, pageCount) values (516, 1, 514, 0, 0, 'classic', '01', 0)
go

insert into Users_Groups values (512, 18)
go

insert into Users_Orgs (userId, organizationId) values (512, 21)
go
insert into Users_Orgs (userId, organizationId) values (512, 47)
go

insert into Users_Roles values (512, 17)
go

insert into User_ (userId, companyId, createDate, modifiedDate, defaultUser, contactId, password_, passwordEncrypted, passwordReset, screenName, emailAddress, greeting, firstName, middleName, lastName, loginDate, failedLoginAttempts, agreedToTermsOfUse, active_) values (517, 1, getdate(), getdate(), 0, 518, 'test', 0, 0, 'lax86', 'test.lax.86@liferay.com', 'Welcome Test LAX 86!', 'Test', '', 'LAX 86', getdate(), 0, 1, 1)
go
insert into Contact_ (contactId, companyId, userId, userName, createDate, modifiedDate, accountId, parentContactId, firstName, middleName, lastName, male, birthday) values (518, 1, 2, 'Joe Bloggs', getdate(), getdate(), 7, 0, 'Test', '', 'LAX 86', 1, '19700101')
go

insert into Group_ (groupId, companyId, creatorUserId, classNameId, classPK, parentGroupId, liveGroupId, name, friendlyURL, active_) values (519, 1, 517, 12, 517, 0, 0, '519', '/lax86', 1)
go
insert into LayoutSet (layoutSetId, companyId, groupId, privateLayout, logo, themeId, colorSchemeId, pageCount) values (520, 1, 519, 1, 0, 'classic', '01', 0)
go
insert into LayoutSet (layoutSetId, companyId, groupId, privateLayout, logo, themeId, colorSchemeId, pageCount) values (521, 1, 519, 0, 0, 'classic', '01', 0)
go

insert into Users_Groups values (517, 18)
go

insert into Users_Orgs (userId, organizationId) values (517, 21)
go
insert into Users_Orgs (userId, organizationId) values (517, 47)
go

insert into Users_Roles values (517, 17)
go

insert into User_ (userId, companyId, createDate, modifiedDate, defaultUser, contactId, password_, passwordEncrypted, passwordReset, screenName, emailAddress, greeting, firstName, middleName, lastName, loginDate, failedLoginAttempts, agreedToTermsOfUse, active_) values (522, 1, getdate(), getdate(), 0, 523, 'test', 0, 0, 'lax87', 'test.lax.87@liferay.com', 'Welcome Test LAX 87!', 'Test', '', 'LAX 87', getdate(), 0, 1, 1)
go
insert into Contact_ (contactId, companyId, userId, userName, createDate, modifiedDate, accountId, parentContactId, firstName, middleName, lastName, male, birthday) values (523, 1, 2, 'Joe Bloggs', getdate(), getdate(), 7, 0, 'Test', '', 'LAX 87', 1, '19700101')
go

insert into Group_ (groupId, companyId, creatorUserId, classNameId, classPK, parentGroupId, liveGroupId, name, friendlyURL, active_) values (524, 1, 522, 12, 522, 0, 0, '524', '/lax87', 1)
go
insert into LayoutSet (layoutSetId, companyId, groupId, privateLayout, logo, themeId, colorSchemeId, pageCount) values (525, 1, 524, 1, 0, 'classic', '01', 0)
go
insert into LayoutSet (layoutSetId, companyId, groupId, privateLayout, logo, themeId, colorSchemeId, pageCount) values (526, 1, 524, 0, 0, 'classic', '01', 0)
go

insert into Users_Groups values (522, 18)
go

insert into Users_Orgs (userId, organizationId) values (522, 21)
go
insert into Users_Orgs (userId, organizationId) values (522, 47)
go

insert into Users_Roles values (522, 17)
go

insert into User_ (userId, companyId, createDate, modifiedDate, defaultUser, contactId, password_, passwordEncrypted, passwordReset, screenName, emailAddress, greeting, firstName, middleName, lastName, loginDate, failedLoginAttempts, agreedToTermsOfUse, active_) values (527, 1, getdate(), getdate(), 0, 528, 'test', 0, 0, 'lax88', 'test.lax.88@liferay.com', 'Welcome Test LAX 88!', 'Test', '', 'LAX 88', getdate(), 0, 1, 1)
go
insert into Contact_ (contactId, companyId, userId, userName, createDate, modifiedDate, accountId, parentContactId, firstName, middleName, lastName, male, birthday) values (528, 1, 2, 'Joe Bloggs', getdate(), getdate(), 7, 0, 'Test', '', 'LAX 88', 1, '19700101')
go

insert into Group_ (groupId, companyId, creatorUserId, classNameId, classPK, parentGroupId, liveGroupId, name, friendlyURL, active_) values (529, 1, 527, 12, 527, 0, 0, '529', '/lax88', 1)
go
insert into LayoutSet (layoutSetId, companyId, groupId, privateLayout, logo, themeId, colorSchemeId, pageCount) values (530, 1, 529, 1, 0, 'classic', '01', 0)
go
insert into LayoutSet (layoutSetId, companyId, groupId, privateLayout, logo, themeId, colorSchemeId, pageCount) values (531, 1, 529, 0, 0, 'classic', '01', 0)
go

insert into Users_Groups values (527, 18)
go

insert into Users_Orgs (userId, organizationId) values (527, 21)
go
insert into Users_Orgs (userId, organizationId) values (527, 47)
go

insert into Users_Roles values (527, 17)
go

insert into User_ (userId, companyId, createDate, modifiedDate, defaultUser, contactId, password_, passwordEncrypted, passwordReset, screenName, emailAddress, greeting, firstName, middleName, lastName, loginDate, failedLoginAttempts, agreedToTermsOfUse, active_) values (532, 1, getdate(), getdate(), 0, 533, 'test', 0, 0, 'lax89', 'test.lax.89@liferay.com', 'Welcome Test LAX 89!', 'Test', '', 'LAX 89', getdate(), 0, 1, 1)
go
insert into Contact_ (contactId, companyId, userId, userName, createDate, modifiedDate, accountId, parentContactId, firstName, middleName, lastName, male, birthday) values (533, 1, 2, 'Joe Bloggs', getdate(), getdate(), 7, 0, 'Test', '', 'LAX 89', 1, '19700101')
go

insert into Group_ (groupId, companyId, creatorUserId, classNameId, classPK, parentGroupId, liveGroupId, name, friendlyURL, active_) values (534, 1, 532, 12, 532, 0, 0, '534', '/lax89', 1)
go
insert into LayoutSet (layoutSetId, companyId, groupId, privateLayout, logo, themeId, colorSchemeId, pageCount) values (535, 1, 534, 1, 0, 'classic', '01', 0)
go
insert into LayoutSet (layoutSetId, companyId, groupId, privateLayout, logo, themeId, colorSchemeId, pageCount) values (536, 1, 534, 0, 0, 'classic', '01', 0)
go

insert into Users_Groups values (532, 18)
go

insert into Users_Orgs (userId, organizationId) values (532, 21)
go
insert into Users_Orgs (userId, organizationId) values (532, 47)
go

insert into Users_Roles values (532, 17)
go

insert into User_ (userId, companyId, createDate, modifiedDate, defaultUser, contactId, password_, passwordEncrypted, passwordReset, screenName, emailAddress, greeting, firstName, middleName, lastName, loginDate, failedLoginAttempts, agreedToTermsOfUse, active_) values (537, 1, getdate(), getdate(), 0, 538, 'test', 0, 0, 'lax90', 'test.lax.90@liferay.com', 'Welcome Test LAX 90!', 'Test', '', 'LAX 90', getdate(), 0, 1, 1)
go
insert into Contact_ (contactId, companyId, userId, userName, createDate, modifiedDate, accountId, parentContactId, firstName, middleName, lastName, male, birthday) values (538, 1, 2, 'Joe Bloggs', getdate(), getdate(), 7, 0, 'Test', '', 'LAX 90', 1, '19700101')
go

insert into Group_ (groupId, companyId, creatorUserId, classNameId, classPK, parentGroupId, liveGroupId, name, friendlyURL, active_) values (539, 1, 537, 12, 537, 0, 0, '539', '/lax90', 1)
go
insert into LayoutSet (layoutSetId, companyId, groupId, privateLayout, logo, themeId, colorSchemeId, pageCount) values (540, 1, 539, 1, 0, 'classic', '01', 0)
go
insert into LayoutSet (layoutSetId, companyId, groupId, privateLayout, logo, themeId, colorSchemeId, pageCount) values (541, 1, 539, 0, 0, 'classic', '01', 0)
go

insert into Users_Groups values (537, 18)
go

insert into Users_Orgs (userId, organizationId) values (537, 21)
go
insert into Users_Orgs (userId, organizationId) values (537, 47)
go

insert into Users_Roles values (537, 17)
go

insert into User_ (userId, companyId, createDate, modifiedDate, defaultUser, contactId, password_, passwordEncrypted, passwordReset, screenName, emailAddress, greeting, firstName, middleName, lastName, loginDate, failedLoginAttempts, agreedToTermsOfUse, active_) values (542, 1, getdate(), getdate(), 0, 543, 'test', 0, 0, 'lax91', 'test.lax.91@liferay.com', 'Welcome Test LAX 91!', 'Test', '', 'LAX 91', getdate(), 0, 1, 1)
go
insert into Contact_ (contactId, companyId, userId, userName, createDate, modifiedDate, accountId, parentContactId, firstName, middleName, lastName, male, birthday) values (543, 1, 2, 'Joe Bloggs', getdate(), getdate(), 7, 0, 'Test', '', 'LAX 91', 1, '19700101')
go

insert into Group_ (groupId, companyId, creatorUserId, classNameId, classPK, parentGroupId, liveGroupId, name, friendlyURL, active_) values (544, 1, 542, 12, 542, 0, 0, '544', '/lax91', 1)
go
insert into LayoutSet (layoutSetId, companyId, groupId, privateLayout, logo, themeId, colorSchemeId, pageCount) values (545, 1, 544, 1, 0, 'classic', '01', 0)
go
insert into LayoutSet (layoutSetId, companyId, groupId, privateLayout, logo, themeId, colorSchemeId, pageCount) values (546, 1, 544, 0, 0, 'classic', '01', 0)
go

insert into Users_Groups values (542, 18)
go

insert into Users_Orgs (userId, organizationId) values (542, 21)
go
insert into Users_Orgs (userId, organizationId) values (542, 47)
go

insert into Users_Roles values (542, 17)
go

insert into User_ (userId, companyId, createDate, modifiedDate, defaultUser, contactId, password_, passwordEncrypted, passwordReset, screenName, emailAddress, greeting, firstName, middleName, lastName, loginDate, failedLoginAttempts, agreedToTermsOfUse, active_) values (547, 1, getdate(), getdate(), 0, 548, 'test', 0, 0, 'lax92', 'test.lax.92@liferay.com', 'Welcome Test LAX 92!', 'Test', '', 'LAX 92', getdate(), 0, 1, 1)
go
insert into Contact_ (contactId, companyId, userId, userName, createDate, modifiedDate, accountId, parentContactId, firstName, middleName, lastName, male, birthday) values (548, 1, 2, 'Joe Bloggs', getdate(), getdate(), 7, 0, 'Test', '', 'LAX 92', 1, '19700101')
go

insert into Group_ (groupId, companyId, creatorUserId, classNameId, classPK, parentGroupId, liveGroupId, name, friendlyURL, active_) values (549, 1, 547, 12, 547, 0, 0, '549', '/lax92', 1)
go
insert into LayoutSet (layoutSetId, companyId, groupId, privateLayout, logo, themeId, colorSchemeId, pageCount) values (550, 1, 549, 1, 0, 'classic', '01', 0)
go
insert into LayoutSet (layoutSetId, companyId, groupId, privateLayout, logo, themeId, colorSchemeId, pageCount) values (551, 1, 549, 0, 0, 'classic', '01', 0)
go

insert into Users_Groups values (547, 18)
go

insert into Users_Orgs (userId, organizationId) values (547, 21)
go
insert into Users_Orgs (userId, organizationId) values (547, 47)
go

insert into Users_Roles values (547, 17)
go

insert into User_ (userId, companyId, createDate, modifiedDate, defaultUser, contactId, password_, passwordEncrypted, passwordReset, screenName, emailAddress, greeting, firstName, middleName, lastName, loginDate, failedLoginAttempts, agreedToTermsOfUse, active_) values (552, 1, getdate(), getdate(), 0, 553, 'test', 0, 0, 'lax93', 'test.lax.93@liferay.com', 'Welcome Test LAX 93!', 'Test', '', 'LAX 93', getdate(), 0, 1, 1)
go
insert into Contact_ (contactId, companyId, userId, userName, createDate, modifiedDate, accountId, parentContactId, firstName, middleName, lastName, male, birthday) values (553, 1, 2, 'Joe Bloggs', getdate(), getdate(), 7, 0, 'Test', '', 'LAX 93', 1, '19700101')
go

insert into Group_ (groupId, companyId, creatorUserId, classNameId, classPK, parentGroupId, liveGroupId, name, friendlyURL, active_) values (554, 1, 552, 12, 552, 0, 0, '554', '/lax93', 1)
go
insert into LayoutSet (layoutSetId, companyId, groupId, privateLayout, logo, themeId, colorSchemeId, pageCount) values (555, 1, 554, 1, 0, 'classic', '01', 0)
go
insert into LayoutSet (layoutSetId, companyId, groupId, privateLayout, logo, themeId, colorSchemeId, pageCount) values (556, 1, 554, 0, 0, 'classic', '01', 0)
go

insert into Users_Groups values (552, 18)
go

insert into Users_Orgs (userId, organizationId) values (552, 21)
go
insert into Users_Orgs (userId, organizationId) values (552, 47)
go

insert into Users_Roles values (552, 17)
go

insert into User_ (userId, companyId, createDate, modifiedDate, defaultUser, contactId, password_, passwordEncrypted, passwordReset, screenName, emailAddress, greeting, firstName, middleName, lastName, loginDate, failedLoginAttempts, agreedToTermsOfUse, active_) values (557, 1, getdate(), getdate(), 0, 558, 'test', 0, 0, 'lax94', 'test.lax.94@liferay.com', 'Welcome Test LAX 94!', 'Test', '', 'LAX 94', getdate(), 0, 1, 1)
go
insert into Contact_ (contactId, companyId, userId, userName, createDate, modifiedDate, accountId, parentContactId, firstName, middleName, lastName, male, birthday) values (558, 1, 2, 'Joe Bloggs', getdate(), getdate(), 7, 0, 'Test', '', 'LAX 94', 1, '19700101')
go

insert into Group_ (groupId, companyId, creatorUserId, classNameId, classPK, parentGroupId, liveGroupId, name, friendlyURL, active_) values (559, 1, 557, 12, 557, 0, 0, '559', '/lax94', 1)
go
insert into LayoutSet (layoutSetId, companyId, groupId, privateLayout, logo, themeId, colorSchemeId, pageCount) values (560, 1, 559, 1, 0, 'classic', '01', 0)
go
insert into LayoutSet (layoutSetId, companyId, groupId, privateLayout, logo, themeId, colorSchemeId, pageCount) values (561, 1, 559, 0, 0, 'classic', '01', 0)
go

insert into Users_Groups values (557, 18)
go

insert into Users_Orgs (userId, organizationId) values (557, 21)
go
insert into Users_Orgs (userId, organizationId) values (557, 47)
go

insert into Users_Roles values (557, 17)
go

insert into User_ (userId, companyId, createDate, modifiedDate, defaultUser, contactId, password_, passwordEncrypted, passwordReset, screenName, emailAddress, greeting, firstName, middleName, lastName, loginDate, failedLoginAttempts, agreedToTermsOfUse, active_) values (562, 1, getdate(), getdate(), 0, 563, 'test', 0, 0, 'lax95', 'test.lax.95@liferay.com', 'Welcome Test LAX 95!', 'Test', '', 'LAX 95', getdate(), 0, 1, 1)
go
insert into Contact_ (contactId, companyId, userId, userName, createDate, modifiedDate, accountId, parentContactId, firstName, middleName, lastName, male, birthday) values (563, 1, 2, 'Joe Bloggs', getdate(), getdate(), 7, 0, 'Test', '', 'LAX 95', 1, '19700101')
go

insert into Group_ (groupId, companyId, creatorUserId, classNameId, classPK, parentGroupId, liveGroupId, name, friendlyURL, active_) values (564, 1, 562, 12, 562, 0, 0, '564', '/lax95', 1)
go
insert into LayoutSet (layoutSetId, companyId, groupId, privateLayout, logo, themeId, colorSchemeId, pageCount) values (565, 1, 564, 1, 0, 'classic', '01', 0)
go
insert into LayoutSet (layoutSetId, companyId, groupId, privateLayout, logo, themeId, colorSchemeId, pageCount) values (566, 1, 564, 0, 0, 'classic', '01', 0)
go

insert into Users_Groups values (562, 18)
go

insert into Users_Orgs (userId, organizationId) values (562, 21)
go
insert into Users_Orgs (userId, organizationId) values (562, 47)
go

insert into Users_Roles values (562, 17)
go

insert into User_ (userId, companyId, createDate, modifiedDate, defaultUser, contactId, password_, passwordEncrypted, passwordReset, screenName, emailAddress, greeting, firstName, middleName, lastName, loginDate, failedLoginAttempts, agreedToTermsOfUse, active_) values (567, 1, getdate(), getdate(), 0, 568, 'test', 0, 0, 'lax96', 'test.lax.96@liferay.com', 'Welcome Test LAX 96!', 'Test', '', 'LAX 96', getdate(), 0, 1, 1)
go
insert into Contact_ (contactId, companyId, userId, userName, createDate, modifiedDate, accountId, parentContactId, firstName, middleName, lastName, male, birthday) values (568, 1, 2, 'Joe Bloggs', getdate(), getdate(), 7, 0, 'Test', '', 'LAX 96', 1, '19700101')
go

insert into Group_ (groupId, companyId, creatorUserId, classNameId, classPK, parentGroupId, liveGroupId, name, friendlyURL, active_) values (569, 1, 567, 12, 567, 0, 0, '569', '/lax96', 1)
go
insert into LayoutSet (layoutSetId, companyId, groupId, privateLayout, logo, themeId, colorSchemeId, pageCount) values (570, 1, 569, 1, 0, 'classic', '01', 0)
go
insert into LayoutSet (layoutSetId, companyId, groupId, privateLayout, logo, themeId, colorSchemeId, pageCount) values (571, 1, 569, 0, 0, 'classic', '01', 0)
go

insert into Users_Groups values (567, 18)
go

insert into Users_Orgs (userId, organizationId) values (567, 21)
go
insert into Users_Orgs (userId, organizationId) values (567, 47)
go

insert into Users_Roles values (567, 17)
go

insert into User_ (userId, companyId, createDate, modifiedDate, defaultUser, contactId, password_, passwordEncrypted, passwordReset, screenName, emailAddress, greeting, firstName, middleName, lastName, loginDate, failedLoginAttempts, agreedToTermsOfUse, active_) values (572, 1, getdate(), getdate(), 0, 573, 'test', 0, 0, 'lax97', 'test.lax.97@liferay.com', 'Welcome Test LAX 97!', 'Test', '', 'LAX 97', getdate(), 0, 1, 1)
go
insert into Contact_ (contactId, companyId, userId, userName, createDate, modifiedDate, accountId, parentContactId, firstName, middleName, lastName, male, birthday) values (573, 1, 2, 'Joe Bloggs', getdate(), getdate(), 7, 0, 'Test', '', 'LAX 97', 1, '19700101')
go

insert into Group_ (groupId, companyId, creatorUserId, classNameId, classPK, parentGroupId, liveGroupId, name, friendlyURL, active_) values (574, 1, 572, 12, 572, 0, 0, '574', '/lax97', 1)
go
insert into LayoutSet (layoutSetId, companyId, groupId, privateLayout, logo, themeId, colorSchemeId, pageCount) values (575, 1, 574, 1, 0, 'classic', '01', 0)
go
insert into LayoutSet (layoutSetId, companyId, groupId, privateLayout, logo, themeId, colorSchemeId, pageCount) values (576, 1, 574, 0, 0, 'classic', '01', 0)
go

insert into Users_Groups values (572, 18)
go

insert into Users_Orgs (userId, organizationId) values (572, 21)
go
insert into Users_Orgs (userId, organizationId) values (572, 47)
go

insert into Users_Roles values (572, 17)
go

insert into User_ (userId, companyId, createDate, modifiedDate, defaultUser, contactId, password_, passwordEncrypted, passwordReset, screenName, emailAddress, greeting, firstName, middleName, lastName, loginDate, failedLoginAttempts, agreedToTermsOfUse, active_) values (577, 1, getdate(), getdate(), 0, 578, 'test', 0, 0, 'lax98', 'test.lax.98@liferay.com', 'Welcome Test LAX 98!', 'Test', '', 'LAX 98', getdate(), 0, 1, 1)
go
insert into Contact_ (contactId, companyId, userId, userName, createDate, modifiedDate, accountId, parentContactId, firstName, middleName, lastName, male, birthday) values (578, 1, 2, 'Joe Bloggs', getdate(), getdate(), 7, 0, 'Test', '', 'LAX 98', 1, '19700101')
go

insert into Group_ (groupId, companyId, creatorUserId, classNameId, classPK, parentGroupId, liveGroupId, name, friendlyURL, active_) values (579, 1, 577, 12, 577, 0, 0, '579', '/lax98', 1)
go
insert into LayoutSet (layoutSetId, companyId, groupId, privateLayout, logo, themeId, colorSchemeId, pageCount) values (580, 1, 579, 1, 0, 'classic', '01', 0)
go
insert into LayoutSet (layoutSetId, companyId, groupId, privateLayout, logo, themeId, colorSchemeId, pageCount) values (581, 1, 579, 0, 0, 'classic', '01', 0)
go

insert into Users_Groups values (577, 18)
go

insert into Users_Orgs (userId, organizationId) values (577, 21)
go
insert into Users_Orgs (userId, organizationId) values (577, 47)
go

insert into Users_Roles values (577, 17)
go

insert into User_ (userId, companyId, createDate, modifiedDate, defaultUser, contactId, password_, passwordEncrypted, passwordReset, screenName, emailAddress, greeting, firstName, middleName, lastName, loginDate, failedLoginAttempts, agreedToTermsOfUse, active_) values (582, 1, getdate(), getdate(), 0, 583, 'test', 0, 0, 'lax99', 'test.lax.99@liferay.com', 'Welcome Test LAX 99!', 'Test', '', 'LAX 99', getdate(), 0, 1, 1)
go
insert into Contact_ (contactId, companyId, userId, userName, createDate, modifiedDate, accountId, parentContactId, firstName, middleName, lastName, male, birthday) values (583, 1, 2, 'Joe Bloggs', getdate(), getdate(), 7, 0, 'Test', '', 'LAX 99', 1, '19700101')
go

insert into Group_ (groupId, companyId, creatorUserId, classNameId, classPK, parentGroupId, liveGroupId, name, friendlyURL, active_) values (584, 1, 582, 12, 582, 0, 0, '584', '/lax99', 1)
go
insert into LayoutSet (layoutSetId, companyId, groupId, privateLayout, logo, themeId, colorSchemeId, pageCount) values (585, 1, 584, 1, 0, 'classic', '01', 0)
go
insert into LayoutSet (layoutSetId, companyId, groupId, privateLayout, logo, themeId, colorSchemeId, pageCount) values (586, 1, 584, 0, 0, 'classic', '01', 0)
go

insert into Users_Groups values (582, 18)
go

insert into Users_Orgs (userId, organizationId) values (582, 21)
go
insert into Users_Orgs (userId, organizationId) values (582, 47)
go

insert into Users_Roles values (582, 17)
go

insert into User_ (userId, companyId, createDate, modifiedDate, defaultUser, contactId, password_, passwordEncrypted, passwordReset, screenName, emailAddress, greeting, firstName, middleName, lastName, loginDate, failedLoginAttempts, agreedToTermsOfUse, active_) values (587, 1, getdate(), getdate(), 0, 588, 'test', 0, 0, 'lax100', 'test.lax.100@liferay.com', 'Welcome Test LAX 100!', 'Test', '', 'LAX 100', getdate(), 0, 1, 1)
go
insert into Contact_ (contactId, companyId, userId, userName, createDate, modifiedDate, accountId, parentContactId, firstName, middleName, lastName, male, birthday) values (588, 1, 2, 'Joe Bloggs', getdate(), getdate(), 7, 0, 'Test', '', 'LAX 100', 1, '19700101')
go

insert into Group_ (groupId, companyId, creatorUserId, classNameId, classPK, parentGroupId, liveGroupId, name, friendlyURL, active_) values (589, 1, 587, 12, 587, 0, 0, '589', '/lax100', 1)
go
insert into LayoutSet (layoutSetId, companyId, groupId, privateLayout, logo, themeId, colorSchemeId, pageCount) values (590, 1, 589, 1, 0, 'classic', '01', 0)
go
insert into LayoutSet (layoutSetId, companyId, groupId, privateLayout, logo, themeId, colorSchemeId, pageCount) values (591, 1, 589, 0, 0, 'classic', '01', 0)
go

insert into Users_Groups values (587, 18)
go

insert into Users_Orgs (userId, organizationId) values (587, 21)
go
insert into Users_Orgs (userId, organizationId) values (587, 47)
go

insert into Users_Roles values (587, 17)
go

insert into User_ (userId, companyId, createDate, modifiedDate, defaultUser, contactId, password_, passwordEncrypted, passwordReset, screenName, emailAddress, greeting, firstName, middleName, lastName, loginDate, failedLoginAttempts, agreedToTermsOfUse, active_) values (592, 1, getdate(), getdate(), 0, 593, 'test', 0, 0, 'sfo1', 'test.sfo.1@liferay.com', 'Welcome Test SFO 1!', 'Test', '', 'SFO 1', getdate(), 0, 1, 1)
go
insert into Contact_ (contactId, companyId, userId, userName, createDate, modifiedDate, accountId, parentContactId, firstName, middleName, lastName, male, birthday) values (593, 1, 2, 'Joe Bloggs', getdate(), getdate(), 7, 0, 'Test', '', 'SFO 1', 1, '19700101')
go

insert into Group_ (groupId, companyId, creatorUserId, classNameId, classPK, parentGroupId, liveGroupId, name, friendlyURL, active_) values (594, 1, 592, 12, 592, 0, 0, '594', '/sfo1', 1)
go
insert into LayoutSet (layoutSetId, companyId, groupId, privateLayout, logo, themeId, colorSchemeId, pageCount) values (595, 1, 594, 1, 0, 'classic', '01', 0)
go
insert into LayoutSet (layoutSetId, companyId, groupId, privateLayout, logo, themeId, colorSchemeId, pageCount) values (596, 1, 594, 0, 0, 'classic', '01', 0)
go

insert into Users_Groups values (592, 18)
go

insert into Users_Orgs (userId, organizationId) values (592, 21)
go
insert into Users_Orgs (userId, organizationId) values (592, 51)
go

insert into Users_Roles values (592, 17)
go

insert into User_ (userId, companyId, createDate, modifiedDate, defaultUser, contactId, password_, passwordEncrypted, passwordReset, screenName, emailAddress, greeting, firstName, middleName, lastName, loginDate, failedLoginAttempts, agreedToTermsOfUse, active_) values (597, 1, getdate(), getdate(), 0, 598, 'test', 0, 0, 'sfo2', 'test.sfo.2@liferay.com', 'Welcome Test SFO 2!', 'Test', '', 'SFO 2', getdate(), 0, 1, 1)
go
insert into Contact_ (contactId, companyId, userId, userName, createDate, modifiedDate, accountId, parentContactId, firstName, middleName, lastName, male, birthday) values (598, 1, 2, 'Joe Bloggs', getdate(), getdate(), 7, 0, 'Test', '', 'SFO 2', 1, '19700101')
go

insert into Group_ (groupId, companyId, creatorUserId, classNameId, classPK, parentGroupId, liveGroupId, name, friendlyURL, active_) values (599, 1, 597, 12, 597, 0, 0, '599', '/sfo2', 1)
go
insert into LayoutSet (layoutSetId, companyId, groupId, privateLayout, logo, themeId, colorSchemeId, pageCount) values (600, 1, 599, 1, 0, 'classic', '01', 0)
go
insert into LayoutSet (layoutSetId, companyId, groupId, privateLayout, logo, themeId, colorSchemeId, pageCount) values (601, 1, 599, 0, 0, 'classic', '01', 0)
go

insert into Users_Groups values (597, 18)
go

insert into Users_Orgs (userId, organizationId) values (597, 21)
go
insert into Users_Orgs (userId, organizationId) values (597, 51)
go

insert into Users_Roles values (597, 17)
go

insert into User_ (userId, companyId, createDate, modifiedDate, defaultUser, contactId, password_, passwordEncrypted, passwordReset, screenName, emailAddress, greeting, firstName, middleName, lastName, loginDate, failedLoginAttempts, agreedToTermsOfUse, active_) values (602, 1, getdate(), getdate(), 0, 603, 'test', 0, 0, 'sfo3', 'test.sfo.3@liferay.com', 'Welcome Test SFO 3!', 'Test', '', 'SFO 3', getdate(), 0, 1, 1)
go
insert into Contact_ (contactId, companyId, userId, userName, createDate, modifiedDate, accountId, parentContactId, firstName, middleName, lastName, male, birthday) values (603, 1, 2, 'Joe Bloggs', getdate(), getdate(), 7, 0, 'Test', '', 'SFO 3', 1, '19700101')
go

insert into Group_ (groupId, companyId, creatorUserId, classNameId, classPK, parentGroupId, liveGroupId, name, friendlyURL, active_) values (604, 1, 602, 12, 602, 0, 0, '604', '/sfo3', 1)
go
insert into LayoutSet (layoutSetId, companyId, groupId, privateLayout, logo, themeId, colorSchemeId, pageCount) values (605, 1, 604, 1, 0, 'classic', '01', 0)
go
insert into LayoutSet (layoutSetId, companyId, groupId, privateLayout, logo, themeId, colorSchemeId, pageCount) values (606, 1, 604, 0, 0, 'classic', '01', 0)
go

insert into Users_Groups values (602, 18)
go

insert into Users_Orgs (userId, organizationId) values (602, 21)
go
insert into Users_Orgs (userId, organizationId) values (602, 51)
go

insert into Users_Roles values (602, 17)
go

insert into User_ (userId, companyId, createDate, modifiedDate, defaultUser, contactId, password_, passwordEncrypted, passwordReset, screenName, emailAddress, greeting, firstName, middleName, lastName, loginDate, failedLoginAttempts, agreedToTermsOfUse, active_) values (607, 1, getdate(), getdate(), 0, 608, 'test', 0, 0, 'sfo4', 'test.sfo.4@liferay.com', 'Welcome Test SFO 4!', 'Test', '', 'SFO 4', getdate(), 0, 1, 1)
go
insert into Contact_ (contactId, companyId, userId, userName, createDate, modifiedDate, accountId, parentContactId, firstName, middleName, lastName, male, birthday) values (608, 1, 2, 'Joe Bloggs', getdate(), getdate(), 7, 0, 'Test', '', 'SFO 4', 1, '19700101')
go

insert into Group_ (groupId, companyId, creatorUserId, classNameId, classPK, parentGroupId, liveGroupId, name, friendlyURL, active_) values (609, 1, 607, 12, 607, 0, 0, '609', '/sfo4', 1)
go
insert into LayoutSet (layoutSetId, companyId, groupId, privateLayout, logo, themeId, colorSchemeId, pageCount) values (610, 1, 609, 1, 0, 'classic', '01', 0)
go
insert into LayoutSet (layoutSetId, companyId, groupId, privateLayout, logo, themeId, colorSchemeId, pageCount) values (611, 1, 609, 0, 0, 'classic', '01', 0)
go

insert into Users_Groups values (607, 18)
go

insert into Users_Orgs (userId, organizationId) values (607, 21)
go
insert into Users_Orgs (userId, organizationId) values (607, 51)
go

insert into Users_Roles values (607, 17)
go

insert into User_ (userId, companyId, createDate, modifiedDate, defaultUser, contactId, password_, passwordEncrypted, passwordReset, screenName, emailAddress, greeting, firstName, middleName, lastName, loginDate, failedLoginAttempts, agreedToTermsOfUse, active_) values (612, 1, getdate(), getdate(), 0, 613, 'test', 0, 0, 'sfo5', 'test.sfo.5@liferay.com', 'Welcome Test SFO 5!', 'Test', '', 'SFO 5', getdate(), 0, 1, 1)
go
insert into Contact_ (contactId, companyId, userId, userName, createDate, modifiedDate, accountId, parentContactId, firstName, middleName, lastName, male, birthday) values (613, 1, 2, 'Joe Bloggs', getdate(), getdate(), 7, 0, 'Test', '', 'SFO 5', 1, '19700101')
go

insert into Group_ (groupId, companyId, creatorUserId, classNameId, classPK, parentGroupId, liveGroupId, name, friendlyURL, active_) values (614, 1, 612, 12, 612, 0, 0, '614', '/sfo5', 1)
go
insert into LayoutSet (layoutSetId, companyId, groupId, privateLayout, logo, themeId, colorSchemeId, pageCount) values (615, 1, 614, 1, 0, 'classic', '01', 0)
go
insert into LayoutSet (layoutSetId, companyId, groupId, privateLayout, logo, themeId, colorSchemeId, pageCount) values (616, 1, 614, 0, 0, 'classic', '01', 0)
go

insert into Users_Groups values (612, 18)
go

insert into Users_Orgs (userId, organizationId) values (612, 21)
go
insert into Users_Orgs (userId, organizationId) values (612, 51)
go

insert into Users_Roles values (612, 17)
go

insert into User_ (userId, companyId, createDate, modifiedDate, defaultUser, contactId, password_, passwordEncrypted, passwordReset, screenName, emailAddress, greeting, firstName, middleName, lastName, loginDate, failedLoginAttempts, agreedToTermsOfUse, active_) values (617, 1, getdate(), getdate(), 0, 618, 'test', 0, 0, 'sfo6', 'test.sfo.6@liferay.com', 'Welcome Test SFO 6!', 'Test', '', 'SFO 6', getdate(), 0, 1, 1)
go
insert into Contact_ (contactId, companyId, userId, userName, createDate, modifiedDate, accountId, parentContactId, firstName, middleName, lastName, male, birthday) values (618, 1, 2, 'Joe Bloggs', getdate(), getdate(), 7, 0, 'Test', '', 'SFO 6', 1, '19700101')
go

insert into Group_ (groupId, companyId, creatorUserId, classNameId, classPK, parentGroupId, liveGroupId, name, friendlyURL, active_) values (619, 1, 617, 12, 617, 0, 0, '619', '/sfo6', 1)
go
insert into LayoutSet (layoutSetId, companyId, groupId, privateLayout, logo, themeId, colorSchemeId, pageCount) values (620, 1, 619, 1, 0, 'classic', '01', 0)
go
insert into LayoutSet (layoutSetId, companyId, groupId, privateLayout, logo, themeId, colorSchemeId, pageCount) values (621, 1, 619, 0, 0, 'classic', '01', 0)
go

insert into Users_Groups values (617, 18)
go

insert into Users_Orgs (userId, organizationId) values (617, 21)
go
insert into Users_Orgs (userId, organizationId) values (617, 51)
go

insert into Users_Roles values (617, 17)
go

insert into User_ (userId, companyId, createDate, modifiedDate, defaultUser, contactId, password_, passwordEncrypted, passwordReset, screenName, emailAddress, greeting, firstName, middleName, lastName, loginDate, failedLoginAttempts, agreedToTermsOfUse, active_) values (622, 1, getdate(), getdate(), 0, 623, 'test', 0, 0, 'sfo7', 'test.sfo.7@liferay.com', 'Welcome Test SFO 7!', 'Test', '', 'SFO 7', getdate(), 0, 1, 1)
go
insert into Contact_ (contactId, companyId, userId, userName, createDate, modifiedDate, accountId, parentContactId, firstName, middleName, lastName, male, birthday) values (623, 1, 2, 'Joe Bloggs', getdate(), getdate(), 7, 0, 'Test', '', 'SFO 7', 1, '19700101')
go

insert into Group_ (groupId, companyId, creatorUserId, classNameId, classPK, parentGroupId, liveGroupId, name, friendlyURL, active_) values (624, 1, 622, 12, 622, 0, 0, '624', '/sfo7', 1)
go
insert into LayoutSet (layoutSetId, companyId, groupId, privateLayout, logo, themeId, colorSchemeId, pageCount) values (625, 1, 624, 1, 0, 'classic', '01', 0)
go
insert into LayoutSet (layoutSetId, companyId, groupId, privateLayout, logo, themeId, colorSchemeId, pageCount) values (626, 1, 624, 0, 0, 'classic', '01', 0)
go

insert into Users_Groups values (622, 18)
go

insert into Users_Orgs (userId, organizationId) values (622, 21)
go
insert into Users_Orgs (userId, organizationId) values (622, 51)
go

insert into Users_Roles values (622, 17)
go

insert into User_ (userId, companyId, createDate, modifiedDate, defaultUser, contactId, password_, passwordEncrypted, passwordReset, screenName, emailAddress, greeting, firstName, middleName, lastName, loginDate, failedLoginAttempts, agreedToTermsOfUse, active_) values (627, 1, getdate(), getdate(), 0, 628, 'test', 0, 0, 'sfo8', 'test.sfo.8@liferay.com', 'Welcome Test SFO 8!', 'Test', '', 'SFO 8', getdate(), 0, 1, 1)
go
insert into Contact_ (contactId, companyId, userId, userName, createDate, modifiedDate, accountId, parentContactId, firstName, middleName, lastName, male, birthday) values (628, 1, 2, 'Joe Bloggs', getdate(), getdate(), 7, 0, 'Test', '', 'SFO 8', 1, '19700101')
go

insert into Group_ (groupId, companyId, creatorUserId, classNameId, classPK, parentGroupId, liveGroupId, name, friendlyURL, active_) values (629, 1, 627, 12, 627, 0, 0, '629', '/sfo8', 1)
go
insert into LayoutSet (layoutSetId, companyId, groupId, privateLayout, logo, themeId, colorSchemeId, pageCount) values (630, 1, 629, 1, 0, 'classic', '01', 0)
go
insert into LayoutSet (layoutSetId, companyId, groupId, privateLayout, logo, themeId, colorSchemeId, pageCount) values (631, 1, 629, 0, 0, 'classic', '01', 0)
go

insert into Users_Groups values (627, 18)
go

insert into Users_Orgs (userId, organizationId) values (627, 21)
go
insert into Users_Orgs (userId, organizationId) values (627, 51)
go

insert into Users_Roles values (627, 17)
go

insert into User_ (userId, companyId, createDate, modifiedDate, defaultUser, contactId, password_, passwordEncrypted, passwordReset, screenName, emailAddress, greeting, firstName, middleName, lastName, loginDate, failedLoginAttempts, agreedToTermsOfUse, active_) values (632, 1, getdate(), getdate(), 0, 633, 'test', 0, 0, 'sfo9', 'test.sfo.9@liferay.com', 'Welcome Test SFO 9!', 'Test', '', 'SFO 9', getdate(), 0, 1, 1)
go
insert into Contact_ (contactId, companyId, userId, userName, createDate, modifiedDate, accountId, parentContactId, firstName, middleName, lastName, male, birthday) values (633, 1, 2, 'Joe Bloggs', getdate(), getdate(), 7, 0, 'Test', '', 'SFO 9', 1, '19700101')
go

insert into Group_ (groupId, companyId, creatorUserId, classNameId, classPK, parentGroupId, liveGroupId, name, friendlyURL, active_) values (634, 1, 632, 12, 632, 0, 0, '634', '/sfo9', 1)
go
insert into LayoutSet (layoutSetId, companyId, groupId, privateLayout, logo, themeId, colorSchemeId, pageCount) values (635, 1, 634, 1, 0, 'classic', '01', 0)
go
insert into LayoutSet (layoutSetId, companyId, groupId, privateLayout, logo, themeId, colorSchemeId, pageCount) values (636, 1, 634, 0, 0, 'classic', '01', 0)
go

insert into Users_Groups values (632, 18)
go

insert into Users_Orgs (userId, organizationId) values (632, 21)
go
insert into Users_Orgs (userId, organizationId) values (632, 51)
go

insert into Users_Roles values (632, 17)
go

insert into User_ (userId, companyId, createDate, modifiedDate, defaultUser, contactId, password_, passwordEncrypted, passwordReset, screenName, emailAddress, greeting, firstName, middleName, lastName, loginDate, failedLoginAttempts, agreedToTermsOfUse, active_) values (637, 1, getdate(), getdate(), 0, 638, 'test', 0, 0, 'sfo10', 'test.sfo.10@liferay.com', 'Welcome Test SFO 10!', 'Test', '', 'SFO 10', getdate(), 0, 1, 1)
go
insert into Contact_ (contactId, companyId, userId, userName, createDate, modifiedDate, accountId, parentContactId, firstName, middleName, lastName, male, birthday) values (638, 1, 2, 'Joe Bloggs', getdate(), getdate(), 7, 0, 'Test', '', 'SFO 10', 1, '19700101')
go

insert into Group_ (groupId, companyId, creatorUserId, classNameId, classPK, parentGroupId, liveGroupId, name, friendlyURL, active_) values (639, 1, 637, 12, 637, 0, 0, '639', '/sfo10', 1)
go
insert into LayoutSet (layoutSetId, companyId, groupId, privateLayout, logo, themeId, colorSchemeId, pageCount) values (640, 1, 639, 1, 0, 'classic', '01', 0)
go
insert into LayoutSet (layoutSetId, companyId, groupId, privateLayout, logo, themeId, colorSchemeId, pageCount) values (641, 1, 639, 0, 0, 'classic', '01', 0)
go

insert into Users_Groups values (637, 18)
go

insert into Users_Orgs (userId, organizationId) values (637, 21)
go
insert into Users_Orgs (userId, organizationId) values (637, 51)
go

insert into Users_Roles values (637, 17)
go

insert into User_ (userId, companyId, createDate, modifiedDate, defaultUser, contactId, password_, passwordEncrypted, passwordReset, screenName, emailAddress, greeting, firstName, middleName, lastName, loginDate, failedLoginAttempts, agreedToTermsOfUse, active_) values (642, 1, getdate(), getdate(), 0, 643, 'test', 0, 0, 'ord1', 'test.ord.1@liferay.com', 'Welcome Test ORD 1!', 'Test', '', 'ORD 1', getdate(), 0, 1, 1)
go
insert into Contact_ (contactId, companyId, userId, userName, createDate, modifiedDate, accountId, parentContactId, firstName, middleName, lastName, male, birthday) values (643, 1, 2, 'Joe Bloggs', getdate(), getdate(), 7, 0, 'Test', '', 'ORD 1', 1, '19700101')
go

insert into Group_ (groupId, companyId, creatorUserId, classNameId, classPK, parentGroupId, liveGroupId, name, friendlyURL, active_) values (644, 1, 642, 12, 642, 0, 0, '644', '/ord1', 1)
go
insert into LayoutSet (layoutSetId, companyId, groupId, privateLayout, logo, themeId, colorSchemeId, pageCount) values (645, 1, 644, 1, 0, 'classic', '01', 0)
go
insert into LayoutSet (layoutSetId, companyId, groupId, privateLayout, logo, themeId, colorSchemeId, pageCount) values (646, 1, 644, 0, 0, 'classic', '01', 0)
go

insert into Users_Groups values (642, 18)
go

insert into Users_Orgs (userId, organizationId) values (642, 21)
go
insert into Users_Orgs (userId, organizationId) values (642, 55)
go

insert into Users_Roles values (642, 17)
go

insert into User_ (userId, companyId, createDate, modifiedDate, defaultUser, contactId, password_, passwordEncrypted, passwordReset, screenName, emailAddress, greeting, firstName, middleName, lastName, loginDate, failedLoginAttempts, agreedToTermsOfUse, active_) values (647, 1, getdate(), getdate(), 0, 648, 'test', 0, 0, 'ord2', 'test.ord.2@liferay.com', 'Welcome Test ORD 2!', 'Test', '', 'ORD 2', getdate(), 0, 1, 1)
go
insert into Contact_ (contactId, companyId, userId, userName, createDate, modifiedDate, accountId, parentContactId, firstName, middleName, lastName, male, birthday) values (648, 1, 2, 'Joe Bloggs', getdate(), getdate(), 7, 0, 'Test', '', 'ORD 2', 1, '19700101')
go

insert into Group_ (groupId, companyId, creatorUserId, classNameId, classPK, parentGroupId, liveGroupId, name, friendlyURL, active_) values (649, 1, 647, 12, 647, 0, 0, '649', '/ord2', 1)
go
insert into LayoutSet (layoutSetId, companyId, groupId, privateLayout, logo, themeId, colorSchemeId, pageCount) values (650, 1, 649, 1, 0, 'classic', '01', 0)
go
insert into LayoutSet (layoutSetId, companyId, groupId, privateLayout, logo, themeId, colorSchemeId, pageCount) values (651, 1, 649, 0, 0, 'classic', '01', 0)
go

insert into Users_Groups values (647, 18)
go

insert into Users_Orgs (userId, organizationId) values (647, 21)
go
insert into Users_Orgs (userId, organizationId) values (647, 55)
go

insert into Users_Roles values (647, 17)
go

insert into User_ (userId, companyId, createDate, modifiedDate, defaultUser, contactId, password_, passwordEncrypted, passwordReset, screenName, emailAddress, greeting, firstName, middleName, lastName, loginDate, failedLoginAttempts, agreedToTermsOfUse, active_) values (652, 1, getdate(), getdate(), 0, 653, 'test', 0, 0, 'ord3', 'test.ord.3@liferay.com', 'Welcome Test ORD 3!', 'Test', '', 'ORD 3', getdate(), 0, 1, 1)
go
insert into Contact_ (contactId, companyId, userId, userName, createDate, modifiedDate, accountId, parentContactId, firstName, middleName, lastName, male, birthday) values (653, 1, 2, 'Joe Bloggs', getdate(), getdate(), 7, 0, 'Test', '', 'ORD 3', 1, '19700101')
go

insert into Group_ (groupId, companyId, creatorUserId, classNameId, classPK, parentGroupId, liveGroupId, name, friendlyURL, active_) values (654, 1, 652, 12, 652, 0, 0, '654', '/ord3', 1)
go
insert into LayoutSet (layoutSetId, companyId, groupId, privateLayout, logo, themeId, colorSchemeId, pageCount) values (655, 1, 654, 1, 0, 'classic', '01', 0)
go
insert into LayoutSet (layoutSetId, companyId, groupId, privateLayout, logo, themeId, colorSchemeId, pageCount) values (656, 1, 654, 0, 0, 'classic', '01', 0)
go

insert into Users_Groups values (652, 18)
go

insert into Users_Orgs (userId, organizationId) values (652, 21)
go
insert into Users_Orgs (userId, organizationId) values (652, 55)
go

insert into Users_Roles values (652, 17)
go

insert into User_ (userId, companyId, createDate, modifiedDate, defaultUser, contactId, password_, passwordEncrypted, passwordReset, screenName, emailAddress, greeting, firstName, middleName, lastName, loginDate, failedLoginAttempts, agreedToTermsOfUse, active_) values (657, 1, getdate(), getdate(), 0, 658, 'test', 0, 0, 'ord4', 'test.ord.4@liferay.com', 'Welcome Test ORD 4!', 'Test', '', 'ORD 4', getdate(), 0, 1, 1)
go
insert into Contact_ (contactId, companyId, userId, userName, createDate, modifiedDate, accountId, parentContactId, firstName, middleName, lastName, male, birthday) values (658, 1, 2, 'Joe Bloggs', getdate(), getdate(), 7, 0, 'Test', '', 'ORD 4', 1, '19700101')
go

insert into Group_ (groupId, companyId, creatorUserId, classNameId, classPK, parentGroupId, liveGroupId, name, friendlyURL, active_) values (659, 1, 657, 12, 657, 0, 0, '659', '/ord4', 1)
go
insert into LayoutSet (layoutSetId, companyId, groupId, privateLayout, logo, themeId, colorSchemeId, pageCount) values (660, 1, 659, 1, 0, 'classic', '01', 0)
go
insert into LayoutSet (layoutSetId, companyId, groupId, privateLayout, logo, themeId, colorSchemeId, pageCount) values (661, 1, 659, 0, 0, 'classic', '01', 0)
go

insert into Users_Groups values (657, 18)
go

insert into Users_Orgs (userId, organizationId) values (657, 21)
go
insert into Users_Orgs (userId, organizationId) values (657, 55)
go

insert into Users_Roles values (657, 17)
go

insert into User_ (userId, companyId, createDate, modifiedDate, defaultUser, contactId, password_, passwordEncrypted, passwordReset, screenName, emailAddress, greeting, firstName, middleName, lastName, loginDate, failedLoginAttempts, agreedToTermsOfUse, active_) values (662, 1, getdate(), getdate(), 0, 663, 'test', 0, 0, 'ord5', 'test.ord.5@liferay.com', 'Welcome Test ORD 5!', 'Test', '', 'ORD 5', getdate(), 0, 1, 1)
go
insert into Contact_ (contactId, companyId, userId, userName, createDate, modifiedDate, accountId, parentContactId, firstName, middleName, lastName, male, birthday) values (663, 1, 2, 'Joe Bloggs', getdate(), getdate(), 7, 0, 'Test', '', 'ORD 5', 1, '19700101')
go

insert into Group_ (groupId, companyId, creatorUserId, classNameId, classPK, parentGroupId, liveGroupId, name, friendlyURL, active_) values (664, 1, 662, 12, 662, 0, 0, '664', '/ord5', 1)
go
insert into LayoutSet (layoutSetId, companyId, groupId, privateLayout, logo, themeId, colorSchemeId, pageCount) values (665, 1, 664, 1, 0, 'classic', '01', 0)
go
insert into LayoutSet (layoutSetId, companyId, groupId, privateLayout, logo, themeId, colorSchemeId, pageCount) values (666, 1, 664, 0, 0, 'classic', '01', 0)
go

insert into Users_Groups values (662, 18)
go

insert into Users_Orgs (userId, organizationId) values (662, 21)
go
insert into Users_Orgs (userId, organizationId) values (662, 55)
go

insert into Users_Roles values (662, 17)
go

insert into User_ (userId, companyId, createDate, modifiedDate, defaultUser, contactId, password_, passwordEncrypted, passwordReset, screenName, emailAddress, greeting, firstName, middleName, lastName, loginDate, failedLoginAttempts, agreedToTermsOfUse, active_) values (667, 1, getdate(), getdate(), 0, 668, 'test', 0, 0, 'ord6', 'test.ord.6@liferay.com', 'Welcome Test ORD 6!', 'Test', '', 'ORD 6', getdate(), 0, 1, 1)
go
insert into Contact_ (contactId, companyId, userId, userName, createDate, modifiedDate, accountId, parentContactId, firstName, middleName, lastName, male, birthday) values (668, 1, 2, 'Joe Bloggs', getdate(), getdate(), 7, 0, 'Test', '', 'ORD 6', 1, '19700101')
go

insert into Group_ (groupId, companyId, creatorUserId, classNameId, classPK, parentGroupId, liveGroupId, name, friendlyURL, active_) values (669, 1, 667, 12, 667, 0, 0, '669', '/ord6', 1)
go
insert into LayoutSet (layoutSetId, companyId, groupId, privateLayout, logo, themeId, colorSchemeId, pageCount) values (670, 1, 669, 1, 0, 'classic', '01', 0)
go
insert into LayoutSet (layoutSetId, companyId, groupId, privateLayout, logo, themeId, colorSchemeId, pageCount) values (671, 1, 669, 0, 0, 'classic', '01', 0)
go

insert into Users_Groups values (667, 18)
go

insert into Users_Orgs (userId, organizationId) values (667, 21)
go
insert into Users_Orgs (userId, organizationId) values (667, 55)
go

insert into Users_Roles values (667, 17)
go

insert into User_ (userId, companyId, createDate, modifiedDate, defaultUser, contactId, password_, passwordEncrypted, passwordReset, screenName, emailAddress, greeting, firstName, middleName, lastName, loginDate, failedLoginAttempts, agreedToTermsOfUse, active_) values (672, 1, getdate(), getdate(), 0, 673, 'test', 0, 0, 'ord7', 'test.ord.7@liferay.com', 'Welcome Test ORD 7!', 'Test', '', 'ORD 7', getdate(), 0, 1, 1)
go
insert into Contact_ (contactId, companyId, userId, userName, createDate, modifiedDate, accountId, parentContactId, firstName, middleName, lastName, male, birthday) values (673, 1, 2, 'Joe Bloggs', getdate(), getdate(), 7, 0, 'Test', '', 'ORD 7', 1, '19700101')
go

insert into Group_ (groupId, companyId, creatorUserId, classNameId, classPK, parentGroupId, liveGroupId, name, friendlyURL, active_) values (674, 1, 672, 12, 672, 0, 0, '674', '/ord7', 1)
go
insert into LayoutSet (layoutSetId, companyId, groupId, privateLayout, logo, themeId, colorSchemeId, pageCount) values (675, 1, 674, 1, 0, 'classic', '01', 0)
go
insert into LayoutSet (layoutSetId, companyId, groupId, privateLayout, logo, themeId, colorSchemeId, pageCount) values (676, 1, 674, 0, 0, 'classic', '01', 0)
go

insert into Users_Groups values (672, 18)
go

insert into Users_Orgs (userId, organizationId) values (672, 21)
go
insert into Users_Orgs (userId, organizationId) values (672, 55)
go

insert into Users_Roles values (672, 17)
go

insert into User_ (userId, companyId, createDate, modifiedDate, defaultUser, contactId, password_, passwordEncrypted, passwordReset, screenName, emailAddress, greeting, firstName, middleName, lastName, loginDate, failedLoginAttempts, agreedToTermsOfUse, active_) values (677, 1, getdate(), getdate(), 0, 678, 'test', 0, 0, 'ord8', 'test.ord.8@liferay.com', 'Welcome Test ORD 8!', 'Test', '', 'ORD 8', getdate(), 0, 1, 1)
go
insert into Contact_ (contactId, companyId, userId, userName, createDate, modifiedDate, accountId, parentContactId, firstName, middleName, lastName, male, birthday) values (678, 1, 2, 'Joe Bloggs', getdate(), getdate(), 7, 0, 'Test', '', 'ORD 8', 1, '19700101')
go

insert into Group_ (groupId, companyId, creatorUserId, classNameId, classPK, parentGroupId, liveGroupId, name, friendlyURL, active_) values (679, 1, 677, 12, 677, 0, 0, '679', '/ord8', 1)
go
insert into LayoutSet (layoutSetId, companyId, groupId, privateLayout, logo, themeId, colorSchemeId, pageCount) values (680, 1, 679, 1, 0, 'classic', '01', 0)
go
insert into LayoutSet (layoutSetId, companyId, groupId, privateLayout, logo, themeId, colorSchemeId, pageCount) values (681, 1, 679, 0, 0, 'classic', '01', 0)
go

insert into Users_Groups values (677, 18)
go

insert into Users_Orgs (userId, organizationId) values (677, 21)
go
insert into Users_Orgs (userId, organizationId) values (677, 55)
go

insert into Users_Roles values (677, 17)
go

insert into User_ (userId, companyId, createDate, modifiedDate, defaultUser, contactId, password_, passwordEncrypted, passwordReset, screenName, emailAddress, greeting, firstName, middleName, lastName, loginDate, failedLoginAttempts, agreedToTermsOfUse, active_) values (682, 1, getdate(), getdate(), 0, 683, 'test', 0, 0, 'ord9', 'test.ord.9@liferay.com', 'Welcome Test ORD 9!', 'Test', '', 'ORD 9', getdate(), 0, 1, 1)
go
insert into Contact_ (contactId, companyId, userId, userName, createDate, modifiedDate, accountId, parentContactId, firstName, middleName, lastName, male, birthday) values (683, 1, 2, 'Joe Bloggs', getdate(), getdate(), 7, 0, 'Test', '', 'ORD 9', 1, '19700101')
go

insert into Group_ (groupId, companyId, creatorUserId, classNameId, classPK, parentGroupId, liveGroupId, name, friendlyURL, active_) values (684, 1, 682, 12, 682, 0, 0, '684', '/ord9', 1)
go
insert into LayoutSet (layoutSetId, companyId, groupId, privateLayout, logo, themeId, colorSchemeId, pageCount) values (685, 1, 684, 1, 0, 'classic', '01', 0)
go
insert into LayoutSet (layoutSetId, companyId, groupId, privateLayout, logo, themeId, colorSchemeId, pageCount) values (686, 1, 684, 0, 0, 'classic', '01', 0)
go

insert into Users_Groups values (682, 18)
go

insert into Users_Orgs (userId, organizationId) values (682, 21)
go
insert into Users_Orgs (userId, organizationId) values (682, 55)
go

insert into Users_Roles values (682, 17)
go

insert into User_ (userId, companyId, createDate, modifiedDate, defaultUser, contactId, password_, passwordEncrypted, passwordReset, screenName, emailAddress, greeting, firstName, middleName, lastName, loginDate, failedLoginAttempts, agreedToTermsOfUse, active_) values (687, 1, getdate(), getdate(), 0, 688, 'test', 0, 0, 'ord10', 'test.ord.10@liferay.com', 'Welcome Test ORD 10!', 'Test', '', 'ORD 10', getdate(), 0, 1, 1)
go
insert into Contact_ (contactId, companyId, userId, userName, createDate, modifiedDate, accountId, parentContactId, firstName, middleName, lastName, male, birthday) values (688, 1, 2, 'Joe Bloggs', getdate(), getdate(), 7, 0, 'Test', '', 'ORD 10', 1, '19700101')
go

insert into Group_ (groupId, companyId, creatorUserId, classNameId, classPK, parentGroupId, liveGroupId, name, friendlyURL, active_) values (689, 1, 687, 12, 687, 0, 0, '689', '/ord10', 1)
go
insert into LayoutSet (layoutSetId, companyId, groupId, privateLayout, logo, themeId, colorSchemeId, pageCount) values (690, 1, 689, 1, 0, 'classic', '01', 0)
go
insert into LayoutSet (layoutSetId, companyId, groupId, privateLayout, logo, themeId, colorSchemeId, pageCount) values (691, 1, 689, 0, 0, 'classic', '01', 0)
go

insert into Users_Groups values (687, 18)
go

insert into Users_Orgs (userId, organizationId) values (687, 21)
go
insert into Users_Orgs (userId, organizationId) values (687, 55)
go

insert into Users_Roles values (687, 17)
go

insert into User_ (userId, companyId, createDate, modifiedDate, defaultUser, contactId, password_, passwordEncrypted, passwordReset, screenName, emailAddress, greeting, firstName, middleName, lastName, loginDate, failedLoginAttempts, agreedToTermsOfUse, active_) values (692, 1, getdate(), getdate(), 0, 693, 'test', 0, 0, 'nyc1', 'test.nyc.1@liferay.com', 'Welcome Test NYC 1!', 'Test', '', 'NYC 1', getdate(), 0, 1, 1)
go
insert into Contact_ (contactId, companyId, userId, userName, createDate, modifiedDate, accountId, parentContactId, firstName, middleName, lastName, male, birthday) values (693, 1, 2, 'Joe Bloggs', getdate(), getdate(), 7, 0, 'Test', '', 'NYC 1', 1, '19700101')
go

insert into Group_ (groupId, companyId, creatorUserId, classNameId, classPK, parentGroupId, liveGroupId, name, friendlyURL, active_) values (694, 1, 692, 12, 692, 0, 0, '694', '/nyc1', 1)
go
insert into LayoutSet (layoutSetId, companyId, groupId, privateLayout, logo, themeId, colorSchemeId, pageCount) values (695, 1, 694, 1, 0, 'classic', '01', 0)
go
insert into LayoutSet (layoutSetId, companyId, groupId, privateLayout, logo, themeId, colorSchemeId, pageCount) values (696, 1, 694, 0, 0, 'classic', '01', 0)
go

insert into Users_Groups values (692, 18)
go

insert into Users_Orgs (userId, organizationId) values (692, 21)
go
insert into Users_Orgs (userId, organizationId) values (692, 59)
go

insert into Users_Roles values (692, 17)
go

insert into User_ (userId, companyId, createDate, modifiedDate, defaultUser, contactId, password_, passwordEncrypted, passwordReset, screenName, emailAddress, greeting, firstName, middleName, lastName, loginDate, failedLoginAttempts, agreedToTermsOfUse, active_) values (697, 1, getdate(), getdate(), 0, 698, 'test', 0, 0, 'nyc2', 'test.nyc.2@liferay.com', 'Welcome Test NYC 2!', 'Test', '', 'NYC 2', getdate(), 0, 1, 1)
go
insert into Contact_ (contactId, companyId, userId, userName, createDate, modifiedDate, accountId, parentContactId, firstName, middleName, lastName, male, birthday) values (698, 1, 2, 'Joe Bloggs', getdate(), getdate(), 7, 0, 'Test', '', 'NYC 2', 1, '19700101')
go

insert into Group_ (groupId, companyId, creatorUserId, classNameId, classPK, parentGroupId, liveGroupId, name, friendlyURL, active_) values (699, 1, 697, 12, 697, 0, 0, '699', '/nyc2', 1)
go
insert into LayoutSet (layoutSetId, companyId, groupId, privateLayout, logo, themeId, colorSchemeId, pageCount) values (700, 1, 699, 1, 0, 'classic', '01', 0)
go
insert into LayoutSet (layoutSetId, companyId, groupId, privateLayout, logo, themeId, colorSchemeId, pageCount) values (701, 1, 699, 0, 0, 'classic', '01', 0)
go

insert into Users_Groups values (697, 18)
go

insert into Users_Orgs (userId, organizationId) values (697, 21)
go
insert into Users_Orgs (userId, organizationId) values (697, 59)
go

insert into Users_Roles values (697, 17)
go

insert into User_ (userId, companyId, createDate, modifiedDate, defaultUser, contactId, password_, passwordEncrypted, passwordReset, screenName, emailAddress, greeting, firstName, middleName, lastName, loginDate, failedLoginAttempts, agreedToTermsOfUse, active_) values (702, 1, getdate(), getdate(), 0, 703, 'test', 0, 0, 'nyc3', 'test.nyc.3@liferay.com', 'Welcome Test NYC 3!', 'Test', '', 'NYC 3', getdate(), 0, 1, 1)
go
insert into Contact_ (contactId, companyId, userId, userName, createDate, modifiedDate, accountId, parentContactId, firstName, middleName, lastName, male, birthday) values (703, 1, 2, 'Joe Bloggs', getdate(), getdate(), 7, 0, 'Test', '', 'NYC 3', 1, '19700101')
go

insert into Group_ (groupId, companyId, creatorUserId, classNameId, classPK, parentGroupId, liveGroupId, name, friendlyURL, active_) values (704, 1, 702, 12, 702, 0, 0, '704', '/nyc3', 1)
go
insert into LayoutSet (layoutSetId, companyId, groupId, privateLayout, logo, themeId, colorSchemeId, pageCount) values (705, 1, 704, 1, 0, 'classic', '01', 0)
go
insert into LayoutSet (layoutSetId, companyId, groupId, privateLayout, logo, themeId, colorSchemeId, pageCount) values (706, 1, 704, 0, 0, 'classic', '01', 0)
go

insert into Users_Groups values (702, 18)
go

insert into Users_Orgs (userId, organizationId) values (702, 21)
go
insert into Users_Orgs (userId, organizationId) values (702, 59)
go

insert into Users_Roles values (702, 17)
go

insert into User_ (userId, companyId, createDate, modifiedDate, defaultUser, contactId, password_, passwordEncrypted, passwordReset, screenName, emailAddress, greeting, firstName, middleName, lastName, loginDate, failedLoginAttempts, agreedToTermsOfUse, active_) values (707, 1, getdate(), getdate(), 0, 708, 'test', 0, 0, 'nyc4', 'test.nyc.4@liferay.com', 'Welcome Test NYC 4!', 'Test', '', 'NYC 4', getdate(), 0, 1, 1)
go
insert into Contact_ (contactId, companyId, userId, userName, createDate, modifiedDate, accountId, parentContactId, firstName, middleName, lastName, male, birthday) values (708, 1, 2, 'Joe Bloggs', getdate(), getdate(), 7, 0, 'Test', '', 'NYC 4', 1, '19700101')
go

insert into Group_ (groupId, companyId, creatorUserId, classNameId, classPK, parentGroupId, liveGroupId, name, friendlyURL, active_) values (709, 1, 707, 12, 707, 0, 0, '709', '/nyc4', 1)
go
insert into LayoutSet (layoutSetId, companyId, groupId, privateLayout, logo, themeId, colorSchemeId, pageCount) values (710, 1, 709, 1, 0, 'classic', '01', 0)
go
insert into LayoutSet (layoutSetId, companyId, groupId, privateLayout, logo, themeId, colorSchemeId, pageCount) values (711, 1, 709, 0, 0, 'classic', '01', 0)
go

insert into Users_Groups values (707, 18)
go

insert into Users_Orgs (userId, organizationId) values (707, 21)
go
insert into Users_Orgs (userId, organizationId) values (707, 59)
go

insert into Users_Roles values (707, 17)
go

insert into User_ (userId, companyId, createDate, modifiedDate, defaultUser, contactId, password_, passwordEncrypted, passwordReset, screenName, emailAddress, greeting, firstName, middleName, lastName, loginDate, failedLoginAttempts, agreedToTermsOfUse, active_) values (712, 1, getdate(), getdate(), 0, 713, 'test', 0, 0, 'nyc5', 'test.nyc.5@liferay.com', 'Welcome Test NYC 5!', 'Test', '', 'NYC 5', getdate(), 0, 1, 1)
go
insert into Contact_ (contactId, companyId, userId, userName, createDate, modifiedDate, accountId, parentContactId, firstName, middleName, lastName, male, birthday) values (713, 1, 2, 'Joe Bloggs', getdate(), getdate(), 7, 0, 'Test', '', 'NYC 5', 1, '19700101')
go

insert into Group_ (groupId, companyId, creatorUserId, classNameId, classPK, parentGroupId, liveGroupId, name, friendlyURL, active_) values (714, 1, 712, 12, 712, 0, 0, '714', '/nyc5', 1)
go
insert into LayoutSet (layoutSetId, companyId, groupId, privateLayout, logo, themeId, colorSchemeId, pageCount) values (715, 1, 714, 1, 0, 'classic', '01', 0)
go
insert into LayoutSet (layoutSetId, companyId, groupId, privateLayout, logo, themeId, colorSchemeId, pageCount) values (716, 1, 714, 0, 0, 'classic', '01', 0)
go

insert into Users_Groups values (712, 18)
go

insert into Users_Orgs (userId, organizationId) values (712, 21)
go
insert into Users_Orgs (userId, organizationId) values (712, 59)
go

insert into Users_Roles values (712, 17)
go

insert into User_ (userId, companyId, createDate, modifiedDate, defaultUser, contactId, password_, passwordEncrypted, passwordReset, screenName, emailAddress, greeting, firstName, middleName, lastName, loginDate, failedLoginAttempts, agreedToTermsOfUse, active_) values (717, 1, getdate(), getdate(), 0, 718, 'test', 0, 0, 'nyc6', 'test.nyc.6@liferay.com', 'Welcome Test NYC 6!', 'Test', '', 'NYC 6', getdate(), 0, 1, 1)
go
insert into Contact_ (contactId, companyId, userId, userName, createDate, modifiedDate, accountId, parentContactId, firstName, middleName, lastName, male, birthday) values (718, 1, 2, 'Joe Bloggs', getdate(), getdate(), 7, 0, 'Test', '', 'NYC 6', 1, '19700101')
go

insert into Group_ (groupId, companyId, creatorUserId, classNameId, classPK, parentGroupId, liveGroupId, name, friendlyURL, active_) values (719, 1, 717, 12, 717, 0, 0, '719', '/nyc6', 1)
go
insert into LayoutSet (layoutSetId, companyId, groupId, privateLayout, logo, themeId, colorSchemeId, pageCount) values (720, 1, 719, 1, 0, 'classic', '01', 0)
go
insert into LayoutSet (layoutSetId, companyId, groupId, privateLayout, logo, themeId, colorSchemeId, pageCount) values (721, 1, 719, 0, 0, 'classic', '01', 0)
go

insert into Users_Groups values (717, 18)
go

insert into Users_Orgs (userId, organizationId) values (717, 21)
go
insert into Users_Orgs (userId, organizationId) values (717, 59)
go

insert into Users_Roles values (717, 17)
go

insert into User_ (userId, companyId, createDate, modifiedDate, defaultUser, contactId, password_, passwordEncrypted, passwordReset, screenName, emailAddress, greeting, firstName, middleName, lastName, loginDate, failedLoginAttempts, agreedToTermsOfUse, active_) values (722, 1, getdate(), getdate(), 0, 723, 'test', 0, 0, 'nyc7', 'test.nyc.7@liferay.com', 'Welcome Test NYC 7!', 'Test', '', 'NYC 7', getdate(), 0, 1, 1)
go
insert into Contact_ (contactId, companyId, userId, userName, createDate, modifiedDate, accountId, parentContactId, firstName, middleName, lastName, male, birthday) values (723, 1, 2, 'Joe Bloggs', getdate(), getdate(), 7, 0, 'Test', '', 'NYC 7', 1, '19700101')
go

insert into Group_ (groupId, companyId, creatorUserId, classNameId, classPK, parentGroupId, liveGroupId, name, friendlyURL, active_) values (724, 1, 722, 12, 722, 0, 0, '724', '/nyc7', 1)
go
insert into LayoutSet (layoutSetId, companyId, groupId, privateLayout, logo, themeId, colorSchemeId, pageCount) values (725, 1, 724, 1, 0, 'classic', '01', 0)
go
insert into LayoutSet (layoutSetId, companyId, groupId, privateLayout, logo, themeId, colorSchemeId, pageCount) values (726, 1, 724, 0, 0, 'classic', '01', 0)
go

insert into Users_Groups values (722, 18)
go

insert into Users_Orgs (userId, organizationId) values (722, 21)
go
insert into Users_Orgs (userId, organizationId) values (722, 59)
go

insert into Users_Roles values (722, 17)
go

insert into User_ (userId, companyId, createDate, modifiedDate, defaultUser, contactId, password_, passwordEncrypted, passwordReset, screenName, emailAddress, greeting, firstName, middleName, lastName, loginDate, failedLoginAttempts, agreedToTermsOfUse, active_) values (727, 1, getdate(), getdate(), 0, 728, 'test', 0, 0, 'nyc8', 'test.nyc.8@liferay.com', 'Welcome Test NYC 8!', 'Test', '', 'NYC 8', getdate(), 0, 1, 1)
go
insert into Contact_ (contactId, companyId, userId, userName, createDate, modifiedDate, accountId, parentContactId, firstName, middleName, lastName, male, birthday) values (728, 1, 2, 'Joe Bloggs', getdate(), getdate(), 7, 0, 'Test', '', 'NYC 8', 1, '19700101')
go

insert into Group_ (groupId, companyId, creatorUserId, classNameId, classPK, parentGroupId, liveGroupId, name, friendlyURL, active_) values (729, 1, 727, 12, 727, 0, 0, '729', '/nyc8', 1)
go
insert into LayoutSet (layoutSetId, companyId, groupId, privateLayout, logo, themeId, colorSchemeId, pageCount) values (730, 1, 729, 1, 0, 'classic', '01', 0)
go
insert into LayoutSet (layoutSetId, companyId, groupId, privateLayout, logo, themeId, colorSchemeId, pageCount) values (731, 1, 729, 0, 0, 'classic', '01', 0)
go

insert into Users_Groups values (727, 18)
go

insert into Users_Orgs (userId, organizationId) values (727, 21)
go
insert into Users_Orgs (userId, organizationId) values (727, 59)
go

insert into Users_Roles values (727, 17)
go

insert into User_ (userId, companyId, createDate, modifiedDate, defaultUser, contactId, password_, passwordEncrypted, passwordReset, screenName, emailAddress, greeting, firstName, middleName, lastName, loginDate, failedLoginAttempts, agreedToTermsOfUse, active_) values (732, 1, getdate(), getdate(), 0, 733, 'test', 0, 0, 'nyc9', 'test.nyc.9@liferay.com', 'Welcome Test NYC 9!', 'Test', '', 'NYC 9', getdate(), 0, 1, 1)
go
insert into Contact_ (contactId, companyId, userId, userName, createDate, modifiedDate, accountId, parentContactId, firstName, middleName, lastName, male, birthday) values (733, 1, 2, 'Joe Bloggs', getdate(), getdate(), 7, 0, 'Test', '', 'NYC 9', 1, '19700101')
go

insert into Group_ (groupId, companyId, creatorUserId, classNameId, classPK, parentGroupId, liveGroupId, name, friendlyURL, active_) values (734, 1, 732, 12, 732, 0, 0, '734', '/nyc9', 1)
go
insert into LayoutSet (layoutSetId, companyId, groupId, privateLayout, logo, themeId, colorSchemeId, pageCount) values (735, 1, 734, 1, 0, 'classic', '01', 0)
go
insert into LayoutSet (layoutSetId, companyId, groupId, privateLayout, logo, themeId, colorSchemeId, pageCount) values (736, 1, 734, 0, 0, 'classic', '01', 0)
go

insert into Users_Groups values (732, 18)
go

insert into Users_Orgs (userId, organizationId) values (732, 21)
go
insert into Users_Orgs (userId, organizationId) values (732, 59)
go

insert into Users_Roles values (732, 17)
go

insert into User_ (userId, companyId, createDate, modifiedDate, defaultUser, contactId, password_, passwordEncrypted, passwordReset, screenName, emailAddress, greeting, firstName, middleName, lastName, loginDate, failedLoginAttempts, agreedToTermsOfUse, active_) values (737, 1, getdate(), getdate(), 0, 738, 'test', 0, 0, 'nyc10', 'test.nyc.10@liferay.com', 'Welcome Test NYC 10!', 'Test', '', 'NYC 10', getdate(), 0, 1, 1)
go
insert into Contact_ (contactId, companyId, userId, userName, createDate, modifiedDate, accountId, parentContactId, firstName, middleName, lastName, male, birthday) values (738, 1, 2, 'Joe Bloggs', getdate(), getdate(), 7, 0, 'Test', '', 'NYC 10', 1, '19700101')
go

insert into Group_ (groupId, companyId, creatorUserId, classNameId, classPK, parentGroupId, liveGroupId, name, friendlyURL, active_) values (739, 1, 737, 12, 737, 0, 0, '739', '/nyc10', 1)
go
insert into LayoutSet (layoutSetId, companyId, groupId, privateLayout, logo, themeId, colorSchemeId, pageCount) values (740, 1, 739, 1, 0, 'classic', '01', 0)
go
insert into LayoutSet (layoutSetId, companyId, groupId, privateLayout, logo, themeId, colorSchemeId, pageCount) values (741, 1, 739, 0, 0, 'classic', '01', 0)
go

insert into Users_Groups values (737, 18)
go

insert into Users_Orgs (userId, organizationId) values (737, 21)
go
insert into Users_Orgs (userId, organizationId) values (737, 59)
go

insert into Users_Roles values (737, 17)
go

insert into User_ (userId, companyId, createDate, modifiedDate, defaultUser, contactId, password_, passwordEncrypted, passwordReset, screenName, emailAddress, greeting, firstName, middleName, lastName, loginDate, failedLoginAttempts, agreedToTermsOfUse, active_) values (742, 1, getdate(), getdate(), 0, 743, 'test', 0, 0, 'gru1', 'test.gru.1@liferay.com', 'Welcome Test GRU 1!', 'Test', '', 'GRU 1', getdate(), 0, 1, 1)
go
insert into Contact_ (contactId, companyId, userId, userName, createDate, modifiedDate, accountId, parentContactId, firstName, middleName, lastName, male, birthday) values (743, 1, 2, 'Joe Bloggs', getdate(), getdate(), 7, 0, 'Test', '', 'GRU 1', 1, '19700101')
go

insert into Group_ (groupId, companyId, creatorUserId, classNameId, classPK, parentGroupId, liveGroupId, name, friendlyURL, active_) values (744, 1, 742, 12, 742, 0, 0, '744', '/gru1', 1)
go
insert into LayoutSet (layoutSetId, companyId, groupId, privateLayout, logo, themeId, colorSchemeId, pageCount) values (745, 1, 744, 1, 0, 'classic', '01', 0)
go
insert into LayoutSet (layoutSetId, companyId, groupId, privateLayout, logo, themeId, colorSchemeId, pageCount) values (746, 1, 744, 0, 0, 'classic', '01', 0)
go

insert into Users_Groups values (742, 18)
go

insert into Users_Orgs (userId, organizationId) values (742, 21)
go
insert into Users_Orgs (userId, organizationId) values (742, 63)
go

insert into Users_Roles values (742, 17)
go

insert into User_ (userId, companyId, createDate, modifiedDate, defaultUser, contactId, password_, passwordEncrypted, passwordReset, screenName, emailAddress, greeting, firstName, middleName, lastName, loginDate, failedLoginAttempts, agreedToTermsOfUse, active_) values (747, 1, getdate(), getdate(), 0, 748, 'test', 0, 0, 'gru2', 'test.gru.2@liferay.com', 'Welcome Test GRU 2!', 'Test', '', 'GRU 2', getdate(), 0, 1, 1)
go
insert into Contact_ (contactId, companyId, userId, userName, createDate, modifiedDate, accountId, parentContactId, firstName, middleName, lastName, male, birthday) values (748, 1, 2, 'Joe Bloggs', getdate(), getdate(), 7, 0, 'Test', '', 'GRU 2', 1, '19700101')
go

insert into Group_ (groupId, companyId, creatorUserId, classNameId, classPK, parentGroupId, liveGroupId, name, friendlyURL, active_) values (749, 1, 747, 12, 747, 0, 0, '749', '/gru2', 1)
go
insert into LayoutSet (layoutSetId, companyId, groupId, privateLayout, logo, themeId, colorSchemeId, pageCount) values (750, 1, 749, 1, 0, 'classic', '01', 0)
go
insert into LayoutSet (layoutSetId, companyId, groupId, privateLayout, logo, themeId, colorSchemeId, pageCount) values (751, 1, 749, 0, 0, 'classic', '01', 0)
go

insert into Users_Groups values (747, 18)
go

insert into Users_Orgs (userId, organizationId) values (747, 21)
go
insert into Users_Orgs (userId, organizationId) values (747, 63)
go

insert into Users_Roles values (747, 17)
go

insert into User_ (userId, companyId, createDate, modifiedDate, defaultUser, contactId, password_, passwordEncrypted, passwordReset, screenName, emailAddress, greeting, firstName, middleName, lastName, loginDate, failedLoginAttempts, agreedToTermsOfUse, active_) values (752, 1, getdate(), getdate(), 0, 753, 'test', 0, 0, 'gru3', 'test.gru.3@liferay.com', 'Welcome Test GRU 3!', 'Test', '', 'GRU 3', getdate(), 0, 1, 1)
go
insert into Contact_ (contactId, companyId, userId, userName, createDate, modifiedDate, accountId, parentContactId, firstName, middleName, lastName, male, birthday) values (753, 1, 2, 'Joe Bloggs', getdate(), getdate(), 7, 0, 'Test', '', 'GRU 3', 1, '19700101')
go

insert into Group_ (groupId, companyId, creatorUserId, classNameId, classPK, parentGroupId, liveGroupId, name, friendlyURL, active_) values (754, 1, 752, 12, 752, 0, 0, '754', '/gru3', 1)
go
insert into LayoutSet (layoutSetId, companyId, groupId, privateLayout, logo, themeId, colorSchemeId, pageCount) values (755, 1, 754, 1, 0, 'classic', '01', 0)
go
insert into LayoutSet (layoutSetId, companyId, groupId, privateLayout, logo, themeId, colorSchemeId, pageCount) values (756, 1, 754, 0, 0, 'classic', '01', 0)
go

insert into Users_Groups values (752, 18)
go

insert into Users_Orgs (userId, organizationId) values (752, 21)
go
insert into Users_Orgs (userId, organizationId) values (752, 63)
go

insert into Users_Roles values (752, 17)
go

insert into User_ (userId, companyId, createDate, modifiedDate, defaultUser, contactId, password_, passwordEncrypted, passwordReset, screenName, emailAddress, greeting, firstName, middleName, lastName, loginDate, failedLoginAttempts, agreedToTermsOfUse, active_) values (757, 1, getdate(), getdate(), 0, 758, 'test', 0, 0, 'gru4', 'test.gru.4@liferay.com', 'Welcome Test GRU 4!', 'Test', '', 'GRU 4', getdate(), 0, 1, 1)
go
insert into Contact_ (contactId, companyId, userId, userName, createDate, modifiedDate, accountId, parentContactId, firstName, middleName, lastName, male, birthday) values (758, 1, 2, 'Joe Bloggs', getdate(), getdate(), 7, 0, 'Test', '', 'GRU 4', 1, '19700101')
go

insert into Group_ (groupId, companyId, creatorUserId, classNameId, classPK, parentGroupId, liveGroupId, name, friendlyURL, active_) values (759, 1, 757, 12, 757, 0, 0, '759', '/gru4', 1)
go
insert into LayoutSet (layoutSetId, companyId, groupId, privateLayout, logo, themeId, colorSchemeId, pageCount) values (760, 1, 759, 1, 0, 'classic', '01', 0)
go
insert into LayoutSet (layoutSetId, companyId, groupId, privateLayout, logo, themeId, colorSchemeId, pageCount) values (761, 1, 759, 0, 0, 'classic', '01', 0)
go

insert into Users_Groups values (757, 18)
go

insert into Users_Orgs (userId, organizationId) values (757, 21)
go
insert into Users_Orgs (userId, organizationId) values (757, 63)
go

insert into Users_Roles values (757, 17)
go

insert into User_ (userId, companyId, createDate, modifiedDate, defaultUser, contactId, password_, passwordEncrypted, passwordReset, screenName, emailAddress, greeting, firstName, middleName, lastName, loginDate, failedLoginAttempts, agreedToTermsOfUse, active_) values (762, 1, getdate(), getdate(), 0, 763, 'test', 0, 0, 'gru5', 'test.gru.5@liferay.com', 'Welcome Test GRU 5!', 'Test', '', 'GRU 5', getdate(), 0, 1, 1)
go
insert into Contact_ (contactId, companyId, userId, userName, createDate, modifiedDate, accountId, parentContactId, firstName, middleName, lastName, male, birthday) values (763, 1, 2, 'Joe Bloggs', getdate(), getdate(), 7, 0, 'Test', '', 'GRU 5', 1, '19700101')
go

insert into Group_ (groupId, companyId, creatorUserId, classNameId, classPK, parentGroupId, liveGroupId, name, friendlyURL, active_) values (764, 1, 762, 12, 762, 0, 0, '764', '/gru5', 1)
go
insert into LayoutSet (layoutSetId, companyId, groupId, privateLayout, logo, themeId, colorSchemeId, pageCount) values (765, 1, 764, 1, 0, 'classic', '01', 0)
go
insert into LayoutSet (layoutSetId, companyId, groupId, privateLayout, logo, themeId, colorSchemeId, pageCount) values (766, 1, 764, 0, 0, 'classic', '01', 0)
go

insert into Users_Groups values (762, 18)
go

insert into Users_Orgs (userId, organizationId) values (762, 21)
go
insert into Users_Orgs (userId, organizationId) values (762, 63)
go

insert into Users_Roles values (762, 17)
go

insert into User_ (userId, companyId, createDate, modifiedDate, defaultUser, contactId, password_, passwordEncrypted, passwordReset, screenName, emailAddress, greeting, firstName, middleName, lastName, loginDate, failedLoginAttempts, agreedToTermsOfUse, active_) values (767, 1, getdate(), getdate(), 0, 768, 'test', 0, 0, 'gru6', 'test.gru.6@liferay.com', 'Welcome Test GRU 6!', 'Test', '', 'GRU 6', getdate(), 0, 1, 1)
go
insert into Contact_ (contactId, companyId, userId, userName, createDate, modifiedDate, accountId, parentContactId, firstName, middleName, lastName, male, birthday) values (768, 1, 2, 'Joe Bloggs', getdate(), getdate(), 7, 0, 'Test', '', 'GRU 6', 1, '19700101')
go

insert into Group_ (groupId, companyId, creatorUserId, classNameId, classPK, parentGroupId, liveGroupId, name, friendlyURL, active_) values (769, 1, 767, 12, 767, 0, 0, '769', '/gru6', 1)
go
insert into LayoutSet (layoutSetId, companyId, groupId, privateLayout, logo, themeId, colorSchemeId, pageCount) values (770, 1, 769, 1, 0, 'classic', '01', 0)
go
insert into LayoutSet (layoutSetId, companyId, groupId, privateLayout, logo, themeId, colorSchemeId, pageCount) values (771, 1, 769, 0, 0, 'classic', '01', 0)
go

insert into Users_Groups values (767, 18)
go

insert into Users_Orgs (userId, organizationId) values (767, 21)
go
insert into Users_Orgs (userId, organizationId) values (767, 63)
go

insert into Users_Roles values (767, 17)
go

insert into User_ (userId, companyId, createDate, modifiedDate, defaultUser, contactId, password_, passwordEncrypted, passwordReset, screenName, emailAddress, greeting, firstName, middleName, lastName, loginDate, failedLoginAttempts, agreedToTermsOfUse, active_) values (772, 1, getdate(), getdate(), 0, 773, 'test', 0, 0, 'gru7', 'test.gru.7@liferay.com', 'Welcome Test GRU 7!', 'Test', '', 'GRU 7', getdate(), 0, 1, 1)
go
insert into Contact_ (contactId, companyId, userId, userName, createDate, modifiedDate, accountId, parentContactId, firstName, middleName, lastName, male, birthday) values (773, 1, 2, 'Joe Bloggs', getdate(), getdate(), 7, 0, 'Test', '', 'GRU 7', 1, '19700101')
go

insert into Group_ (groupId, companyId, creatorUserId, classNameId, classPK, parentGroupId, liveGroupId, name, friendlyURL, active_) values (774, 1, 772, 12, 772, 0, 0, '774', '/gru7', 1)
go
insert into LayoutSet (layoutSetId, companyId, groupId, privateLayout, logo, themeId, colorSchemeId, pageCount) values (775, 1, 774, 1, 0, 'classic', '01', 0)
go
insert into LayoutSet (layoutSetId, companyId, groupId, privateLayout, logo, themeId, colorSchemeId, pageCount) values (776, 1, 774, 0, 0, 'classic', '01', 0)
go

insert into Users_Groups values (772, 18)
go

insert into Users_Orgs (userId, organizationId) values (772, 21)
go
insert into Users_Orgs (userId, organizationId) values (772, 63)
go

insert into Users_Roles values (772, 17)
go

insert into User_ (userId, companyId, createDate, modifiedDate, defaultUser, contactId, password_, passwordEncrypted, passwordReset, screenName, emailAddress, greeting, firstName, middleName, lastName, loginDate, failedLoginAttempts, agreedToTermsOfUse, active_) values (777, 1, getdate(), getdate(), 0, 778, 'test', 0, 0, 'gru8', 'test.gru.8@liferay.com', 'Welcome Test GRU 8!', 'Test', '', 'GRU 8', getdate(), 0, 1, 1)
go
insert into Contact_ (contactId, companyId, userId, userName, createDate, modifiedDate, accountId, parentContactId, firstName, middleName, lastName, male, birthday) values (778, 1, 2, 'Joe Bloggs', getdate(), getdate(), 7, 0, 'Test', '', 'GRU 8', 1, '19700101')
go

insert into Group_ (groupId, companyId, creatorUserId, classNameId, classPK, parentGroupId, liveGroupId, name, friendlyURL, active_) values (779, 1, 777, 12, 777, 0, 0, '779', '/gru8', 1)
go
insert into LayoutSet (layoutSetId, companyId, groupId, privateLayout, logo, themeId, colorSchemeId, pageCount) values (780, 1, 779, 1, 0, 'classic', '01', 0)
go
insert into LayoutSet (layoutSetId, companyId, groupId, privateLayout, logo, themeId, colorSchemeId, pageCount) values (781, 1, 779, 0, 0, 'classic', '01', 0)
go

insert into Users_Groups values (777, 18)
go

insert into Users_Orgs (userId, organizationId) values (777, 21)
go
insert into Users_Orgs (userId, organizationId) values (777, 63)
go

insert into Users_Roles values (777, 17)
go

insert into User_ (userId, companyId, createDate, modifiedDate, defaultUser, contactId, password_, passwordEncrypted, passwordReset, screenName, emailAddress, greeting, firstName, middleName, lastName, loginDate, failedLoginAttempts, agreedToTermsOfUse, active_) values (782, 1, getdate(), getdate(), 0, 783, 'test', 0, 0, 'gru9', 'test.gru.9@liferay.com', 'Welcome Test GRU 9!', 'Test', '', 'GRU 9', getdate(), 0, 1, 1)
go
insert into Contact_ (contactId, companyId, userId, userName, createDate, modifiedDate, accountId, parentContactId, firstName, middleName, lastName, male, birthday) values (783, 1, 2, 'Joe Bloggs', getdate(), getdate(), 7, 0, 'Test', '', 'GRU 9', 1, '19700101')
go

insert into Group_ (groupId, companyId, creatorUserId, classNameId, classPK, parentGroupId, liveGroupId, name, friendlyURL, active_) values (784, 1, 782, 12, 782, 0, 0, '784', '/gru9', 1)
go
insert into LayoutSet (layoutSetId, companyId, groupId, privateLayout, logo, themeId, colorSchemeId, pageCount) values (785, 1, 784, 1, 0, 'classic', '01', 0)
go
insert into LayoutSet (layoutSetId, companyId, groupId, privateLayout, logo, themeId, colorSchemeId, pageCount) values (786, 1, 784, 0, 0, 'classic', '01', 0)
go

insert into Users_Groups values (782, 18)
go

insert into Users_Orgs (userId, organizationId) values (782, 21)
go
insert into Users_Orgs (userId, organizationId) values (782, 63)
go

insert into Users_Roles values (782, 17)
go

insert into User_ (userId, companyId, createDate, modifiedDate, defaultUser, contactId, password_, passwordEncrypted, passwordReset, screenName, emailAddress, greeting, firstName, middleName, lastName, loginDate, failedLoginAttempts, agreedToTermsOfUse, active_) values (787, 1, getdate(), getdate(), 0, 788, 'test', 0, 0, 'gru10', 'test.gru.10@liferay.com', 'Welcome Test GRU 10!', 'Test', '', 'GRU 10', getdate(), 0, 1, 1)
go
insert into Contact_ (contactId, companyId, userId, userName, createDate, modifiedDate, accountId, parentContactId, firstName, middleName, lastName, male, birthday) values (788, 1, 2, 'Joe Bloggs', getdate(), getdate(), 7, 0, 'Test', '', 'GRU 10', 1, '19700101')
go

insert into Group_ (groupId, companyId, creatorUserId, classNameId, classPK, parentGroupId, liveGroupId, name, friendlyURL, active_) values (789, 1, 787, 12, 787, 0, 0, '789', '/gru10', 1)
go
insert into LayoutSet (layoutSetId, companyId, groupId, privateLayout, logo, themeId, colorSchemeId, pageCount) values (790, 1, 789, 1, 0, 'classic', '01', 0)
go
insert into LayoutSet (layoutSetId, companyId, groupId, privateLayout, logo, themeId, colorSchemeId, pageCount) values (791, 1, 789, 0, 0, 'classic', '01', 0)
go

insert into Users_Groups values (787, 18)
go

insert into Users_Orgs (userId, organizationId) values (787, 21)
go
insert into Users_Orgs (userId, organizationId) values (787, 63)
go

insert into Users_Roles values (787, 17)
go

insert into User_ (userId, companyId, createDate, modifiedDate, defaultUser, contactId, password_, passwordEncrypted, passwordReset, screenName, emailAddress, greeting, firstName, middleName, lastName, loginDate, failedLoginAttempts, agreedToTermsOfUse, active_) values (792, 1, getdate(), getdate(), 0, 793, 'test', 0, 0, 'fra1', 'test.fra.1@liferay.com', 'Welcome Test FRA 1!', 'Test', '', 'FRA 1', getdate(), 0, 1, 1)
go
insert into Contact_ (contactId, companyId, userId, userName, createDate, modifiedDate, accountId, parentContactId, firstName, middleName, lastName, male, birthday) values (793, 1, 2, 'Joe Bloggs', getdate(), getdate(), 7, 0, 'Test', '', 'FRA 1', 1, '19700101')
go

insert into Group_ (groupId, companyId, creatorUserId, classNameId, classPK, parentGroupId, liveGroupId, name, friendlyURL, active_) values (794, 1, 792, 12, 792, 0, 0, '794', '/fra1', 1)
go
insert into LayoutSet (layoutSetId, companyId, groupId, privateLayout, logo, themeId, colorSchemeId, pageCount) values (795, 1, 794, 1, 0, 'classic', '01', 0)
go
insert into LayoutSet (layoutSetId, companyId, groupId, privateLayout, logo, themeId, colorSchemeId, pageCount) values (796, 1, 794, 0, 0, 'classic', '01', 0)
go

insert into Users_Groups values (792, 18)
go

insert into Users_Orgs (userId, organizationId) values (792, 21)
go
insert into Users_Orgs (userId, organizationId) values (792, 67)
go

insert into Users_Roles values (792, 17)
go

insert into User_ (userId, companyId, createDate, modifiedDate, defaultUser, contactId, password_, passwordEncrypted, passwordReset, screenName, emailAddress, greeting, firstName, middleName, lastName, loginDate, failedLoginAttempts, agreedToTermsOfUse, active_) values (797, 1, getdate(), getdate(), 0, 798, 'test', 0, 0, 'fra2', 'test.fra.2@liferay.com', 'Welcome Test FRA 2!', 'Test', '', 'FRA 2', getdate(), 0, 1, 1)
go
insert into Contact_ (contactId, companyId, userId, userName, createDate, modifiedDate, accountId, parentContactId, firstName, middleName, lastName, male, birthday) values (798, 1, 2, 'Joe Bloggs', getdate(), getdate(), 7, 0, 'Test', '', 'FRA 2', 1, '19700101')
go

insert into Group_ (groupId, companyId, creatorUserId, classNameId, classPK, parentGroupId, liveGroupId, name, friendlyURL, active_) values (799, 1, 797, 12, 797, 0, 0, '799', '/fra2', 1)
go
insert into LayoutSet (layoutSetId, companyId, groupId, privateLayout, logo, themeId, colorSchemeId, pageCount) values (800, 1, 799, 1, 0, 'classic', '01', 0)
go
insert into LayoutSet (layoutSetId, companyId, groupId, privateLayout, logo, themeId, colorSchemeId, pageCount) values (801, 1, 799, 0, 0, 'classic', '01', 0)
go

insert into Users_Groups values (797, 18)
go

insert into Users_Orgs (userId, organizationId) values (797, 21)
go
insert into Users_Orgs (userId, organizationId) values (797, 67)
go

insert into Users_Roles values (797, 17)
go

insert into User_ (userId, companyId, createDate, modifiedDate, defaultUser, contactId, password_, passwordEncrypted, passwordReset, screenName, emailAddress, greeting, firstName, middleName, lastName, loginDate, failedLoginAttempts, agreedToTermsOfUse, active_) values (802, 1, getdate(), getdate(), 0, 803, 'test', 0, 0, 'fra3', 'test.fra.3@liferay.com', 'Welcome Test FRA 3!', 'Test', '', 'FRA 3', getdate(), 0, 1, 1)
go
insert into Contact_ (contactId, companyId, userId, userName, createDate, modifiedDate, accountId, parentContactId, firstName, middleName, lastName, male, birthday) values (803, 1, 2, 'Joe Bloggs', getdate(), getdate(), 7, 0, 'Test', '', 'FRA 3', 1, '19700101')
go

insert into Group_ (groupId, companyId, creatorUserId, classNameId, classPK, parentGroupId, liveGroupId, name, friendlyURL, active_) values (804, 1, 802, 12, 802, 0, 0, '804', '/fra3', 1)
go
insert into LayoutSet (layoutSetId, companyId, groupId, privateLayout, logo, themeId, colorSchemeId, pageCount) values (805, 1, 804, 1, 0, 'classic', '01', 0)
go
insert into LayoutSet (layoutSetId, companyId, groupId, privateLayout, logo, themeId, colorSchemeId, pageCount) values (806, 1, 804, 0, 0, 'classic', '01', 0)
go

insert into Users_Groups values (802, 18)
go

insert into Users_Orgs (userId, organizationId) values (802, 21)
go
insert into Users_Orgs (userId, organizationId) values (802, 67)
go

insert into Users_Roles values (802, 17)
go

insert into User_ (userId, companyId, createDate, modifiedDate, defaultUser, contactId, password_, passwordEncrypted, passwordReset, screenName, emailAddress, greeting, firstName, middleName, lastName, loginDate, failedLoginAttempts, agreedToTermsOfUse, active_) values (807, 1, getdate(), getdate(), 0, 808, 'test', 0, 0, 'fra4', 'test.fra.4@liferay.com', 'Welcome Test FRA 4!', 'Test', '', 'FRA 4', getdate(), 0, 1, 1)
go
insert into Contact_ (contactId, companyId, userId, userName, createDate, modifiedDate, accountId, parentContactId, firstName, middleName, lastName, male, birthday) values (808, 1, 2, 'Joe Bloggs', getdate(), getdate(), 7, 0, 'Test', '', 'FRA 4', 1, '19700101')
go

insert into Group_ (groupId, companyId, creatorUserId, classNameId, classPK, parentGroupId, liveGroupId, name, friendlyURL, active_) values (809, 1, 807, 12, 807, 0, 0, '809', '/fra4', 1)
go
insert into LayoutSet (layoutSetId, companyId, groupId, privateLayout, logo, themeId, colorSchemeId, pageCount) values (810, 1, 809, 1, 0, 'classic', '01', 0)
go
insert into LayoutSet (layoutSetId, companyId, groupId, privateLayout, logo, themeId, colorSchemeId, pageCount) values (811, 1, 809, 0, 0, 'classic', '01', 0)
go

insert into Users_Groups values (807, 18)
go

insert into Users_Orgs (userId, organizationId) values (807, 21)
go
insert into Users_Orgs (userId, organizationId) values (807, 67)
go

insert into Users_Roles values (807, 17)
go

insert into User_ (userId, companyId, createDate, modifiedDate, defaultUser, contactId, password_, passwordEncrypted, passwordReset, screenName, emailAddress, greeting, firstName, middleName, lastName, loginDate, failedLoginAttempts, agreedToTermsOfUse, active_) values (812, 1, getdate(), getdate(), 0, 813, 'test', 0, 0, 'fra5', 'test.fra.5@liferay.com', 'Welcome Test FRA 5!', 'Test', '', 'FRA 5', getdate(), 0, 1, 1)
go
insert into Contact_ (contactId, companyId, userId, userName, createDate, modifiedDate, accountId, parentContactId, firstName, middleName, lastName, male, birthday) values (813, 1, 2, 'Joe Bloggs', getdate(), getdate(), 7, 0, 'Test', '', 'FRA 5', 1, '19700101')
go

insert into Group_ (groupId, companyId, creatorUserId, classNameId, classPK, parentGroupId, liveGroupId, name, friendlyURL, active_) values (814, 1, 812, 12, 812, 0, 0, '814', '/fra5', 1)
go
insert into LayoutSet (layoutSetId, companyId, groupId, privateLayout, logo, themeId, colorSchemeId, pageCount) values (815, 1, 814, 1, 0, 'classic', '01', 0)
go
insert into LayoutSet (layoutSetId, companyId, groupId, privateLayout, logo, themeId, colorSchemeId, pageCount) values (816, 1, 814, 0, 0, 'classic', '01', 0)
go

insert into Users_Groups values (812, 18)
go

insert into Users_Orgs (userId, organizationId) values (812, 21)
go
insert into Users_Orgs (userId, organizationId) values (812, 67)
go

insert into Users_Roles values (812, 17)
go

insert into User_ (userId, companyId, createDate, modifiedDate, defaultUser, contactId, password_, passwordEncrypted, passwordReset, screenName, emailAddress, greeting, firstName, middleName, lastName, loginDate, failedLoginAttempts, agreedToTermsOfUse, active_) values (817, 1, getdate(), getdate(), 0, 818, 'test', 0, 0, 'fra6', 'test.fra.6@liferay.com', 'Welcome Test FRA 6!', 'Test', '', 'FRA 6', getdate(), 0, 1, 1)
go
insert into Contact_ (contactId, companyId, userId, userName, createDate, modifiedDate, accountId, parentContactId, firstName, middleName, lastName, male, birthday) values (818, 1, 2, 'Joe Bloggs', getdate(), getdate(), 7, 0, 'Test', '', 'FRA 6', 1, '19700101')
go

insert into Group_ (groupId, companyId, creatorUserId, classNameId, classPK, parentGroupId, liveGroupId, name, friendlyURL, active_) values (819, 1, 817, 12, 817, 0, 0, '819', '/fra6', 1)
go
insert into LayoutSet (layoutSetId, companyId, groupId, privateLayout, logo, themeId, colorSchemeId, pageCount) values (820, 1, 819, 1, 0, 'classic', '01', 0)
go
insert into LayoutSet (layoutSetId, companyId, groupId, privateLayout, logo, themeId, colorSchemeId, pageCount) values (821, 1, 819, 0, 0, 'classic', '01', 0)
go

insert into Users_Groups values (817, 18)
go

insert into Users_Orgs (userId, organizationId) values (817, 21)
go
insert into Users_Orgs (userId, organizationId) values (817, 67)
go

insert into Users_Roles values (817, 17)
go

insert into User_ (userId, companyId, createDate, modifiedDate, defaultUser, contactId, password_, passwordEncrypted, passwordReset, screenName, emailAddress, greeting, firstName, middleName, lastName, loginDate, failedLoginAttempts, agreedToTermsOfUse, active_) values (822, 1, getdate(), getdate(), 0, 823, 'test', 0, 0, 'fra7', 'test.fra.7@liferay.com', 'Welcome Test FRA 7!', 'Test', '', 'FRA 7', getdate(), 0, 1, 1)
go
insert into Contact_ (contactId, companyId, userId, userName, createDate, modifiedDate, accountId, parentContactId, firstName, middleName, lastName, male, birthday) values (823, 1, 2, 'Joe Bloggs', getdate(), getdate(), 7, 0, 'Test', '', 'FRA 7', 1, '19700101')
go

insert into Group_ (groupId, companyId, creatorUserId, classNameId, classPK, parentGroupId, liveGroupId, name, friendlyURL, active_) values (824, 1, 822, 12, 822, 0, 0, '824', '/fra7', 1)
go
insert into LayoutSet (layoutSetId, companyId, groupId, privateLayout, logo, themeId, colorSchemeId, pageCount) values (825, 1, 824, 1, 0, 'classic', '01', 0)
go
insert into LayoutSet (layoutSetId, companyId, groupId, privateLayout, logo, themeId, colorSchemeId, pageCount) values (826, 1, 824, 0, 0, 'classic', '01', 0)
go

insert into Users_Groups values (822, 18)
go

insert into Users_Orgs (userId, organizationId) values (822, 21)
go
insert into Users_Orgs (userId, organizationId) values (822, 67)
go

insert into Users_Roles values (822, 17)
go

insert into User_ (userId, companyId, createDate, modifiedDate, defaultUser, contactId, password_, passwordEncrypted, passwordReset, screenName, emailAddress, greeting, firstName, middleName, lastName, loginDate, failedLoginAttempts, agreedToTermsOfUse, active_) values (827, 1, getdate(), getdate(), 0, 828, 'test', 0, 0, 'fra8', 'test.fra.8@liferay.com', 'Welcome Test FRA 8!', 'Test', '', 'FRA 8', getdate(), 0, 1, 1)
go
insert into Contact_ (contactId, companyId, userId, userName, createDate, modifiedDate, accountId, parentContactId, firstName, middleName, lastName, male, birthday) values (828, 1, 2, 'Joe Bloggs', getdate(), getdate(), 7, 0, 'Test', '', 'FRA 8', 1, '19700101')
go

insert into Group_ (groupId, companyId, creatorUserId, classNameId, classPK, parentGroupId, liveGroupId, name, friendlyURL, active_) values (829, 1, 827, 12, 827, 0, 0, '829', '/fra8', 1)
go
insert into LayoutSet (layoutSetId, companyId, groupId, privateLayout, logo, themeId, colorSchemeId, pageCount) values (830, 1, 829, 1, 0, 'classic', '01', 0)
go
insert into LayoutSet (layoutSetId, companyId, groupId, privateLayout, logo, themeId, colorSchemeId, pageCount) values (831, 1, 829, 0, 0, 'classic', '01', 0)
go

insert into Users_Groups values (827, 18)
go

insert into Users_Orgs (userId, organizationId) values (827, 21)
go
insert into Users_Orgs (userId, organizationId) values (827, 67)
go

insert into Users_Roles values (827, 17)
go

insert into User_ (userId, companyId, createDate, modifiedDate, defaultUser, contactId, password_, passwordEncrypted, passwordReset, screenName, emailAddress, greeting, firstName, middleName, lastName, loginDate, failedLoginAttempts, agreedToTermsOfUse, active_) values (832, 1, getdate(), getdate(), 0, 833, 'test', 0, 0, 'fra9', 'test.fra.9@liferay.com', 'Welcome Test FRA 9!', 'Test', '', 'FRA 9', getdate(), 0, 1, 1)
go
insert into Contact_ (contactId, companyId, userId, userName, createDate, modifiedDate, accountId, parentContactId, firstName, middleName, lastName, male, birthday) values (833, 1, 2, 'Joe Bloggs', getdate(), getdate(), 7, 0, 'Test', '', 'FRA 9', 1, '19700101')
go

insert into Group_ (groupId, companyId, creatorUserId, classNameId, classPK, parentGroupId, liveGroupId, name, friendlyURL, active_) values (834, 1, 832, 12, 832, 0, 0, '834', '/fra9', 1)
go
insert into LayoutSet (layoutSetId, companyId, groupId, privateLayout, logo, themeId, colorSchemeId, pageCount) values (835, 1, 834, 1, 0, 'classic', '01', 0)
go
insert into LayoutSet (layoutSetId, companyId, groupId, privateLayout, logo, themeId, colorSchemeId, pageCount) values (836, 1, 834, 0, 0, 'classic', '01', 0)
go

insert into Users_Groups values (832, 18)
go

insert into Users_Orgs (userId, organizationId) values (832, 21)
go
insert into Users_Orgs (userId, organizationId) values (832, 67)
go

insert into Users_Roles values (832, 17)
go

insert into User_ (userId, companyId, createDate, modifiedDate, defaultUser, contactId, password_, passwordEncrypted, passwordReset, screenName, emailAddress, greeting, firstName, middleName, lastName, loginDate, failedLoginAttempts, agreedToTermsOfUse, active_) values (837, 1, getdate(), getdate(), 0, 838, 'test', 0, 0, 'fra10', 'test.fra.10@liferay.com', 'Welcome Test FRA 10!', 'Test', '', 'FRA 10', getdate(), 0, 1, 1)
go
insert into Contact_ (contactId, companyId, userId, userName, createDate, modifiedDate, accountId, parentContactId, firstName, middleName, lastName, male, birthday) values (838, 1, 2, 'Joe Bloggs', getdate(), getdate(), 7, 0, 'Test', '', 'FRA 10', 1, '19700101')
go

insert into Group_ (groupId, companyId, creatorUserId, classNameId, classPK, parentGroupId, liveGroupId, name, friendlyURL, active_) values (839, 1, 837, 12, 837, 0, 0, '839', '/fra10', 1)
go
insert into LayoutSet (layoutSetId, companyId, groupId, privateLayout, logo, themeId, colorSchemeId, pageCount) values (840, 1, 839, 1, 0, 'classic', '01', 0)
go
insert into LayoutSet (layoutSetId, companyId, groupId, privateLayout, logo, themeId, colorSchemeId, pageCount) values (841, 1, 839, 0, 0, 'classic', '01', 0)
go

insert into Users_Groups values (837, 18)
go

insert into Users_Orgs (userId, organizationId) values (837, 21)
go
insert into Users_Orgs (userId, organizationId) values (837, 67)
go

insert into Users_Roles values (837, 17)
go

insert into User_ (userId, companyId, createDate, modifiedDate, defaultUser, contactId, password_, passwordEncrypted, passwordReset, screenName, emailAddress, greeting, firstName, middleName, lastName, loginDate, failedLoginAttempts, agreedToTermsOfUse, active_) values (842, 1, getdate(), getdate(), 0, 843, 'test', 0, 0, 'mad1', 'test.mad.1@liferay.com', 'Welcome Test MAD 1!', 'Test', '', 'MAD 1', getdate(), 0, 1, 1)
go
insert into Contact_ (contactId, companyId, userId, userName, createDate, modifiedDate, accountId, parentContactId, firstName, middleName, lastName, male, birthday) values (843, 1, 2, 'Joe Bloggs', getdate(), getdate(), 7, 0, 'Test', '', 'MAD 1', 1, '19700101')
go

insert into Group_ (groupId, companyId, creatorUserId, classNameId, classPK, parentGroupId, liveGroupId, name, friendlyURL, active_) values (844, 1, 842, 12, 842, 0, 0, '844', '/mad1', 1)
go
insert into LayoutSet (layoutSetId, companyId, groupId, privateLayout, logo, themeId, colorSchemeId, pageCount) values (845, 1, 844, 1, 0, 'classic', '01', 0)
go
insert into LayoutSet (layoutSetId, companyId, groupId, privateLayout, logo, themeId, colorSchemeId, pageCount) values (846, 1, 844, 0, 0, 'classic', '01', 0)
go

insert into Users_Groups values (842, 18)
go

insert into Users_Orgs (userId, organizationId) values (842, 21)
go
insert into Users_Orgs (userId, organizationId) values (842, 71)
go

insert into Users_Roles values (842, 17)
go

insert into User_ (userId, companyId, createDate, modifiedDate, defaultUser, contactId, password_, passwordEncrypted, passwordReset, screenName, emailAddress, greeting, firstName, middleName, lastName, loginDate, failedLoginAttempts, agreedToTermsOfUse, active_) values (847, 1, getdate(), getdate(), 0, 848, 'test', 0, 0, 'mad2', 'test.mad.2@liferay.com', 'Welcome Test MAD 2!', 'Test', '', 'MAD 2', getdate(), 0, 1, 1)
go
insert into Contact_ (contactId, companyId, userId, userName, createDate, modifiedDate, accountId, parentContactId, firstName, middleName, lastName, male, birthday) values (848, 1, 2, 'Joe Bloggs', getdate(), getdate(), 7, 0, 'Test', '', 'MAD 2', 1, '19700101')
go

insert into Group_ (groupId, companyId, creatorUserId, classNameId, classPK, parentGroupId, liveGroupId, name, friendlyURL, active_) values (849, 1, 847, 12, 847, 0, 0, '849', '/mad2', 1)
go
insert into LayoutSet (layoutSetId, companyId, groupId, privateLayout, logo, themeId, colorSchemeId, pageCount) values (850, 1, 849, 1, 0, 'classic', '01', 0)
go
insert into LayoutSet (layoutSetId, companyId, groupId, privateLayout, logo, themeId, colorSchemeId, pageCount) values (851, 1, 849, 0, 0, 'classic', '01', 0)
go

insert into Users_Groups values (847, 18)
go

insert into Users_Orgs (userId, organizationId) values (847, 21)
go
insert into Users_Orgs (userId, organizationId) values (847, 71)
go

insert into Users_Roles values (847, 17)
go

insert into User_ (userId, companyId, createDate, modifiedDate, defaultUser, contactId, password_, passwordEncrypted, passwordReset, screenName, emailAddress, greeting, firstName, middleName, lastName, loginDate, failedLoginAttempts, agreedToTermsOfUse, active_) values (852, 1, getdate(), getdate(), 0, 853, 'test', 0, 0, 'mad3', 'test.mad.3@liferay.com', 'Welcome Test MAD 3!', 'Test', '', 'MAD 3', getdate(), 0, 1, 1)
go
insert into Contact_ (contactId, companyId, userId, userName, createDate, modifiedDate, accountId, parentContactId, firstName, middleName, lastName, male, birthday) values (853, 1, 2, 'Joe Bloggs', getdate(), getdate(), 7, 0, 'Test', '', 'MAD 3', 1, '19700101')
go

insert into Group_ (groupId, companyId, creatorUserId, classNameId, classPK, parentGroupId, liveGroupId, name, friendlyURL, active_) values (854, 1, 852, 12, 852, 0, 0, '854', '/mad3', 1)
go
insert into LayoutSet (layoutSetId, companyId, groupId, privateLayout, logo, themeId, colorSchemeId, pageCount) values (855, 1, 854, 1, 0, 'classic', '01', 0)
go
insert into LayoutSet (layoutSetId, companyId, groupId, privateLayout, logo, themeId, colorSchemeId, pageCount) values (856, 1, 854, 0, 0, 'classic', '01', 0)
go

insert into Users_Groups values (852, 18)
go

insert into Users_Orgs (userId, organizationId) values (852, 21)
go
insert into Users_Orgs (userId, organizationId) values (852, 71)
go

insert into Users_Roles values (852, 17)
go

insert into User_ (userId, companyId, createDate, modifiedDate, defaultUser, contactId, password_, passwordEncrypted, passwordReset, screenName, emailAddress, greeting, firstName, middleName, lastName, loginDate, failedLoginAttempts, agreedToTermsOfUse, active_) values (857, 1, getdate(), getdate(), 0, 858, 'test', 0, 0, 'mad4', 'test.mad.4@liferay.com', 'Welcome Test MAD 4!', 'Test', '', 'MAD 4', getdate(), 0, 1, 1)
go
insert into Contact_ (contactId, companyId, userId, userName, createDate, modifiedDate, accountId, parentContactId, firstName, middleName, lastName, male, birthday) values (858, 1, 2, 'Joe Bloggs', getdate(), getdate(), 7, 0, 'Test', '', 'MAD 4', 1, '19700101')
go

insert into Group_ (groupId, companyId, creatorUserId, classNameId, classPK, parentGroupId, liveGroupId, name, friendlyURL, active_) values (859, 1, 857, 12, 857, 0, 0, '859', '/mad4', 1)
go
insert into LayoutSet (layoutSetId, companyId, groupId, privateLayout, logo, themeId, colorSchemeId, pageCount) values (860, 1, 859, 1, 0, 'classic', '01', 0)
go
insert into LayoutSet (layoutSetId, companyId, groupId, privateLayout, logo, themeId, colorSchemeId, pageCount) values (861, 1, 859, 0, 0, 'classic', '01', 0)
go

insert into Users_Groups values (857, 18)
go

insert into Users_Orgs (userId, organizationId) values (857, 21)
go
insert into Users_Orgs (userId, organizationId) values (857, 71)
go

insert into Users_Roles values (857, 17)
go

insert into User_ (userId, companyId, createDate, modifiedDate, defaultUser, contactId, password_, passwordEncrypted, passwordReset, screenName, emailAddress, greeting, firstName, middleName, lastName, loginDate, failedLoginAttempts, agreedToTermsOfUse, active_) values (862, 1, getdate(), getdate(), 0, 863, 'test', 0, 0, 'mad5', 'test.mad.5@liferay.com', 'Welcome Test MAD 5!', 'Test', '', 'MAD 5', getdate(), 0, 1, 1)
go
insert into Contact_ (contactId, companyId, userId, userName, createDate, modifiedDate, accountId, parentContactId, firstName, middleName, lastName, male, birthday) values (863, 1, 2, 'Joe Bloggs', getdate(), getdate(), 7, 0, 'Test', '', 'MAD 5', 1, '19700101')
go

insert into Group_ (groupId, companyId, creatorUserId, classNameId, classPK, parentGroupId, liveGroupId, name, friendlyURL, active_) values (864, 1, 862, 12, 862, 0, 0, '864', '/mad5', 1)
go
insert into LayoutSet (layoutSetId, companyId, groupId, privateLayout, logo, themeId, colorSchemeId, pageCount) values (865, 1, 864, 1, 0, 'classic', '01', 0)
go
insert into LayoutSet (layoutSetId, companyId, groupId, privateLayout, logo, themeId, colorSchemeId, pageCount) values (866, 1, 864, 0, 0, 'classic', '01', 0)
go

insert into Users_Groups values (862, 18)
go

insert into Users_Orgs (userId, organizationId) values (862, 21)
go
insert into Users_Orgs (userId, organizationId) values (862, 71)
go

insert into Users_Roles values (862, 17)
go

insert into User_ (userId, companyId, createDate, modifiedDate, defaultUser, contactId, password_, passwordEncrypted, passwordReset, screenName, emailAddress, greeting, firstName, middleName, lastName, loginDate, failedLoginAttempts, agreedToTermsOfUse, active_) values (867, 1, getdate(), getdate(), 0, 868, 'test', 0, 0, 'mad6', 'test.mad.6@liferay.com', 'Welcome Test MAD 6!', 'Test', '', 'MAD 6', getdate(), 0, 1, 1)
go
insert into Contact_ (contactId, companyId, userId, userName, createDate, modifiedDate, accountId, parentContactId, firstName, middleName, lastName, male, birthday) values (868, 1, 2, 'Joe Bloggs', getdate(), getdate(), 7, 0, 'Test', '', 'MAD 6', 1, '19700101')
go

insert into Group_ (groupId, companyId, creatorUserId, classNameId, classPK, parentGroupId, liveGroupId, name, friendlyURL, active_) values (869, 1, 867, 12, 867, 0, 0, '869', '/mad6', 1)
go
insert into LayoutSet (layoutSetId, companyId, groupId, privateLayout, logo, themeId, colorSchemeId, pageCount) values (870, 1, 869, 1, 0, 'classic', '01', 0)
go
insert into LayoutSet (layoutSetId, companyId, groupId, privateLayout, logo, themeId, colorSchemeId, pageCount) values (871, 1, 869, 0, 0, 'classic', '01', 0)
go

insert into Users_Groups values (867, 18)
go

insert into Users_Orgs (userId, organizationId) values (867, 21)
go
insert into Users_Orgs (userId, organizationId) values (867, 71)
go

insert into Users_Roles values (867, 17)
go

insert into User_ (userId, companyId, createDate, modifiedDate, defaultUser, contactId, password_, passwordEncrypted, passwordReset, screenName, emailAddress, greeting, firstName, middleName, lastName, loginDate, failedLoginAttempts, agreedToTermsOfUse, active_) values (872, 1, getdate(), getdate(), 0, 873, 'test', 0, 0, 'mad7', 'test.mad.7@liferay.com', 'Welcome Test MAD 7!', 'Test', '', 'MAD 7', getdate(), 0, 1, 1)
go
insert into Contact_ (contactId, companyId, userId, userName, createDate, modifiedDate, accountId, parentContactId, firstName, middleName, lastName, male, birthday) values (873, 1, 2, 'Joe Bloggs', getdate(), getdate(), 7, 0, 'Test', '', 'MAD 7', 1, '19700101')
go

insert into Group_ (groupId, companyId, creatorUserId, classNameId, classPK, parentGroupId, liveGroupId, name, friendlyURL, active_) values (874, 1, 872, 12, 872, 0, 0, '874', '/mad7', 1)
go
insert into LayoutSet (layoutSetId, companyId, groupId, privateLayout, logo, themeId, colorSchemeId, pageCount) values (875, 1, 874, 1, 0, 'classic', '01', 0)
go
insert into LayoutSet (layoutSetId, companyId, groupId, privateLayout, logo, themeId, colorSchemeId, pageCount) values (876, 1, 874, 0, 0, 'classic', '01', 0)
go

insert into Users_Groups values (872, 18)
go

insert into Users_Orgs (userId, organizationId) values (872, 21)
go
insert into Users_Orgs (userId, organizationId) values (872, 71)
go

insert into Users_Roles values (872, 17)
go

insert into User_ (userId, companyId, createDate, modifiedDate, defaultUser, contactId, password_, passwordEncrypted, passwordReset, screenName, emailAddress, greeting, firstName, middleName, lastName, loginDate, failedLoginAttempts, agreedToTermsOfUse, active_) values (877, 1, getdate(), getdate(), 0, 878, 'test', 0, 0, 'mad8', 'test.mad.8@liferay.com', 'Welcome Test MAD 8!', 'Test', '', 'MAD 8', getdate(), 0, 1, 1)
go
insert into Contact_ (contactId, companyId, userId, userName, createDate, modifiedDate, accountId, parentContactId, firstName, middleName, lastName, male, birthday) values (878, 1, 2, 'Joe Bloggs', getdate(), getdate(), 7, 0, 'Test', '', 'MAD 8', 1, '19700101')
go

insert into Group_ (groupId, companyId, creatorUserId, classNameId, classPK, parentGroupId, liveGroupId, name, friendlyURL, active_) values (879, 1, 877, 12, 877, 0, 0, '879', '/mad8', 1)
go
insert into LayoutSet (layoutSetId, companyId, groupId, privateLayout, logo, themeId, colorSchemeId, pageCount) values (880, 1, 879, 1, 0, 'classic', '01', 0)
go
insert into LayoutSet (layoutSetId, companyId, groupId, privateLayout, logo, themeId, colorSchemeId, pageCount) values (881, 1, 879, 0, 0, 'classic', '01', 0)
go

insert into Users_Groups values (877, 18)
go

insert into Users_Orgs (userId, organizationId) values (877, 21)
go
insert into Users_Orgs (userId, organizationId) values (877, 71)
go

insert into Users_Roles values (877, 17)
go

insert into User_ (userId, companyId, createDate, modifiedDate, defaultUser, contactId, password_, passwordEncrypted, passwordReset, screenName, emailAddress, greeting, firstName, middleName, lastName, loginDate, failedLoginAttempts, agreedToTermsOfUse, active_) values (882, 1, getdate(), getdate(), 0, 883, 'test', 0, 0, 'mad9', 'test.mad.9@liferay.com', 'Welcome Test MAD 9!', 'Test', '', 'MAD 9', getdate(), 0, 1, 1)
go
insert into Contact_ (contactId, companyId, userId, userName, createDate, modifiedDate, accountId, parentContactId, firstName, middleName, lastName, male, birthday) values (883, 1, 2, 'Joe Bloggs', getdate(), getdate(), 7, 0, 'Test', '', 'MAD 9', 1, '19700101')
go

insert into Group_ (groupId, companyId, creatorUserId, classNameId, classPK, parentGroupId, liveGroupId, name, friendlyURL, active_) values (884, 1, 882, 12, 882, 0, 0, '884', '/mad9', 1)
go
insert into LayoutSet (layoutSetId, companyId, groupId, privateLayout, logo, themeId, colorSchemeId, pageCount) values (885, 1, 884, 1, 0, 'classic', '01', 0)
go
insert into LayoutSet (layoutSetId, companyId, groupId, privateLayout, logo, themeId, colorSchemeId, pageCount) values (886, 1, 884, 0, 0, 'classic', '01', 0)
go

insert into Users_Groups values (882, 18)
go

insert into Users_Orgs (userId, organizationId) values (882, 21)
go
insert into Users_Orgs (userId, organizationId) values (882, 71)
go

insert into Users_Roles values (882, 17)
go

insert into User_ (userId, companyId, createDate, modifiedDate, defaultUser, contactId, password_, passwordEncrypted, passwordReset, screenName, emailAddress, greeting, firstName, middleName, lastName, loginDate, failedLoginAttempts, agreedToTermsOfUse, active_) values (887, 1, getdate(), getdate(), 0, 888, 'test', 0, 0, 'mad10', 'test.mad.10@liferay.com', 'Welcome Test MAD 10!', 'Test', '', 'MAD 10', getdate(), 0, 1, 1)
go
insert into Contact_ (contactId, companyId, userId, userName, createDate, modifiedDate, accountId, parentContactId, firstName, middleName, lastName, male, birthday) values (888, 1, 2, 'Joe Bloggs', getdate(), getdate(), 7, 0, 'Test', '', 'MAD 10', 1, '19700101')
go

insert into Group_ (groupId, companyId, creatorUserId, classNameId, classPK, parentGroupId, liveGroupId, name, friendlyURL, active_) values (889, 1, 887, 12, 887, 0, 0, '889', '/mad10', 1)
go
insert into LayoutSet (layoutSetId, companyId, groupId, privateLayout, logo, themeId, colorSchemeId, pageCount) values (890, 1, 889, 1, 0, 'classic', '01', 0)
go
insert into LayoutSet (layoutSetId, companyId, groupId, privateLayout, logo, themeId, colorSchemeId, pageCount) values (891, 1, 889, 0, 0, 'classic', '01', 0)
go

insert into Users_Groups values (887, 18)
go

insert into Users_Orgs (userId, organizationId) values (887, 21)
go
insert into Users_Orgs (userId, organizationId) values (887, 71)
go

insert into Users_Roles values (887, 17)
go

insert into User_ (userId, companyId, createDate, modifiedDate, defaultUser, contactId, password_, passwordEncrypted, passwordReset, screenName, emailAddress, greeting, firstName, middleName, lastName, loginDate, failedLoginAttempts, agreedToTermsOfUse, active_) values (892, 1, getdate(), getdate(), 0, 893, 'test', 0, 0, 'dlc1', 'test.dlc.1@liferay.com', 'Welcome Test DLC 1!', 'Test', '', 'DLC 1', getdate(), 0, 1, 1)
go
insert into Contact_ (contactId, companyId, userId, userName, createDate, modifiedDate, accountId, parentContactId, firstName, middleName, lastName, male, birthday) values (893, 1, 2, 'Joe Bloggs', getdate(), getdate(), 7, 0, 'Test', '', 'DLC 1', 1, '19700101')
go

insert into Group_ (groupId, companyId, creatorUserId, classNameId, classPK, parentGroupId, liveGroupId, name, friendlyURL, active_) values (894, 1, 892, 12, 892, 0, 0, '894', '/dlc1', 1)
go
insert into LayoutSet (layoutSetId, companyId, groupId, privateLayout, logo, themeId, colorSchemeId, pageCount) values (895, 1, 894, 1, 0, 'classic', '01', 0)
go
insert into LayoutSet (layoutSetId, companyId, groupId, privateLayout, logo, themeId, colorSchemeId, pageCount) values (896, 1, 894, 0, 0, 'classic', '01', 0)
go

insert into Users_Groups values (892, 18)
go

insert into Users_Orgs (userId, organizationId) values (892, 21)
go
insert into Users_Orgs (userId, organizationId) values (892, 75)
go

insert into Users_Roles values (892, 17)
go

insert into User_ (userId, companyId, createDate, modifiedDate, defaultUser, contactId, password_, passwordEncrypted, passwordReset, screenName, emailAddress, greeting, firstName, middleName, lastName, loginDate, failedLoginAttempts, agreedToTermsOfUse, active_) values (897, 1, getdate(), getdate(), 0, 898, 'test', 0, 0, 'dlc2', 'test.dlc.2@liferay.com', 'Welcome Test DLC 2!', 'Test', '', 'DLC 2', getdate(), 0, 1, 1)
go
insert into Contact_ (contactId, companyId, userId, userName, createDate, modifiedDate, accountId, parentContactId, firstName, middleName, lastName, male, birthday) values (898, 1, 2, 'Joe Bloggs', getdate(), getdate(), 7, 0, 'Test', '', 'DLC 2', 1, '19700101')
go

insert into Group_ (groupId, companyId, creatorUserId, classNameId, classPK, parentGroupId, liveGroupId, name, friendlyURL, active_) values (899, 1, 897, 12, 897, 0, 0, '899', '/dlc2', 1)
go
insert into LayoutSet (layoutSetId, companyId, groupId, privateLayout, logo, themeId, colorSchemeId, pageCount) values (900, 1, 899, 1, 0, 'classic', '01', 0)
go
insert into LayoutSet (layoutSetId, companyId, groupId, privateLayout, logo, themeId, colorSchemeId, pageCount) values (901, 1, 899, 0, 0, 'classic', '01', 0)
go

insert into Users_Groups values (897, 18)
go

insert into Users_Orgs (userId, organizationId) values (897, 21)
go
insert into Users_Orgs (userId, organizationId) values (897, 75)
go

insert into Users_Roles values (897, 17)
go

insert into User_ (userId, companyId, createDate, modifiedDate, defaultUser, contactId, password_, passwordEncrypted, passwordReset, screenName, emailAddress, greeting, firstName, middleName, lastName, loginDate, failedLoginAttempts, agreedToTermsOfUse, active_) values (902, 1, getdate(), getdate(), 0, 903, 'test', 0, 0, 'dlc3', 'test.dlc.3@liferay.com', 'Welcome Test DLC 3!', 'Test', '', 'DLC 3', getdate(), 0, 1, 1)
go
insert into Contact_ (contactId, companyId, userId, userName, createDate, modifiedDate, accountId, parentContactId, firstName, middleName, lastName, male, birthday) values (903, 1, 2, 'Joe Bloggs', getdate(), getdate(), 7, 0, 'Test', '', 'DLC 3', 1, '19700101')
go

insert into Group_ (groupId, companyId, creatorUserId, classNameId, classPK, parentGroupId, liveGroupId, name, friendlyURL, active_) values (904, 1, 902, 12, 902, 0, 0, '904', '/dlc3', 1)
go
insert into LayoutSet (layoutSetId, companyId, groupId, privateLayout, logo, themeId, colorSchemeId, pageCount) values (905, 1, 904, 1, 0, 'classic', '01', 0)
go
insert into LayoutSet (layoutSetId, companyId, groupId, privateLayout, logo, themeId, colorSchemeId, pageCount) values (906, 1, 904, 0, 0, 'classic', '01', 0)
go

insert into Users_Groups values (902, 18)
go

insert into Users_Orgs (userId, organizationId) values (902, 21)
go
insert into Users_Orgs (userId, organizationId) values (902, 75)
go

insert into Users_Roles values (902, 17)
go

insert into User_ (userId, companyId, createDate, modifiedDate, defaultUser, contactId, password_, passwordEncrypted, passwordReset, screenName, emailAddress, greeting, firstName, middleName, lastName, loginDate, failedLoginAttempts, agreedToTermsOfUse, active_) values (907, 1, getdate(), getdate(), 0, 908, 'test', 0, 0, 'dlc4', 'test.dlc.4@liferay.com', 'Welcome Test DLC 4!', 'Test', '', 'DLC 4', getdate(), 0, 1, 1)
go
insert into Contact_ (contactId, companyId, userId, userName, createDate, modifiedDate, accountId, parentContactId, firstName, middleName, lastName, male, birthday) values (908, 1, 2, 'Joe Bloggs', getdate(), getdate(), 7, 0, 'Test', '', 'DLC 4', 1, '19700101')
go

insert into Group_ (groupId, companyId, creatorUserId, classNameId, classPK, parentGroupId, liveGroupId, name, friendlyURL, active_) values (909, 1, 907, 12, 907, 0, 0, '909', '/dlc4', 1)
go
insert into LayoutSet (layoutSetId, companyId, groupId, privateLayout, logo, themeId, colorSchemeId, pageCount) values (910, 1, 909, 1, 0, 'classic', '01', 0)
go
insert into LayoutSet (layoutSetId, companyId, groupId, privateLayout, logo, themeId, colorSchemeId, pageCount) values (911, 1, 909, 0, 0, 'classic', '01', 0)
go

insert into Users_Groups values (907, 18)
go

insert into Users_Orgs (userId, organizationId) values (907, 21)
go
insert into Users_Orgs (userId, organizationId) values (907, 75)
go

insert into Users_Roles values (907, 17)
go

insert into User_ (userId, companyId, createDate, modifiedDate, defaultUser, contactId, password_, passwordEncrypted, passwordReset, screenName, emailAddress, greeting, firstName, middleName, lastName, loginDate, failedLoginAttempts, agreedToTermsOfUse, active_) values (912, 1, getdate(), getdate(), 0, 913, 'test', 0, 0, 'dlc5', 'test.dlc.5@liferay.com', 'Welcome Test DLC 5!', 'Test', '', 'DLC 5', getdate(), 0, 1, 1)
go
insert into Contact_ (contactId, companyId, userId, userName, createDate, modifiedDate, accountId, parentContactId, firstName, middleName, lastName, male, birthday) values (913, 1, 2, 'Joe Bloggs', getdate(), getdate(), 7, 0, 'Test', '', 'DLC 5', 1, '19700101')
go

insert into Group_ (groupId, companyId, creatorUserId, classNameId, classPK, parentGroupId, liveGroupId, name, friendlyURL, active_) values (914, 1, 912, 12, 912, 0, 0, '914', '/dlc5', 1)
go
insert into LayoutSet (layoutSetId, companyId, groupId, privateLayout, logo, themeId, colorSchemeId, pageCount) values (915, 1, 914, 1, 0, 'classic', '01', 0)
go
insert into LayoutSet (layoutSetId, companyId, groupId, privateLayout, logo, themeId, colorSchemeId, pageCount) values (916, 1, 914, 0, 0, 'classic', '01', 0)
go

insert into Users_Groups values (912, 18)
go

insert into Users_Orgs (userId, organizationId) values (912, 21)
go
insert into Users_Orgs (userId, organizationId) values (912, 75)
go

insert into Users_Roles values (912, 17)
go

insert into User_ (userId, companyId, createDate, modifiedDate, defaultUser, contactId, password_, passwordEncrypted, passwordReset, screenName, emailAddress, greeting, firstName, middleName, lastName, loginDate, failedLoginAttempts, agreedToTermsOfUse, active_) values (917, 1, getdate(), getdate(), 0, 918, 'test', 0, 0, 'dlc6', 'test.dlc.6@liferay.com', 'Welcome Test DLC 6!', 'Test', '', 'DLC 6', getdate(), 0, 1, 1)
go
insert into Contact_ (contactId, companyId, userId, userName, createDate, modifiedDate, accountId, parentContactId, firstName, middleName, lastName, male, birthday) values (918, 1, 2, 'Joe Bloggs', getdate(), getdate(), 7, 0, 'Test', '', 'DLC 6', 1, '19700101')
go

insert into Group_ (groupId, companyId, creatorUserId, classNameId, classPK, parentGroupId, liveGroupId, name, friendlyURL, active_) values (919, 1, 917, 12, 917, 0, 0, '919', '/dlc6', 1)
go
insert into LayoutSet (layoutSetId, companyId, groupId, privateLayout, logo, themeId, colorSchemeId, pageCount) values (920, 1, 919, 1, 0, 'classic', '01', 0)
go
insert into LayoutSet (layoutSetId, companyId, groupId, privateLayout, logo, themeId, colorSchemeId, pageCount) values (921, 1, 919, 0, 0, 'classic', '01', 0)
go

insert into Users_Groups values (917, 18)
go

insert into Users_Orgs (userId, organizationId) values (917, 21)
go
insert into Users_Orgs (userId, organizationId) values (917, 75)
go

insert into Users_Roles values (917, 17)
go

insert into User_ (userId, companyId, createDate, modifiedDate, defaultUser, contactId, password_, passwordEncrypted, passwordReset, screenName, emailAddress, greeting, firstName, middleName, lastName, loginDate, failedLoginAttempts, agreedToTermsOfUse, active_) values (922, 1, getdate(), getdate(), 0, 923, 'test', 0, 0, 'dlc7', 'test.dlc.7@liferay.com', 'Welcome Test DLC 7!', 'Test', '', 'DLC 7', getdate(), 0, 1, 1)
go
insert into Contact_ (contactId, companyId, userId, userName, createDate, modifiedDate, accountId, parentContactId, firstName, middleName, lastName, male, birthday) values (923, 1, 2, 'Joe Bloggs', getdate(), getdate(), 7, 0, 'Test', '', 'DLC 7', 1, '19700101')
go

insert into Group_ (groupId, companyId, creatorUserId, classNameId, classPK, parentGroupId, liveGroupId, name, friendlyURL, active_) values (924, 1, 922, 12, 922, 0, 0, '924', '/dlc7', 1)
go
insert into LayoutSet (layoutSetId, companyId, groupId, privateLayout, logo, themeId, colorSchemeId, pageCount) values (925, 1, 924, 1, 0, 'classic', '01', 0)
go
insert into LayoutSet (layoutSetId, companyId, groupId, privateLayout, logo, themeId, colorSchemeId, pageCount) values (926, 1, 924, 0, 0, 'classic', '01', 0)
go

insert into Users_Groups values (922, 18)
go

insert into Users_Orgs (userId, organizationId) values (922, 21)
go
insert into Users_Orgs (userId, organizationId) values (922, 75)
go

insert into Users_Roles values (922, 17)
go

insert into User_ (userId, companyId, createDate, modifiedDate, defaultUser, contactId, password_, passwordEncrypted, passwordReset, screenName, emailAddress, greeting, firstName, middleName, lastName, loginDate, failedLoginAttempts, agreedToTermsOfUse, active_) values (927, 1, getdate(), getdate(), 0, 928, 'test', 0, 0, 'dlc8', 'test.dlc.8@liferay.com', 'Welcome Test DLC 8!', 'Test', '', 'DLC 8', getdate(), 0, 1, 1)
go
insert into Contact_ (contactId, companyId, userId, userName, createDate, modifiedDate, accountId, parentContactId, firstName, middleName, lastName, male, birthday) values (928, 1, 2, 'Joe Bloggs', getdate(), getdate(), 7, 0, 'Test', '', 'DLC 8', 1, '19700101')
go

insert into Group_ (groupId, companyId, creatorUserId, classNameId, classPK, parentGroupId, liveGroupId, name, friendlyURL, active_) values (929, 1, 927, 12, 927, 0, 0, '929', '/dlc8', 1)
go
insert into LayoutSet (layoutSetId, companyId, groupId, privateLayout, logo, themeId, colorSchemeId, pageCount) values (930, 1, 929, 1, 0, 'classic', '01', 0)
go
insert into LayoutSet (layoutSetId, companyId, groupId, privateLayout, logo, themeId, colorSchemeId, pageCount) values (931, 1, 929, 0, 0, 'classic', '01', 0)
go

insert into Users_Groups values (927, 18)
go

insert into Users_Orgs (userId, organizationId) values (927, 21)
go
insert into Users_Orgs (userId, organizationId) values (927, 75)
go

insert into Users_Roles values (927, 17)
go

insert into User_ (userId, companyId, createDate, modifiedDate, defaultUser, contactId, password_, passwordEncrypted, passwordReset, screenName, emailAddress, greeting, firstName, middleName, lastName, loginDate, failedLoginAttempts, agreedToTermsOfUse, active_) values (932, 1, getdate(), getdate(), 0, 933, 'test', 0, 0, 'dlc9', 'test.dlc.9@liferay.com', 'Welcome Test DLC 9!', 'Test', '', 'DLC 9', getdate(), 0, 1, 1)
go
insert into Contact_ (contactId, companyId, userId, userName, createDate, modifiedDate, accountId, parentContactId, firstName, middleName, lastName, male, birthday) values (933, 1, 2, 'Joe Bloggs', getdate(), getdate(), 7, 0, 'Test', '', 'DLC 9', 1, '19700101')
go

insert into Group_ (groupId, companyId, creatorUserId, classNameId, classPK, parentGroupId, liveGroupId, name, friendlyURL, active_) values (934, 1, 932, 12, 932, 0, 0, '934', '/dlc9', 1)
go
insert into LayoutSet (layoutSetId, companyId, groupId, privateLayout, logo, themeId, colorSchemeId, pageCount) values (935, 1, 934, 1, 0, 'classic', '01', 0)
go
insert into LayoutSet (layoutSetId, companyId, groupId, privateLayout, logo, themeId, colorSchemeId, pageCount) values (936, 1, 934, 0, 0, 'classic', '01', 0)
go

insert into Users_Groups values (932, 18)
go

insert into Users_Orgs (userId, organizationId) values (932, 21)
go
insert into Users_Orgs (userId, organizationId) values (932, 75)
go

insert into Users_Roles values (932, 17)
go

insert into User_ (userId, companyId, createDate, modifiedDate, defaultUser, contactId, password_, passwordEncrypted, passwordReset, screenName, emailAddress, greeting, firstName, middleName, lastName, loginDate, failedLoginAttempts, agreedToTermsOfUse, active_) values (937, 1, getdate(), getdate(), 0, 938, 'test', 0, 0, 'dlc10', 'test.dlc.10@liferay.com', 'Welcome Test DLC 10!', 'Test', '', 'DLC 10', getdate(), 0, 1, 1)
go
insert into Contact_ (contactId, companyId, userId, userName, createDate, modifiedDate, accountId, parentContactId, firstName, middleName, lastName, male, birthday) values (938, 1, 2, 'Joe Bloggs', getdate(), getdate(), 7, 0, 'Test', '', 'DLC 10', 1, '19700101')
go

insert into Group_ (groupId, companyId, creatorUserId, classNameId, classPK, parentGroupId, liveGroupId, name, friendlyURL, active_) values (939, 1, 937, 12, 937, 0, 0, '939', '/dlc10', 1)
go
insert into LayoutSet (layoutSetId, companyId, groupId, privateLayout, logo, themeId, colorSchemeId, pageCount) values (940, 1, 939, 1, 0, 'classic', '01', 0)
go
insert into LayoutSet (layoutSetId, companyId, groupId, privateLayout, logo, themeId, colorSchemeId, pageCount) values (941, 1, 939, 0, 0, 'classic', '01', 0)
go

insert into Users_Groups values (937, 18)
go

insert into Users_Orgs (userId, organizationId) values (937, 21)
go
insert into Users_Orgs (userId, organizationId) values (937, 75)
go

insert into Users_Roles values (937, 17)
go

insert into User_ (userId, companyId, createDate, modifiedDate, defaultUser, contactId, password_, passwordEncrypted, passwordReset, screenName, emailAddress, greeting, firstName, middleName, lastName, loginDate, failedLoginAttempts, agreedToTermsOfUse, active_) values (942, 1, getdate(), getdate(), 0, 943, 'test', 0, 0, 'hkg1', 'test.hkg.1@liferay.com', 'Welcome Test HKG 1!', 'Test', '', 'HKG 1', getdate(), 0, 1, 1)
go
insert into Contact_ (contactId, companyId, userId, userName, createDate, modifiedDate, accountId, parentContactId, firstName, middleName, lastName, male, birthday) values (943, 1, 2, 'Joe Bloggs', getdate(), getdate(), 7, 0, 'Test', '', 'HKG 1', 1, '19700101')
go

insert into Group_ (groupId, companyId, creatorUserId, classNameId, classPK, parentGroupId, liveGroupId, name, friendlyURL, active_) values (944, 1, 942, 12, 942, 0, 0, '944', '/hkg1', 1)
go
insert into LayoutSet (layoutSetId, companyId, groupId, privateLayout, logo, themeId, colorSchemeId, pageCount) values (945, 1, 944, 1, 0, 'classic', '01', 0)
go
insert into LayoutSet (layoutSetId, companyId, groupId, privateLayout, logo, themeId, colorSchemeId, pageCount) values (946, 1, 944, 0, 0, 'classic', '01', 0)
go

insert into Users_Groups values (942, 18)
go

insert into Users_Orgs (userId, organizationId) values (942, 21)
go
insert into Users_Orgs (userId, organizationId) values (942, 79)
go

insert into Users_Roles values (942, 17)
go

insert into User_ (userId, companyId, createDate, modifiedDate, defaultUser, contactId, password_, passwordEncrypted, passwordReset, screenName, emailAddress, greeting, firstName, middleName, lastName, loginDate, failedLoginAttempts, agreedToTermsOfUse, active_) values (947, 1, getdate(), getdate(), 0, 948, 'test', 0, 0, 'hkg2', 'test.hkg.2@liferay.com', 'Welcome Test HKG 2!', 'Test', '', 'HKG 2', getdate(), 0, 1, 1)
go
insert into Contact_ (contactId, companyId, userId, userName, createDate, modifiedDate, accountId, parentContactId, firstName, middleName, lastName, male, birthday) values (948, 1, 2, 'Joe Bloggs', getdate(), getdate(), 7, 0, 'Test', '', 'HKG 2', 1, '19700101')
go

insert into Group_ (groupId, companyId, creatorUserId, classNameId, classPK, parentGroupId, liveGroupId, name, friendlyURL, active_) values (949, 1, 947, 12, 947, 0, 0, '949', '/hkg2', 1)
go
insert into LayoutSet (layoutSetId, companyId, groupId, privateLayout, logo, themeId, colorSchemeId, pageCount) values (950, 1, 949, 1, 0, 'classic', '01', 0)
go
insert into LayoutSet (layoutSetId, companyId, groupId, privateLayout, logo, themeId, colorSchemeId, pageCount) values (951, 1, 949, 0, 0, 'classic', '01', 0)
go

insert into Users_Groups values (947, 18)
go

insert into Users_Orgs (userId, organizationId) values (947, 21)
go
insert into Users_Orgs (userId, organizationId) values (947, 79)
go

insert into Users_Roles values (947, 17)
go

insert into User_ (userId, companyId, createDate, modifiedDate, defaultUser, contactId, password_, passwordEncrypted, passwordReset, screenName, emailAddress, greeting, firstName, middleName, lastName, loginDate, failedLoginAttempts, agreedToTermsOfUse, active_) values (952, 1, getdate(), getdate(), 0, 953, 'test', 0, 0, 'hkg3', 'test.hkg.3@liferay.com', 'Welcome Test HKG 3!', 'Test', '', 'HKG 3', getdate(), 0, 1, 1)
go
insert into Contact_ (contactId, companyId, userId, userName, createDate, modifiedDate, accountId, parentContactId, firstName, middleName, lastName, male, birthday) values (953, 1, 2, 'Joe Bloggs', getdate(), getdate(), 7, 0, 'Test', '', 'HKG 3', 1, '19700101')
go

insert into Group_ (groupId, companyId, creatorUserId, classNameId, classPK, parentGroupId, liveGroupId, name, friendlyURL, active_) values (954, 1, 952, 12, 952, 0, 0, '954', '/hkg3', 1)
go
insert into LayoutSet (layoutSetId, companyId, groupId, privateLayout, logo, themeId, colorSchemeId, pageCount) values (955, 1, 954, 1, 0, 'classic', '01', 0)
go
insert into LayoutSet (layoutSetId, companyId, groupId, privateLayout, logo, themeId, colorSchemeId, pageCount) values (956, 1, 954, 0, 0, 'classic', '01', 0)
go

insert into Users_Groups values (952, 18)
go

insert into Users_Orgs (userId, organizationId) values (952, 21)
go
insert into Users_Orgs (userId, organizationId) values (952, 79)
go

insert into Users_Roles values (952, 17)
go

insert into User_ (userId, companyId, createDate, modifiedDate, defaultUser, contactId, password_, passwordEncrypted, passwordReset, screenName, emailAddress, greeting, firstName, middleName, lastName, loginDate, failedLoginAttempts, agreedToTermsOfUse, active_) values (957, 1, getdate(), getdate(), 0, 958, 'test', 0, 0, 'hkg4', 'test.hkg.4@liferay.com', 'Welcome Test HKG 4!', 'Test', '', 'HKG 4', getdate(), 0, 1, 1)
go
insert into Contact_ (contactId, companyId, userId, userName, createDate, modifiedDate, accountId, parentContactId, firstName, middleName, lastName, male, birthday) values (958, 1, 2, 'Joe Bloggs', getdate(), getdate(), 7, 0, 'Test', '', 'HKG 4', 1, '19700101')
go

insert into Group_ (groupId, companyId, creatorUserId, classNameId, classPK, parentGroupId, liveGroupId, name, friendlyURL, active_) values (959, 1, 957, 12, 957, 0, 0, '959', '/hkg4', 1)
go
insert into LayoutSet (layoutSetId, companyId, groupId, privateLayout, logo, themeId, colorSchemeId, pageCount) values (960, 1, 959, 1, 0, 'classic', '01', 0)
go
insert into LayoutSet (layoutSetId, companyId, groupId, privateLayout, logo, themeId, colorSchemeId, pageCount) values (961, 1, 959, 0, 0, 'classic', '01', 0)
go

insert into Users_Groups values (957, 18)
go

insert into Users_Orgs (userId, organizationId) values (957, 21)
go
insert into Users_Orgs (userId, organizationId) values (957, 79)
go

insert into Users_Roles values (957, 17)
go

insert into User_ (userId, companyId, createDate, modifiedDate, defaultUser, contactId, password_, passwordEncrypted, passwordReset, screenName, emailAddress, greeting, firstName, middleName, lastName, loginDate, failedLoginAttempts, agreedToTermsOfUse, active_) values (962, 1, getdate(), getdate(), 0, 963, 'test', 0, 0, 'hkg5', 'test.hkg.5@liferay.com', 'Welcome Test HKG 5!', 'Test', '', 'HKG 5', getdate(), 0, 1, 1)
go
insert into Contact_ (contactId, companyId, userId, userName, createDate, modifiedDate, accountId, parentContactId, firstName, middleName, lastName, male, birthday) values (963, 1, 2, 'Joe Bloggs', getdate(), getdate(), 7, 0, 'Test', '', 'HKG 5', 1, '19700101')
go

insert into Group_ (groupId, companyId, creatorUserId, classNameId, classPK, parentGroupId, liveGroupId, name, friendlyURL, active_) values (964, 1, 962, 12, 962, 0, 0, '964', '/hkg5', 1)
go
insert into LayoutSet (layoutSetId, companyId, groupId, privateLayout, logo, themeId, colorSchemeId, pageCount) values (965, 1, 964, 1, 0, 'classic', '01', 0)
go
insert into LayoutSet (layoutSetId, companyId, groupId, privateLayout, logo, themeId, colorSchemeId, pageCount) values (966, 1, 964, 0, 0, 'classic', '01', 0)
go

insert into Users_Groups values (962, 18)
go

insert into Users_Orgs (userId, organizationId) values (962, 21)
go
insert into Users_Orgs (userId, organizationId) values (962, 79)
go

insert into Users_Roles values (962, 17)
go

insert into User_ (userId, companyId, createDate, modifiedDate, defaultUser, contactId, password_, passwordEncrypted, passwordReset, screenName, emailAddress, greeting, firstName, middleName, lastName, loginDate, failedLoginAttempts, agreedToTermsOfUse, active_) values (967, 1, getdate(), getdate(), 0, 968, 'test', 0, 0, 'hkg6', 'test.hkg.6@liferay.com', 'Welcome Test HKG 6!', 'Test', '', 'HKG 6', getdate(), 0, 1, 1)
go
insert into Contact_ (contactId, companyId, userId, userName, createDate, modifiedDate, accountId, parentContactId, firstName, middleName, lastName, male, birthday) values (968, 1, 2, 'Joe Bloggs', getdate(), getdate(), 7, 0, 'Test', '', 'HKG 6', 1, '19700101')
go

insert into Group_ (groupId, companyId, creatorUserId, classNameId, classPK, parentGroupId, liveGroupId, name, friendlyURL, active_) values (969, 1, 967, 12, 967, 0, 0, '969', '/hkg6', 1)
go
insert into LayoutSet (layoutSetId, companyId, groupId, privateLayout, logo, themeId, colorSchemeId, pageCount) values (970, 1, 969, 1, 0, 'classic', '01', 0)
go
insert into LayoutSet (layoutSetId, companyId, groupId, privateLayout, logo, themeId, colorSchemeId, pageCount) values (971, 1, 969, 0, 0, 'classic', '01', 0)
go

insert into Users_Groups values (967, 18)
go

insert into Users_Orgs (userId, organizationId) values (967, 21)
go
insert into Users_Orgs (userId, organizationId) values (967, 79)
go

insert into Users_Roles values (967, 17)
go

insert into User_ (userId, companyId, createDate, modifiedDate, defaultUser, contactId, password_, passwordEncrypted, passwordReset, screenName, emailAddress, greeting, firstName, middleName, lastName, loginDate, failedLoginAttempts, agreedToTermsOfUse, active_) values (972, 1, getdate(), getdate(), 0, 973, 'test', 0, 0, 'hkg7', 'test.hkg.7@liferay.com', 'Welcome Test HKG 7!', 'Test', '', 'HKG 7', getdate(), 0, 1, 1)
go
insert into Contact_ (contactId, companyId, userId, userName, createDate, modifiedDate, accountId, parentContactId, firstName, middleName, lastName, male, birthday) values (973, 1, 2, 'Joe Bloggs', getdate(), getdate(), 7, 0, 'Test', '', 'HKG 7', 1, '19700101')
go

insert into Group_ (groupId, companyId, creatorUserId, classNameId, classPK, parentGroupId, liveGroupId, name, friendlyURL, active_) values (974, 1, 972, 12, 972, 0, 0, '974', '/hkg7', 1)
go
insert into LayoutSet (layoutSetId, companyId, groupId, privateLayout, logo, themeId, colorSchemeId, pageCount) values (975, 1, 974, 1, 0, 'classic', '01', 0)
go
insert into LayoutSet (layoutSetId, companyId, groupId, privateLayout, logo, themeId, colorSchemeId, pageCount) values (976, 1, 974, 0, 0, 'classic', '01', 0)
go

insert into Users_Groups values (972, 18)
go

insert into Users_Orgs (userId, organizationId) values (972, 21)
go
insert into Users_Orgs (userId, organizationId) values (972, 79)
go

insert into Users_Roles values (972, 17)
go

insert into User_ (userId, companyId, createDate, modifiedDate, defaultUser, contactId, password_, passwordEncrypted, passwordReset, screenName, emailAddress, greeting, firstName, middleName, lastName, loginDate, failedLoginAttempts, agreedToTermsOfUse, active_) values (977, 1, getdate(), getdate(), 0, 978, 'test', 0, 0, 'hkg8', 'test.hkg.8@liferay.com', 'Welcome Test HKG 8!', 'Test', '', 'HKG 8', getdate(), 0, 1, 1)
go
insert into Contact_ (contactId, companyId, userId, userName, createDate, modifiedDate, accountId, parentContactId, firstName, middleName, lastName, male, birthday) values (978, 1, 2, 'Joe Bloggs', getdate(), getdate(), 7, 0, 'Test', '', 'HKG 8', 1, '19700101')
go

insert into Group_ (groupId, companyId, creatorUserId, classNameId, classPK, parentGroupId, liveGroupId, name, friendlyURL, active_) values (979, 1, 977, 12, 977, 0, 0, '979', '/hkg8', 1)
go
insert into LayoutSet (layoutSetId, companyId, groupId, privateLayout, logo, themeId, colorSchemeId, pageCount) values (980, 1, 979, 1, 0, 'classic', '01', 0)
go
insert into LayoutSet (layoutSetId, companyId, groupId, privateLayout, logo, themeId, colorSchemeId, pageCount) values (981, 1, 979, 0, 0, 'classic', '01', 0)
go

insert into Users_Groups values (977, 18)
go

insert into Users_Orgs (userId, organizationId) values (977, 21)
go
insert into Users_Orgs (userId, organizationId) values (977, 79)
go

insert into Users_Roles values (977, 17)
go

insert into User_ (userId, companyId, createDate, modifiedDate, defaultUser, contactId, password_, passwordEncrypted, passwordReset, screenName, emailAddress, greeting, firstName, middleName, lastName, loginDate, failedLoginAttempts, agreedToTermsOfUse, active_) values (982, 1, getdate(), getdate(), 0, 983, 'test', 0, 0, 'hkg9', 'test.hkg.9@liferay.com', 'Welcome Test HKG 9!', 'Test', '', 'HKG 9', getdate(), 0, 1, 1)
go
insert into Contact_ (contactId, companyId, userId, userName, createDate, modifiedDate, accountId, parentContactId, firstName, middleName, lastName, male, birthday) values (983, 1, 2, 'Joe Bloggs', getdate(), getdate(), 7, 0, 'Test', '', 'HKG 9', 1, '19700101')
go

insert into Group_ (groupId, companyId, creatorUserId, classNameId, classPK, parentGroupId, liveGroupId, name, friendlyURL, active_) values (984, 1, 982, 12, 982, 0, 0, '984', '/hkg9', 1)
go
insert into LayoutSet (layoutSetId, companyId, groupId, privateLayout, logo, themeId, colorSchemeId, pageCount) values (985, 1, 984, 1, 0, 'classic', '01', 0)
go
insert into LayoutSet (layoutSetId, companyId, groupId, privateLayout, logo, themeId, colorSchemeId, pageCount) values (986, 1, 984, 0, 0, 'classic', '01', 0)
go

insert into Users_Groups values (982, 18)
go

insert into Users_Orgs (userId, organizationId) values (982, 21)
go
insert into Users_Orgs (userId, organizationId) values (982, 79)
go

insert into Users_Roles values (982, 17)
go

insert into User_ (userId, companyId, createDate, modifiedDate, defaultUser, contactId, password_, passwordEncrypted, passwordReset, screenName, emailAddress, greeting, firstName, middleName, lastName, loginDate, failedLoginAttempts, agreedToTermsOfUse, active_) values (987, 1, getdate(), getdate(), 0, 988, 'test', 0, 0, 'hkg10', 'test.hkg.10@liferay.com', 'Welcome Test HKG 10!', 'Test', '', 'HKG 10', getdate(), 0, 1, 1)
go
insert into Contact_ (contactId, companyId, userId, userName, createDate, modifiedDate, accountId, parentContactId, firstName, middleName, lastName, male, birthday) values (988, 1, 2, 'Joe Bloggs', getdate(), getdate(), 7, 0, 'Test', '', 'HKG 10', 1, '19700101')
go

insert into Group_ (groupId, companyId, creatorUserId, classNameId, classPK, parentGroupId, liveGroupId, name, friendlyURL, active_) values (989, 1, 987, 12, 987, 0, 0, '989', '/hkg10', 1)
go
insert into LayoutSet (layoutSetId, companyId, groupId, privateLayout, logo, themeId, colorSchemeId, pageCount) values (990, 1, 989, 1, 0, 'classic', '01', 0)
go
insert into LayoutSet (layoutSetId, companyId, groupId, privateLayout, logo, themeId, colorSchemeId, pageCount) values (991, 1, 989, 0, 0, 'classic', '01', 0)
go

insert into Users_Groups values (987, 18)
go

insert into Users_Orgs (userId, organizationId) values (987, 21)
go
insert into Users_Orgs (userId, organizationId) values (987, 79)
go

insert into Users_Roles values (987, 17)
go

insert into User_ (userId, companyId, createDate, modifiedDate, defaultUser, contactId, password_, passwordEncrypted, passwordReset, screenName, emailAddress, greeting, firstName, middleName, lastName, loginDate, failedLoginAttempts, agreedToTermsOfUse, active_) values (992, 1, getdate(), getdate(), 0, 993, 'test', 0, 0, 'kul1', 'test.kul.1@liferay.com', 'Welcome Test KUL 1!', 'Test', '', 'KUL 1', getdate(), 0, 1, 1)
go
insert into Contact_ (contactId, companyId, userId, userName, createDate, modifiedDate, accountId, parentContactId, firstName, middleName, lastName, male, birthday) values (993, 1, 2, 'Joe Bloggs', getdate(), getdate(), 7, 0, 'Test', '', 'KUL 1', 1, '19700101')
go

insert into Group_ (groupId, companyId, creatorUserId, classNameId, classPK, parentGroupId, liveGroupId, name, friendlyURL, active_) values (994, 1, 992, 12, 992, 0, 0, '994', '/kul1', 1)
go
insert into LayoutSet (layoutSetId, companyId, groupId, privateLayout, logo, themeId, colorSchemeId, pageCount) values (995, 1, 994, 1, 0, 'classic', '01', 0)
go
insert into LayoutSet (layoutSetId, companyId, groupId, privateLayout, logo, themeId, colorSchemeId, pageCount) values (996, 1, 994, 0, 0, 'classic', '01', 0)
go

insert into Users_Groups values (992, 18)
go

insert into Users_Orgs (userId, organizationId) values (992, 21)
go
insert into Users_Orgs (userId, organizationId) values (992, 83)
go

insert into Users_Roles values (992, 17)
go

insert into User_ (userId, companyId, createDate, modifiedDate, defaultUser, contactId, password_, passwordEncrypted, passwordReset, screenName, emailAddress, greeting, firstName, middleName, lastName, loginDate, failedLoginAttempts, agreedToTermsOfUse, active_) values (997, 1, getdate(), getdate(), 0, 998, 'test', 0, 0, 'kul2', 'test.kul.2@liferay.com', 'Welcome Test KUL 2!', 'Test', '', 'KUL 2', getdate(), 0, 1, 1)
go
insert into Contact_ (contactId, companyId, userId, userName, createDate, modifiedDate, accountId, parentContactId, firstName, middleName, lastName, male, birthday) values (998, 1, 2, 'Joe Bloggs', getdate(), getdate(), 7, 0, 'Test', '', 'KUL 2', 1, '19700101')
go

insert into Group_ (groupId, companyId, creatorUserId, classNameId, classPK, parentGroupId, liveGroupId, name, friendlyURL, active_) values (999, 1, 997, 12, 997, 0, 0, '999', '/kul2', 1)
go
insert into LayoutSet (layoutSetId, companyId, groupId, privateLayout, logo, themeId, colorSchemeId, pageCount) values (1000, 1, 999, 1, 0, 'classic', '01', 0)
go
insert into LayoutSet (layoutSetId, companyId, groupId, privateLayout, logo, themeId, colorSchemeId, pageCount) values (1001, 1, 999, 0, 0, 'classic', '01', 0)
go

insert into Users_Groups values (997, 18)
go

insert into Users_Orgs (userId, organizationId) values (997, 21)
go
insert into Users_Orgs (userId, organizationId) values (997, 83)
go

insert into Users_Roles values (997, 17)
go

insert into User_ (userId, companyId, createDate, modifiedDate, defaultUser, contactId, password_, passwordEncrypted, passwordReset, screenName, emailAddress, greeting, firstName, middleName, lastName, loginDate, failedLoginAttempts, agreedToTermsOfUse, active_) values (1002, 1, getdate(), getdate(), 0, 1003, 'test', 0, 0, 'kul3', 'test.kul.3@liferay.com', 'Welcome Test KUL 3!', 'Test', '', 'KUL 3', getdate(), 0, 1, 1)
go
insert into Contact_ (contactId, companyId, userId, userName, createDate, modifiedDate, accountId, parentContactId, firstName, middleName, lastName, male, birthday) values (1003, 1, 2, 'Joe Bloggs', getdate(), getdate(), 7, 0, 'Test', '', 'KUL 3', 1, '19700101')
go

insert into Group_ (groupId, companyId, creatorUserId, classNameId, classPK, parentGroupId, liveGroupId, name, friendlyURL, active_) values (1004, 1, 1002, 12, 1002, 0, 0, '1004', '/kul3', 1)
go
insert into LayoutSet (layoutSetId, companyId, groupId, privateLayout, logo, themeId, colorSchemeId, pageCount) values (1005, 1, 1004, 1, 0, 'classic', '01', 0)
go
insert into LayoutSet (layoutSetId, companyId, groupId, privateLayout, logo, themeId, colorSchemeId, pageCount) values (1006, 1, 1004, 0, 0, 'classic', '01', 0)
go

insert into Users_Groups values (1002, 18)
go

insert into Users_Orgs (userId, organizationId) values (1002, 21)
go
insert into Users_Orgs (userId, organizationId) values (1002, 83)
go

insert into Users_Roles values (1002, 17)
go

insert into User_ (userId, companyId, createDate, modifiedDate, defaultUser, contactId, password_, passwordEncrypted, passwordReset, screenName, emailAddress, greeting, firstName, middleName, lastName, loginDate, failedLoginAttempts, agreedToTermsOfUse, active_) values (1007, 1, getdate(), getdate(), 0, 1008, 'test', 0, 0, 'kul4', 'test.kul.4@liferay.com', 'Welcome Test KUL 4!', 'Test', '', 'KUL 4', getdate(), 0, 1, 1)
go
insert into Contact_ (contactId, companyId, userId, userName, createDate, modifiedDate, accountId, parentContactId, firstName, middleName, lastName, male, birthday) values (1008, 1, 2, 'Joe Bloggs', getdate(), getdate(), 7, 0, 'Test', '', 'KUL 4', 1, '19700101')
go

insert into Group_ (groupId, companyId, creatorUserId, classNameId, classPK, parentGroupId, liveGroupId, name, friendlyURL, active_) values (1009, 1, 1007, 12, 1007, 0, 0, '1009', '/kul4', 1)
go
insert into LayoutSet (layoutSetId, companyId, groupId, privateLayout, logo, themeId, colorSchemeId, pageCount) values (1010, 1, 1009, 1, 0, 'classic', '01', 0)
go
insert into LayoutSet (layoutSetId, companyId, groupId, privateLayout, logo, themeId, colorSchemeId, pageCount) values (1011, 1, 1009, 0, 0, 'classic', '01', 0)
go

insert into Users_Groups values (1007, 18)
go

insert into Users_Orgs (userId, organizationId) values (1007, 21)
go
insert into Users_Orgs (userId, organizationId) values (1007, 83)
go

insert into Users_Roles values (1007, 17)
go

insert into User_ (userId, companyId, createDate, modifiedDate, defaultUser, contactId, password_, passwordEncrypted, passwordReset, screenName, emailAddress, greeting, firstName, middleName, lastName, loginDate, failedLoginAttempts, agreedToTermsOfUse, active_) values (1012, 1, getdate(), getdate(), 0, 1013, 'test', 0, 0, 'kul5', 'test.kul.5@liferay.com', 'Welcome Test KUL 5!', 'Test', '', 'KUL 5', getdate(), 0, 1, 1)
go
insert into Contact_ (contactId, companyId, userId, userName, createDate, modifiedDate, accountId, parentContactId, firstName, middleName, lastName, male, birthday) values (1013, 1, 2, 'Joe Bloggs', getdate(), getdate(), 7, 0, 'Test', '', 'KUL 5', 1, '19700101')
go

insert into Group_ (groupId, companyId, creatorUserId, classNameId, classPK, parentGroupId, liveGroupId, name, friendlyURL, active_) values (1014, 1, 1012, 12, 1012, 0, 0, '1014', '/kul5', 1)
go
insert into LayoutSet (layoutSetId, companyId, groupId, privateLayout, logo, themeId, colorSchemeId, pageCount) values (1015, 1, 1014, 1, 0, 'classic', '01', 0)
go
insert into LayoutSet (layoutSetId, companyId, groupId, privateLayout, logo, themeId, colorSchemeId, pageCount) values (1016, 1, 1014, 0, 0, 'classic', '01', 0)
go

insert into Users_Groups values (1012, 18)
go

insert into Users_Orgs (userId, organizationId) values (1012, 21)
go
insert into Users_Orgs (userId, organizationId) values (1012, 83)
go

insert into Users_Roles values (1012, 17)
go

insert into User_ (userId, companyId, createDate, modifiedDate, defaultUser, contactId, password_, passwordEncrypted, passwordReset, screenName, emailAddress, greeting, firstName, middleName, lastName, loginDate, failedLoginAttempts, agreedToTermsOfUse, active_) values (1017, 1, getdate(), getdate(), 0, 1018, 'test', 0, 0, 'kul6', 'test.kul.6@liferay.com', 'Welcome Test KUL 6!', 'Test', '', 'KUL 6', getdate(), 0, 1, 1)
go
insert into Contact_ (contactId, companyId, userId, userName, createDate, modifiedDate, accountId, parentContactId, firstName, middleName, lastName, male, birthday) values (1018, 1, 2, 'Joe Bloggs', getdate(), getdate(), 7, 0, 'Test', '', 'KUL 6', 1, '19700101')
go

insert into Group_ (groupId, companyId, creatorUserId, classNameId, classPK, parentGroupId, liveGroupId, name, friendlyURL, active_) values (1019, 1, 1017, 12, 1017, 0, 0, '1019', '/kul6', 1)
go
insert into LayoutSet (layoutSetId, companyId, groupId, privateLayout, logo, themeId, colorSchemeId, pageCount) values (1020, 1, 1019, 1, 0, 'classic', '01', 0)
go
insert into LayoutSet (layoutSetId, companyId, groupId, privateLayout, logo, themeId, colorSchemeId, pageCount) values (1021, 1, 1019, 0, 0, 'classic', '01', 0)
go

insert into Users_Groups values (1017, 18)
go

insert into Users_Orgs (userId, organizationId) values (1017, 21)
go
insert into Users_Orgs (userId, organizationId) values (1017, 83)
go

insert into Users_Roles values (1017, 17)
go

insert into User_ (userId, companyId, createDate, modifiedDate, defaultUser, contactId, password_, passwordEncrypted, passwordReset, screenName, emailAddress, greeting, firstName, middleName, lastName, loginDate, failedLoginAttempts, agreedToTermsOfUse, active_) values (1022, 1, getdate(), getdate(), 0, 1023, 'test', 0, 0, 'kul7', 'test.kul.7@liferay.com', 'Welcome Test KUL 7!', 'Test', '', 'KUL 7', getdate(), 0, 1, 1)
go
insert into Contact_ (contactId, companyId, userId, userName, createDate, modifiedDate, accountId, parentContactId, firstName, middleName, lastName, male, birthday) values (1023, 1, 2, 'Joe Bloggs', getdate(), getdate(), 7, 0, 'Test', '', 'KUL 7', 1, '19700101')
go

insert into Group_ (groupId, companyId, creatorUserId, classNameId, classPK, parentGroupId, liveGroupId, name, friendlyURL, active_) values (1024, 1, 1022, 12, 1022, 0, 0, '1024', '/kul7', 1)
go
insert into LayoutSet (layoutSetId, companyId, groupId, privateLayout, logo, themeId, colorSchemeId, pageCount) values (1025, 1, 1024, 1, 0, 'classic', '01', 0)
go
insert into LayoutSet (layoutSetId, companyId, groupId, privateLayout, logo, themeId, colorSchemeId, pageCount) values (1026, 1, 1024, 0, 0, 'classic', '01', 0)
go

insert into Users_Groups values (1022, 18)
go

insert into Users_Orgs (userId, organizationId) values (1022, 21)
go
insert into Users_Orgs (userId, organizationId) values (1022, 83)
go

insert into Users_Roles values (1022, 17)
go

insert into User_ (userId, companyId, createDate, modifiedDate, defaultUser, contactId, password_, passwordEncrypted, passwordReset, screenName, emailAddress, greeting, firstName, middleName, lastName, loginDate, failedLoginAttempts, agreedToTermsOfUse, active_) values (1027, 1, getdate(), getdate(), 0, 1028, 'test', 0, 0, 'kul8', 'test.kul.8@liferay.com', 'Welcome Test KUL 8!', 'Test', '', 'KUL 8', getdate(), 0, 1, 1)
go
insert into Contact_ (contactId, companyId, userId, userName, createDate, modifiedDate, accountId, parentContactId, firstName, middleName, lastName, male, birthday) values (1028, 1, 2, 'Joe Bloggs', getdate(), getdate(), 7, 0, 'Test', '', 'KUL 8', 1, '19700101')
go

insert into Group_ (groupId, companyId, creatorUserId, classNameId, classPK, parentGroupId, liveGroupId, name, friendlyURL, active_) values (1029, 1, 1027, 12, 1027, 0, 0, '1029', '/kul8', 1)
go
insert into LayoutSet (layoutSetId, companyId, groupId, privateLayout, logo, themeId, colorSchemeId, pageCount) values (1030, 1, 1029, 1, 0, 'classic', '01', 0)
go
insert into LayoutSet (layoutSetId, companyId, groupId, privateLayout, logo, themeId, colorSchemeId, pageCount) values (1031, 1, 1029, 0, 0, 'classic', '01', 0)
go

insert into Users_Groups values (1027, 18)
go

insert into Users_Orgs (userId, organizationId) values (1027, 21)
go
insert into Users_Orgs (userId, organizationId) values (1027, 83)
go

insert into Users_Roles values (1027, 17)
go

insert into User_ (userId, companyId, createDate, modifiedDate, defaultUser, contactId, password_, passwordEncrypted, passwordReset, screenName, emailAddress, greeting, firstName, middleName, lastName, loginDate, failedLoginAttempts, agreedToTermsOfUse, active_) values (1032, 1, getdate(), getdate(), 0, 1033, 'test', 0, 0, 'kul9', 'test.kul.9@liferay.com', 'Welcome Test KUL 9!', 'Test', '', 'KUL 9', getdate(), 0, 1, 1)
go
insert into Contact_ (contactId, companyId, userId, userName, createDate, modifiedDate, accountId, parentContactId, firstName, middleName, lastName, male, birthday) values (1033, 1, 2, 'Joe Bloggs', getdate(), getdate(), 7, 0, 'Test', '', 'KUL 9', 1, '19700101')
go

insert into Group_ (groupId, companyId, creatorUserId, classNameId, classPK, parentGroupId, liveGroupId, name, friendlyURL, active_) values (1034, 1, 1032, 12, 1032, 0, 0, '1034', '/kul9', 1)
go
insert into LayoutSet (layoutSetId, companyId, groupId, privateLayout, logo, themeId, colorSchemeId, pageCount) values (1035, 1, 1034, 1, 0, 'classic', '01', 0)
go
insert into LayoutSet (layoutSetId, companyId, groupId, privateLayout, logo, themeId, colorSchemeId, pageCount) values (1036, 1, 1034, 0, 0, 'classic', '01', 0)
go

insert into Users_Groups values (1032, 18)
go

insert into Users_Orgs (userId, organizationId) values (1032, 21)
go
insert into Users_Orgs (userId, organizationId) values (1032, 83)
go

insert into Users_Roles values (1032, 17)
go

insert into User_ (userId, companyId, createDate, modifiedDate, defaultUser, contactId, password_, passwordEncrypted, passwordReset, screenName, emailAddress, greeting, firstName, middleName, lastName, loginDate, failedLoginAttempts, agreedToTermsOfUse, active_) values (1037, 1, getdate(), getdate(), 0, 1038, 'test', 0, 0, 'kul10', 'test.kul.10@liferay.com', 'Welcome Test KUL 10!', 'Test', '', 'KUL 10', getdate(), 0, 1, 1)
go
insert into Contact_ (contactId, companyId, userId, userName, createDate, modifiedDate, accountId, parentContactId, firstName, middleName, lastName, male, birthday) values (1038, 1, 2, 'Joe Bloggs', getdate(), getdate(), 7, 0, 'Test', '', 'KUL 10', 1, '19700101')
go

insert into Group_ (groupId, companyId, creatorUserId, classNameId, classPK, parentGroupId, liveGroupId, name, friendlyURL, active_) values (1039, 1, 1037, 12, 1037, 0, 0, '1039', '/kul10', 1)
go
insert into LayoutSet (layoutSetId, companyId, groupId, privateLayout, logo, themeId, colorSchemeId, pageCount) values (1040, 1, 1039, 1, 0, 'classic', '01', 0)
go
insert into LayoutSet (layoutSetId, companyId, groupId, privateLayout, logo, themeId, colorSchemeId, pageCount) values (1041, 1, 1039, 0, 0, 'classic', '01', 0)
go

insert into Users_Groups values (1037, 18)
go

insert into Users_Orgs (userId, organizationId) values (1037, 21)
go
insert into Users_Orgs (userId, organizationId) values (1037, 83)
go

insert into Users_Roles values (1037, 17)
go












insert into Release_ (releaseId, createDate, modifiedDate, buildNumber, verified) values (1, getdate(), getdate(), 5205, 0)
go


create table QUARTZ_JOB_DETAILS (
	JOB_NAME varchar(80) not null,
	JOB_GROUP varchar(80) not null,
	DESCRIPTION varchar(120) null,
	JOB_CLASS_NAME varchar(128) not null,
	IS_DURABLE int not null,
	IS_VOLATILE int not null,
	IS_STATEFUL int not null,
	REQUESTS_RECOVERY int not null,
	JOB_DATA image null,
	primary key (JOB_NAME, JOB_GROUP)
)
go

create table QUARTZ_JOB_LISTENERS (
	JOB_NAME varchar(80) not null,
	JOB_GROUP varchar(80) not null,
	JOB_LISTENER varchar(80) not null,
	primary key (JOB_NAME, JOB_GROUP, JOB_LISTENER)
)
go

create table QUARTZ_TRIGGERS (
	TRIGGER_NAME varchar(80) not null,
	TRIGGER_GROUP varchar(80) not null,
	JOB_NAME varchar(80) not null,
	JOB_GROUP varchar(80) not null,
	IS_VOLATILE int not null,
	DESCRIPTION varchar(120) null,
	NEXT_FIRE_TIME decimal(20,0) null,
	PREV_FIRE_TIME decimal(20,0) null,
	PRIORITY int null,
	TRIGGER_STATE varchar(16) not null,
	TRIGGER_TYPE varchar(8) not null,
	START_TIME decimal(20,0) not null,
	END_TIME decimal(20,0) null,
	CALENDAR_NAME varchar(80) null,
	MISFIRE_INSTR int null,
	JOB_DATA image null,
	primary key (TRIGGER_NAME, TRIGGER_GROUP)
)
go

create table QUARTZ_SIMPLE_TRIGGERS (
	TRIGGER_NAME varchar(80) not null,
	TRIGGER_GROUP varchar(80) not null,
	REPEAT_COUNT decimal(20,0) not null,
	REPEAT_INTERVAL decimal(20,0) not null,
	TIMES_TRIGGERED decimal(20,0) not null,
	primary key (TRIGGER_NAME, TRIGGER_GROUP)
)
go

create table QUARTZ_CRON_TRIGGERS (
	TRIGGER_NAME varchar(80) not null,
	TRIGGER_GROUP varchar(80) not null,
	CRON_EXPRESSION varchar(80) not null,
	TIME_ZONE_ID varchar(80),
	primary key (TRIGGER_NAME, TRIGGER_GROUP)
)
go

create table QUARTZ_BLOB_TRIGGERS (
	TRIGGER_NAME varchar(80) not null,
	TRIGGER_GROUP varchar(80) not null,
	BLOB_DATA image null,
	primary key (TRIGGER_NAME, TRIGGER_GROUP)
)
go

create table QUARTZ_TRIGGER_LISTENERS (
	TRIGGER_NAME varchar(80) not null,
	TRIGGER_GROUP varchar(80) not null,
	TRIGGER_LISTENER varchar(80) not null,
	primary key (TRIGGER_NAME, TRIGGER_GROUP, TRIGGER_LISTENER)
)
go

create table QUARTZ_CALENDARS (
	CALENDAR_NAME varchar(80) not null primary key,
	CALENDAR image not null
)
go

create table QUARTZ_PAUSED_TRIGGER_GRPS (
	TRIGGER_GROUP varchar(80) not null primary key
)
go

create table QUARTZ_FIRED_TRIGGERS (
	ENTRY_ID varchar(95) not null primary key,
	TRIGGER_NAME varchar(80) not null,
	TRIGGER_GROUP varchar(80) not null,
	IS_VOLATILE int not null,
	INSTANCE_NAME varchar(80) not null,
	FIRED_TIME decimal(20,0) not null,
	PRIORITY int not null,
	STATE varchar(16) not null,
	JOB_NAME varchar(80) null,
	JOB_GROUP varchar(80) null,
	IS_STATEFUL int null,
	REQUESTS_RECOVERY int null
)
go

create table QUARTZ_SCHEDULER_STATE (
	INSTANCE_NAME varchar(80) not null primary key,
	LAST_CHECKIN_TIME decimal(20,0) not null,
	CHECKIN_INTERVAL decimal(20,0) not null
)
go

create table QUARTZ_LOCKS (
	LOCK_NAME varchar(40) not null primary key
)
go

go

insert into QUARTZ_LOCKS values('TRIGGER_ACCESS')
go
insert into QUARTZ_LOCKS values('JOB_ACCESS')
go
insert into QUARTZ_LOCKS values('CALENDAR_ACCESS')
go
insert into QUARTZ_LOCKS values('STATE_ACCESS')
go
insert into QUARTZ_LOCKS values('MISFIRE_ACCESS')
go

create index IX_F7655CC3 on QUARTZ_TRIGGERS (NEXT_FIRE_TIME)
go
create index IX_9955EFB5 on QUARTZ_TRIGGERS (TRIGGER_STATE)
go
create index IX_8040C593 on QUARTZ_TRIGGERS (TRIGGER_STATE, NEXT_FIRE_TIME)
go
create index IX_804154AF on QUARTZ_FIRED_TRIGGERS (INSTANCE_NAME)
go
create index IX_BAB9A1F7 on QUARTZ_FIRED_TRIGGERS (JOB_GROUP)
go
create index IX_ADEE6A17 on QUARTZ_FIRED_TRIGGERS (JOB_NAME)
go
create index IX_64B194F2 on QUARTZ_FIRED_TRIGGERS (TRIGGER_GROUP)
go
create index IX_5FEABBC on QUARTZ_FIRED_TRIGGERS (TRIGGER_NAME)
go
create index IX_20D8706C on QUARTZ_FIRED_TRIGGERS (TRIGGER_NAME, TRIGGER_GROUP)
go



go
